country_code,country_name,year,assessment_date,ascor_climate_governance,ascor_n_areas_scored,ascor_n_indicators_appl,ascor_full_diagnostic,ascor_n_areas_diagnostic,ascor_area_ep_1,ascor_area_cp_1,ascor_area_cp_5,ascor_area_cp_6,ascor_area_cf_3,ascor_area_cp_2,ascor_area_cp_3,ascor_area_cp_4,ascor_area_cf_2
AGO,Angola,2024,23/08/2024,0.2733333333333333,5,15,0.39444444444444443,6,0.6666666666666666,0.0,0.2,0.0,0.5,,,,1.0
AGO,Angola,2025,18/08/2025,0.2733333333333333,5,15,0.39444444444444443,6,0.6666666666666666,0.0,0.2,0.0,0.5,,,,1.0
ARE,United Arab Emirates,2024,23/08/2024,0.11666666666666665,5,14,0.10925925925925925,9,0.0,0.0,0.25,0.3333333333333333,0.0,0.0,0.0,0.4,0.0
ARE,United Arab Emirates,2025,18/08/2025,0.3833333333333333,5,14,0.25740740740740736,9,0.3333333333333333,1.0,0.25,0.3333333333333333,0.0,0.0,0.0,0.4,0.0
ARG,Argentina,2024,23/08/2024,0.7866666666666666,5,16,0.6037037037037037,9,0.3333333333333333,1.0,0.6,1.0,1.0,0.5,0.0,0.0,1.0
ARG,Argentina,2025,18/08/2025,0.62,5,16,0.5388888888888889,9,0.0,1.0,0.6,1.0,0.5,0.5,0.0,0.25,1.0
AUS,Australia,2023,31/10/2023,0.7666666666666666,5,15,0.5708333333333333,8,0.3333333333333333,1.0,0.75,0.75,1.0,0.3333333333333333,0.0,0.4,
AUS,Australia,2024,23/08/2024,0.7666666666666666,5,15,0.5958333333333332,8,0.3333333333333333,1.0,0.75,0.75,1.0,0.3333333333333333,0.0,0.6,
AUS,Australia,2025,18/08/2025,0.7666666666666666,5,15,0.5958333333333332,8,0.3333333333333333,1.0,0.75,0.75,1.0,0.3333333333333333,0.0,0.6,
AUT,Austria,2024,23/08/2024,0.8,5,14,0.8083333333333333,8,0.5,1.0,1.0,1.0,0.5,1.0,0.6666666666666666,0.8,
AUT,Austria,2025,18/08/2025,0.8,5,14,0.8083333333333333,8,0.5,1.0,1.0,1.0,0.5,1.0,0.6666666666666666,0.8,
AZE,Azerbaijan,2024,23/08/2024,0.06666666666666667,5,14,0.037037037037037035,9,0.0,0.0,0.0,0.3333333333333333,0.0,0.0,0.0,0.0,0.0
AZE,Azerbaijan,2025,18/08/2025,0.18,5,14,0.12777777777777777,9,0.0,0.0,0.4,0.0,0.5,0.0,0.0,0.25,0.0
BEL,Belgium,2024,23/08/2024,0.6,5,14,0.5458333333333333,8,0.5,0.5,0.5,1.0,0.5,0.6666666666666666,0.5,0.2,
BEL,Belgium,2025,18/08/2025,0.6,5,14,0.5458333333333333,8,0.5,0.5,0.5,1.0,0.5,0.6666666666666666,0.5,0.2,
BGD,Bangladesh,2023,31/10/2023,0.4533333333333333,5,15,0.4611111111111111,6,0.3333333333333333,0.0,0.6,0.3333333333333333,1.0,,,,0.5
BGD,Bangladesh,2024,23/08/2024,0.4533333333333333,5,15,0.5444444444444444,6,0.3333333333333333,0.0,0.6,0.3333333333333333,1.0,,,,1.0
BGD,Bangladesh,2025,18/08/2025,0.4533333333333333,5,15,0.5444444444444444,6,0.3333333333333333,0.0,0.6,0.3333333333333333,1.0,,,,1.0
BGR,Bulgaria,2025,18/08/2025,0.6,5,14,0.5333333333333333,8,0.5,1.0,0.5,0.5,0.5,0.6666666666666666,0.0,0.6,
BHR,Bahrain,2024,23/08/2024,0.1,5,13,0.1,9,0.5,0.0,0.0,0.0,0.0,0.0,0.0,0.4,0.0
BHR,Bahrain,2025,18/08/2025,0.15,5,13,0.12777777777777777,9,0.5,0.0,0.25,0.0,0.0,0.0,0.0,0.4,0.0
BRA,Brazil,2023,31/10/2023,0.5866666666666667,5,15,0.38148148148148153,9,0.3333333333333333,0.5,0.6,1.0,0.5,0.0,0.0,0.5,0.0
BRA,Brazil,2024,23/08/2024,0.5599999999999999,5,15,0.36666666666666664,9,0.0,0.5,0.8,1.0,0.5,0.0,0.0,0.5,0.0
BRA,Brazil,2025,18/08/2025,0.5599999999999999,5,16,0.4222222222222222,9,0.0,0.5,0.8,1.0,0.5,0.5,0.0,0.5,0.0
BRB,Barbados,2023,31/10/2023,0.27999999999999997,5,14,0.17777777777777776,9,1.0,0.0,0.4,0.0,0.0,0.0,0.0,0.2,0.0
BRB,Barbados,2024,23/08/2024,0.27999999999999997,5,14,0.17777777777777776,9,1.0,0.0,0.4,0.0,0.0,0.0,0.0,0.2,0.0
BRB,Barbados,2025,18/08/2025,0.27999999999999997,5,14,0.17777777777777776,9,1.0,0.0,0.4,0.0,0.0,0.0,0.0,0.2,0.0
CAN,Canada,2023,31/10/2023,0.7666666666666666,5,15,0.75,8,0.3333333333333333,1.0,0.75,0.75,1.0,0.6666666666666666,0.5,1.0,
CAN,Canada,2024,23/08/2024,0.7666666666666666,5,15,0.75,8,0.3333333333333333,1.0,0.75,0.75,1.0,0.6666666666666666,0.5,1.0,
CAN,Canada,2025,18/08/2025,0.7666666666666666,5,15,0.6520833333333333,8,0.3333333333333333,1.0,0.75,0.75,1.0,0.3333333333333333,0.25,0.8,
CHE,Switzerland,2024,23/08/2024,0.5833333333333333,5,15,0.5479166666666666,8,0.6666666666666666,1.0,1.0,0.25,0.0,0.6666666666666666,0.0,0.8,
CHE,Switzerland,2025,18/08/2025,0.6333333333333333,5,15,0.6416666666666666,8,0.6666666666666666,1.0,1.0,0.5,0.0,0.6666666666666666,0.5,0.8,
CHL,Chile,2023,31/10/2023,0.8666666666666666,5,15,0.6074074074074074,9,0.3333333333333333,1.0,1.0,1.0,1.0,0.3333333333333333,0.0,0.8,0.0
CHL,Chile,2024,23/08/2024,0.8,5,15,0.6074074074074074,9,0.0,1.0,1.0,1.0,1.0,0.6666666666666666,0.0,0.8,0.0
CHL,Chile,2025,18/08/2025,0.8666666666666666,5,15,0.7185185185185186,9,0.3333333333333333,1.0,1.0,1.0,1.0,0.3333333333333333,0.0,0.8,1.0
CHN,China,2023,31/10/2023,0.42000000000000004,5,16,0.37222222222222223,9,0.0,1.0,0.6,0.0,0.5,0.5,0.0,0.25,0.5
CHN,China,2024,23/08/2024,0.45999999999999996,5,16,0.4222222222222222,9,0.0,1.0,0.8,0.0,0.5,0.5,0.0,0.5,0.5
CHN,China,2025,18/08/2025,0.45999999999999996,5,16,0.5055555555555555,9,0.0,1.0,0.8,0.0,0.5,1.0,0.0,0.25,1.0
COL,Colombia,2024,23/08/2024,0.6866666666666666,5,16,0.5481481481481482,9,0.3333333333333333,1.0,0.6,0.5,1.0,0.5,0.0,0.5,0.5
COL,Colombia,2025,18/08/2025,0.62,5,16,0.5111111111111111,9,0.0,1.0,0.6,0.5,1.0,0.5,0.0,0.5,0.5
CRI,Costa Rica,2024,23/08/2024,0.2533333333333333,5,15,0.22407407407407406,9,0.3333333333333333,0.0,0.6,0.3333333333333333,0.0,0.0,0.0,0.25,0.5
CRI,Costa Rica,2025,18/08/2025,0.4533333333333333,5,15,0.3907407407407407,9,0.3333333333333333,0.0,0.6,0.3333333333333333,1.0,0.0,0.0,0.25,1.0
CYP,Cyprus,2024,23/08/2024,0.55,5,14,0.5020833333333333,8,1.0,0.0,1.0,0.75,0.0,0.6666666666666666,0.0,0.6,
CYP,Cyprus,2025,18/08/2025,0.55,5,14,0.5020833333333333,8,1.0,0.0,1.0,0.75,0.0,0.6666666666666666,0.0,0.6,
CZE,Czechia,2024,23/08/2024,0.3,5,15,0.40208333333333335,8,0.0,0.0,1.0,0.5,0.0,0.6666666666666666,0.25,0.8,
CZE,Czechia,2025,18/08/2025,0.36666666666666664,5,15,0.41874999999999996,8,0.3333333333333333,0.0,1.0,0.5,0.0,0.6666666666666666,0.25,0.6,
DEU,Germany,2023,31/10/2023,0.7666666666666666,5,15,0.7666666666666666,8,0.3333333333333333,1.0,1.0,1.0,0.5,1.0,0.5,0.8,
DEU,Germany,2024,23/08/2024,0.7666666666666666,5,15,0.7666666666666666,8,0.3333333333333333,1.0,1.0,1.0,0.5,1.0,0.5,0.8,
DEU,Germany,2025,18/08/2025,0.7666666666666666,5,15,0.7416666666666667,8,0.3333333333333333,1.0,1.0,1.0,0.5,1.0,0.5,0.6,
DNK,Denmark,2024,23/08/2024,0.65,5,14,0.6729166666666666,8,0.5,1.0,0.5,0.75,0.5,0.6666666666666666,0.6666666666666666,0.8,
DNK,Denmark,2025,18/08/2025,0.65,5,14,0.7145833333333333,8,0.5,1.0,0.5,0.75,0.5,1.0,0.6666666666666666,0.8,
DOM,Dominican Republic,2024,23/08/2024,0.5066666666666666,5,14,0.42037037037037034,9,1.0,0.0,0.2,0.3333333333333333,1.0,0.0,0.0,0.25,1.0
DOM,Dominican Republic,2025,18/08/2025,0.4066666666666666,5,14,0.337037037037037,9,0.5,0.0,0.2,0.3333333333333333,1.0,0.0,0.0,0.0,1.0
ECU,Ecuador,2025,18/08/2025,0.5533333333333333,5,15,0.5018518518518519,9,0.3333333333333333,0.5,0.6,0.3333333333333333,1.0,0.0,0.0,0.75,1.0
EGY,Egypt,2023,31/10/2023,0.10666666666666666,5,15,0.25555555555555554,6,0.3333333333333333,0.0,0.2,0.0,0.0,,,,1.0
EGY,Egypt,2024,23/08/2024,0.10666666666666666,5,15,0.25555555555555554,6,0.3333333333333333,0.0,0.2,0.0,0.0,,,,1.0
EGY,Egypt,2025,18/08/2025,0.04,5,15,0.19999999999999998,6,0.0,0.0,0.2,0.0,0.0,,,,1.0
ESP,Spain,2024,23/08/2024,0.7666666666666666,5,15,0.75625,8,0.3333333333333333,0.5,1.0,1.0,1.0,0.6666666666666666,0.75,0.8,
ESP,Spain,2025,18/08/2025,0.7666666666666666,5,15,0.73125,8,0.3333333333333333,0.5,1.0,1.0,1.0,0.6666666666666666,0.75,0.6,
EST,Estonia,2024,23/08/2024,0.55,5,14,0.6104166666666666,8,1.0,0.0,1.0,0.25,0.5,1.0,0.3333333333333333,0.8,
EST,Estonia,2025,18/08/2025,0.55,5,14,0.6104166666666666,8,1.0,0.0,1.0,0.25,0.5,1.0,0.3333333333333333,0.8,
FIN,Finland,2024,23/08/2024,0.8,5,14,0.7875,8,1.0,1.0,0.75,0.75,0.5,1.0,0.5,0.8,
FIN,Finland,2025,18/08/2025,0.85,5,14,0.84375,8,1.0,1.0,1.0,0.75,0.5,1.0,0.5,1.0,
FRA,France,2023,31/10/2023,0.7666666666666666,5,15,0.75625,8,0.3333333333333333,1.0,1.0,0.5,1.0,0.6666666666666666,0.75,0.8,
FRA,France,2024,23/08/2024,0.7666666666666666,5,15,0.75625,8,0.3333333333333333,1.0,1.0,0.5,1.0,0.6666666666666666,0.75,0.8,
FRA,France,2025,18/08/2025,0.8166666666666667,5,15,0.8291666666666666,8,0.3333333333333333,1.0,1.0,0.75,1.0,1.0,0.75,0.8,
GBR,United Kingdom,2023,31/10/2023,0.7666666666666666,5,15,0.6375,8,0.3333333333333333,1.0,1.0,0.5,1.0,0.6666666666666666,0.0,0.6,
GBR,United Kingdom,2024,23/08/2024,0.8166666666666667,5,15,0.6270833333333332,8,0.3333333333333333,1.0,1.0,0.75,1.0,0.3333333333333333,0.0,0.6,
GBR,United Kingdom,2025,18/08/2025,0.7166666666666666,5,15,0.5812499999999999,8,0.3333333333333333,1.0,1.0,0.75,0.5,0.6666666666666666,0.0,0.4,
GHA,Ghana,2025,18/08/2025,0.3533333333333333,5,15,0.37777777777777777,6,0.3333333333333333,0.5,0.6,0.3333333333333333,0.0,,,,0.5
GRC,Greece,2025,18/08/2025,0.7,5,14,0.6270833333333333,8,0.5,1.0,0.25,0.75,1.0,0.6666666666666666,0.25,0.6,
HKG,Hong Kong,2024,23/08/2024,0.45,5,13,0.40555555555555556,9,1.0,0.0,0.75,0.0,0.5,0.0,1.0,0.4,0.0
HKG,Hong Kong,2025,18/08/2025,0.4,5,13,0.37777777777777777,9,0.5,0.0,1.0,0.0,0.5,0.0,1.0,0.4,0.0
HRV,Croatia,2025,18/08/2025,0.55,5,14,0.5020833333333333,8,0.5,1.0,0.5,0.75,0.0,0.6666666666666666,0.0,0.6,
HUN,Hungary,2024,23/08/2024,0.55,5,14,0.5020833333333333,8,0.5,0.5,0.75,0.5,0.5,0.6666666666666666,0.0,0.6,
HUN,Hungary,2025,18/08/2025,0.7,5,14,0.5958333333333333,8,1.0,0.5,0.75,0.75,0.5,0.6666666666666666,0.0,0.6,
IDN,Indonesia,2023,31/10/2023,0.42666666666666664,5,15,0.4388888888888889,6,0.0,0.0,0.8,0.3333333333333333,1.0,,,,0.5
IDN,Indonesia,2024,23/08/2024,0.41,5,16,0.47777777777777775,9,0.0,0.0,0.8,0.25,1.0,0.5,0.0,0.75,1.0
IDN,Indonesia,2025,18/08/2025,0.31,5,16,0.39444444444444443,9,0.0,0.0,0.8,0.25,0.5,0.5,0.0,0.5,1.0
IND,India,2023,31/10/2023,0.20666666666666664,5,15,0.1722222222222222,6,0.0,0.0,0.2,0.3333333333333333,0.5,,,,0.0
IND,India,2024,23/08/2024,0.20666666666666664,5,15,0.1722222222222222,6,0.0,0.0,0.2,0.3333333333333333,0.5,,,,0.0
IND,India,2025,18/08/2025,0.24666666666666667,5,15,0.20555555555555557,6,0.0,0.0,0.4,0.3333333333333333,0.5,,,,0.0
IRL,Ireland,2024,23/08/2024,0.8,5,14,0.7833333333333333,8,0.5,1.0,0.75,0.75,1.0,1.0,0.6666666666666666,0.6,
IRL,Ireland,2025,18/08/2025,0.85,5,14,0.8145833333333333,8,0.5,1.0,1.0,0.75,1.0,1.0,0.6666666666666666,0.6,
ISR,Israel,2024,23/08/2024,0.15,5,14,0.24259259259259258,9,0.0,0.0,0.25,0.0,0.5,0.3333333333333333,0.0,0.6,0.5
ISR,Israel,2025,18/08/2025,0.21666666666666665,5,15,0.3722222222222222,9,0.3333333333333333,0.0,0.5,0.25,0.0,0.6666666666666666,0.0,0.6,1.0
ITA,Italy,2023,31/10/2023,0.36666666666666664,5,15,0.4458333333333333,8,0.3333333333333333,0.0,0.5,0.5,0.5,0.6666666666666666,0.6666666666666666,0.4,
ITA,Italy,2024,23/08/2024,0.41666666666666663,5,15,0.5020833333333333,8,0.3333333333333333,0.0,0.75,0.5,0.5,0.6666666666666666,0.6666666666666666,0.6,
ITA,Italy,2025,18/08/2025,0.41666666666666663,5,15,0.5020833333333333,8,0.3333333333333333,0.0,0.75,0.5,0.5,0.6666666666666666,0.6666666666666666,0.6,
JAM,Jamaica,2025,18/08/2025,0.24666666666666667,5,15,0.2759259259259259,9,0.3333333333333333,0.0,0.4,0.0,0.5,0.0,1.0,0.25,0.0
JOR,Jordan,2025,18/08/2025,0.62,5,14,0.6833333333333332,6,1.0,1.0,0.6,0.0,0.5,,,,1.0
JPN,Japan,2023,31/10/2023,0.5666666666666667,5,15,0.5375,8,0.3333333333333333,1.0,1.0,0.0,0.5,0.6666666666666666,0.0,0.8,
JPN,Japan,2024,23/08/2024,0.5666666666666667,5,15,0.5375,8,0.3333333333333333,1.0,1.0,0.0,0.5,0.6666666666666666,0.0,0.8,
JPN,Japan,2025,18/08/2025,0.5666666666666667,5,15,0.5375,8,0.3333333333333333,1.0,1.0,0.0,0.5,0.6666666666666666,0.0,0.8,
KAZ,Kazakhstan,2023,31/10/2023,0.4066666666666666,5,16,0.337037037037037,9,0.3333333333333333,1.0,0.2,0.5,0.0,0.5,0.0,0.5,0.0
KAZ,Kazakhstan,2024,23/08/2024,0.4066666666666666,5,16,0.337037037037037,9,0.3333333333333333,1.0,0.2,0.5,0.0,0.5,0.0,0.5,0.0
KAZ,Kazakhstan,2025,18/08/2025,0.44666666666666666,5,16,0.4148148148148148,9,0.3333333333333333,1.0,0.4,0.5,0.0,0.5,0.0,0.5,0.5
KEN,Kenya,2023,31/10/2023,0.6666666666666666,5,15,0.6388888888888888,6,0.3333333333333333,1.0,1.0,0.0,1.0,,,,0.5
KEN,Kenya,2024,23/08/2024,0.6333333333333333,5,15,0.6944444444444443,6,0.3333333333333333,1.0,1.0,0.3333333333333333,0.5,,,,1.0
KEN,Kenya,2025,18/08/2025,0.7,5,15,0.75,6,0.6666666666666666,1.0,1.0,0.3333333333333333,0.5,,,,1.0
KOR,Republic of Korea,2024,23/08/2024,0.7,5,15,0.5851851851851851,9,0.0,1.0,1.0,0.5,1.0,0.6666666666666666,0.0,0.6,0.5
KOR,Republic of Korea,2025,18/08/2025,0.7666666666666666,5,15,0.6222222222222222,9,0.3333333333333333,1.0,1.0,0.5,1.0,0.6666666666666666,0.0,0.6,0.5
KWT,Kuwait,2025,18/08/2025,0.2,5,13,0.16666666666666666,9,0.0,0.0,1.0,0.0,0.0,0.0,0.0,0.0,0.5
LKA,Sri Lanka,2025,18/08/2025,0.4133333333333333,5,15,0.5111111111111111,6,0.3333333333333333,0.0,0.4,0.3333333333333333,1.0,,,,1.0
LTU,Lithuania,2024,23/08/2024,0.7,5,14,0.7041666666666666,8,1.0,1.0,0.5,0.5,0.5,0.6666666666666666,0.6666666666666666,0.8,
LTU,Lithuania,2025,18/08/2025,0.75,5,14,0.7604166666666666,8,1.0,1.0,0.75,0.5,0.5,0.6666666666666666,0.6666666666666666,1.0,
LUX,Luxembourg,2024,23/08/2024,0.65,5,14,0.5645833333333333,8,1.0,1.0,0.5,0.75,0.0,0.6666666666666666,0.0,0.6,
LUX,Luxembourg,2025,18/08/2025,0.75,5,14,0.64375,8,1.0,1.0,0.5,0.75,0.5,1.0,0.0,0.4,
LVA,Latvia,2024,23/08/2024,0.4,5,14,0.5583333333333333,8,0.5,0.0,0.5,0.5,0.5,0.6666666666666666,1.0,0.8,
LVA,Latvia,2025,18/08/2025,0.5,5,14,0.6458333333333333,8,0.5,0.0,0.75,0.75,0.5,0.6666666666666666,1.0,1.0,
MAR,Morocco,2023,31/10/2023,0.10666666666666666,5,15,0.1722222222222222,6,0.3333333333333333,0.0,0.2,0.0,0.0,,,,0.5
MAR,Morocco,2024,23/08/2024,0.24666666666666667,5,15,0.2888888888888889,6,0.3333333333333333,0.0,0.4,0.0,0.5,,,,0.5
MAR,Morocco,2025,18/08/2025,0.24666666666666667,5,15,0.37222222222222223,6,0.3333333333333333,0.0,0.4,0.0,0.5,,,,1.0
MEX,Mexico,2023,31/10/2023,0.5566666666666666,5,16,0.42037037037037034,9,0.3333333333333333,1.0,0.2,0.25,1.0,0.5,0.0,0.5,0.0
MEX,Mexico,2024,23/08/2024,0.49000000000000005,5,16,0.4388888888888889,9,0.0,1.0,0.2,0.25,1.0,0.5,0.0,0.5,0.5
MEX,Mexico,2025,18/08/2025,0.53,5,16,0.46111111111111114,9,0.0,1.0,0.4,0.25,1.0,0.5,0.0,0.5,0.5
MLT,Malta,2024,23/08/2024,0.6,5,14,0.525,8,0.5,1.0,0.25,0.75,0.5,1.0,0.0,0.2,
MLT,Malta,2025,18/08/2025,0.65,5,14,0.53125,8,1.0,1.0,0.0,0.75,0.5,1.0,0.0,0.0,
MYS,Malaysia,2024,23/08/2024,0.20666666666666664,5,15,0.2537037037037037,9,0.0,0.0,0.2,0.3333333333333333,0.5,0.0,0.0,0.25,1.0
MYS,Malaysia,2025,18/08/2025,0.14666666666666667,5,15,0.22037037037037038,9,0.0,0.0,0.4,0.3333333333333333,0.0,0.0,0.0,0.25,1.0
NGA,Nigeria,2024,23/08/2024,0.4066666666666666,5,15,0.33888888888888885,6,0.3333333333333333,1.0,0.2,0.0,0.5,,,,0.0
NGA,Nigeria,2025,18/08/2025,0.4733333333333333,5,15,0.561111111111111,6,0.6666666666666666,1.0,0.2,0.0,0.5,,,,1.0
NLD,Netherlands,2024,23/08/2024,0.65,5,14,0.63125,8,0.5,0.5,0.75,1.0,0.5,0.6666666666666666,0.3333333333333333,0.8,
NLD,Netherlands,2025,18/08/2025,0.7,5,14,0.6625,8,0.5,0.5,1.0,1.0,0.5,0.6666666666666666,0.3333333333333333,0.8,
NOR,Norway,2024,23/08/2024,0.7166666666666666,5,15,0.6229166666666666,8,0.3333333333333333,0.5,0.75,1.0,1.0,1.0,0.0,0.4,
NOR,Norway,2025,18/08/2025,0.7166666666666666,5,15,0.6479166666666667,8,0.3333333333333333,0.5,0.75,1.0,1.0,1.0,0.0,0.6,
NZL,New Zealand,2024,23/08/2024,0.6666666666666666,5,15,0.5583333333333333,8,0.3333333333333333,1.0,1.0,0.5,0.5,0.3333333333333333,0.0,0.8,
NZL,New Zealand,2025,18/08/2025,0.5666666666666667,5,15,0.5020833333333333,8,0.3333333333333333,1.0,1.0,0.5,0.0,0.3333333333333333,0.25,0.6,
OMN,Oman,2024,23/08/2024,0.05,5,13,0.09444444444444444,9,0.0,0.0,0.25,0.0,0.0,0.0,0.0,0.6,0.0
OMN,Oman,2025,18/08/2025,0.1,5,13,0.12222222222222223,9,0.0,0.0,0.5,0.0,0.0,0.0,0.0,0.6,0.0
PAK,Pakistan,2025,18/08/2025,0.3733333333333333,5,15,0.4777777777777777,6,0.6666666666666666,0.5,0.2,0.0,0.5,,,,1.0
PAN,Panama,2024,23/08/2024,0.3,5,13,0.34444444444444444,9,0.5,0.5,0.0,0.0,0.5,0.0,0.0,0.6,1.0
PAN,Panama,2025,18/08/2025,0.35,5,13,0.37222222222222223,9,0.5,0.5,0.25,0.0,0.5,0.0,0.0,0.6,1.0
PER,Peru,2024,23/08/2024,0.49333333333333335,5,15,0.46851851851851856,9,0.0,0.5,0.8,0.6666666666666666,0.5,0.0,0.5,0.25,1.0
PER,Peru,2025,18/08/2025,0.49333333333333335,5,15,0.46851851851851856,9,0.0,0.5,0.8,0.6666666666666666,0.5,0.0,0.5,0.25,1.0
PHL,Philippines,2024,23/08/2024,0.5666666666666667,5,15,0.47222222222222215,6,0.0,0.5,1.0,0.3333333333333333,1.0,,,,0.0
PHL,Philippines,2025,18/08/2025,0.5666666666666667,5,15,0.5555555555555555,6,0.0,0.5,1.0,0.3333333333333333,1.0,,,,0.5
POL,Poland,2023,31/10/2023,0.25,5,15,0.33125,8,0.0,0.0,0.75,0.5,0.0,1.0,0.0,0.4,
POL,Poland,2024,23/08/2024,0.25,5,15,0.35625,8,0.0,0.0,0.75,0.5,0.0,1.0,0.0,0.6,
POL,Poland,2025,18/08/2025,0.31666666666666665,5,15,0.3979166666666667,8,0.3333333333333333,0.0,0.75,0.5,0.0,1.0,0.0,0.6,
PRT,Portugal,2024,23/08/2024,0.9,5,14,0.8458333333333333,8,1.0,1.0,1.0,0.5,1.0,0.6666666666666666,1.0,0.6,
PRT,Portugal,2025,18/08/2025,0.9,5,14,0.8625,8,1.0,1.0,1.0,0.5,1.0,1.0,1.0,0.4,
PRY,Paraguay,2025,18/08/2025,0.3466666666666666,5,14,0.3592592592592593,9,0.5,0.5,0.4,0.3333333333333333,0.0,0.0,0.0,0.5,1.0
QAT,Qatar,2024,23/08/2024,0.05,5,13,0.05,9,0.0,0.0,0.25,0.0,0.0,0.0,0.0,0.2,0.0
QAT,Qatar,2025,18/08/2025,0.05,5,14,0.07222222222222223,9,0.0,0.0,0.25,0.0,0.0,0.0,0.0,0.4,0.0
ROU,Romania,2024,23/08/2024,0.36666666666666664,5,15,0.4125,8,0.3333333333333333,0.0,0.75,0.75,0.0,0.6666666666666666,0.0,0.8,
ROU,Romania,2025,18/08/2025,0.4666666666666666,5,15,0.475,8,0.3333333333333333,0.0,0.75,0.75,0.5,0.6666666666666666,0.0,0.8,
RUS,Russian Federation,2024,23/08/2024,0.22000000000000003,5,15,0.2,8,0.0,0.5,0.6,0.0,0.0,0.0,0.0,0.5,
RUS,Russian Federation,2025,18/08/2025,0.25,5,14,0.20625,8,0.0,0.5,0.75,0.0,0.0,0.0,0.0,0.4,
SAU,Saudi Arabia,2023,31/10/2023,0.0,5,14,0.0,9,0.0,0.0,0.0,0.0,0.0,0.0,0.0,0.0,0.0
SAU,Saudi Arabia,2024,23/08/2024,0.11666666666666665,5,14,0.06481481481481481,9,0.3333333333333333,0.0,0.25,0.0,0.0,0.0,0.0,0.0,0.0
SAU,Saudi Arabia,2025,18/08/2025,0.05,5,14,0.05,9,0.0,0.0,0.25,0.0,0.0,0.0,0.0,0.2,0.0
SGP,Singapore,2024,23/08/2024,0.2,5,15,0.2296296296296296,9,0.0,0.0,0.5,0.5,0.0,0.6666666666666666,0.0,0.4,0.0
SGP,Singapore,2025,18/08/2025,0.3,5,15,0.28518518518518515,9,0.0,0.0,0.5,0.5,0.5,0.6666666666666666,0.0,0.4,0.0
SLV,El Salvador,2025,18/08/2025,0.32,5,14,0.23333333333333334,9,0.5,0.5,0.6,0.0,0.0,0.0,0.0,0.0,0.5
SRB,Serbia,2024,23/08/2024,0.5533333333333333,5,15,0.5018518518518519,9,0.0,1.0,0.6,0.6666666666666666,0.5,0.0,0.0,0.75,1.0
SRB,Serbia,2025,18/08/2025,0.6533333333333333,5,15,0.5574074074074074,9,0.0,1.0,0.6,0.6666666666666666,1.0,0.0,0.0,0.75,1.0
SVK,Slovak Republic,2024,23/08/2024,0.4,5,14,0.4708333333333333,8,1.0,0.0,0.5,0.5,0.0,0.6666666666666666,0.5,0.6,
SVK,Slovak Republic,2025,18/08/2025,0.4,5,14,0.4708333333333333,8,1.0,0.0,0.5,0.5,0.0,0.6666666666666666,0.5,0.6,
SVN,Slovenia,2024,23/08/2024,0.65,5,14,0.6520833333333333,8,1.0,1.0,0.25,0.5,0.5,0.6666666666666666,0.5,0.8,
SVN,Slovenia,2025,18/08/2025,0.65,5,14,0.69375,8,1.0,1.0,0.25,0.5,0.5,1.0,0.5,0.8,
SWE,Sweden,2024,23/08/2024,0.8,5,14,0.76875,8,1.0,1.0,1.0,0.5,0.5,1.0,0.75,0.4,
SWE,Sweden,2025,18/08/2025,0.7,5,14,0.73125,8,0.5,1.0,1.0,0.5,0.5,1.0,0.75,0.6,
THA,Thailand,2023,31/10/2023,0.2866666666666667,5,15,0.18703703703703703,9,0.3333333333333333,0.0,0.6,0.0,0.5,0.0,0.0,0.25,0.0
THA,Thailand,2024,23/08/2024,0.22000000000000003,5,15,0.15000000000000002,9,0.0,0.0,0.6,0.0,0.5,0.0,0.0,0.25,0.0
THA,Thailand,2025,18/08/2025,0.22000000000000003,5,15,0.17777777777777778,9,0.0,0.0,0.6,0.0,0.5,0.0,0.0,0.5,0.0
TUR,Türkiye,2024,23/08/2024,0.18666666666666668,5,15,0.17916666666666667,8,0.0,0.0,0.6,0.3333333333333333,0.0,0.0,0.0,0.5,
TUR,Türkiye,2025,18/08/2025,0.5366666666666666,5,16,0.4604166666666667,8,0.3333333333333333,1.0,0.6,0.75,0.0,0.5,0.0,0.5,
UGA,Uganda,2025,18/08/2025,0.6866666666666668,5,14,0.5722222222222223,6,1.0,1.0,0.6,0.3333333333333333,0.5,,,,0.0
UKR,Ukraine,2025,18/08/2025,0.53,5,16,0.45625,8,1.0,1.0,0.4,0.25,0.0,0.5,0.0,0.5,
URY,Uruguay,2023,31/10/2023,0.4,5,14,0.4185185185185185,9,0.0,0.5,1.0,0.0,0.5,0.6666666666666666,0.5,0.6,0.0
URY,Uruguay,2024,23/08/2024,0.4,5,14,0.4185185185185185,9,0.0,0.5,1.0,0.0,0.5,0.6666666666666666,0.5,0.6,0.0
URY,Uruguay,2025,18/08/2025,0.4,5,14,0.5074074074074074,9,0.0,0.5,1.0,0.0,0.5,0.6666666666666666,0.5,0.4,1.0
USA,United States,2023,31/10/2023,0.45,5,15,0.4041666666666667,8,0.0,0.0,1.0,0.75,0.5,0.3333333333333333,0.25,0.4,
USA,United States,2024,23/08/2024,0.5166666666666666,5,15,0.4395833333333333,8,0.3333333333333333,0.0,1.0,0.75,0.5,0.3333333333333333,0.0,0.6,
USA,United States,2025,18/08/2025,0.31666666666666665,5,15,0.2645833333333333,8,0.3333333333333333,0.0,0.5,0.25,0.5,0.3333333333333333,0.0,0.2,
VNM,Vietnam,2025,18/08/2025,0.22000000000000003,5,15,0.26666666666666666,6,0.0,0.5,0.6,0.0,0.0,,,,0.5
ZAF,South Africa,2023,31/10/2023,0.37,5,16,0.37222222222222223,9,0.0,0.0,0.6,0.75,0.5,0.5,0.0,0.5,0.5
ZAF,South Africa,2024,23/08/2024,0.6366666666666666,5,16,0.5203703703703704,9,0.3333333333333333,1.0,0.6,0.75,0.5,0.5,0.0,0.5,0.5
ZAF,South Africa,2025,18/08/2025,0.6366666666666666,5,16,0.5481481481481482,9,0.3333333333333333,1.0,0.6,0.75,0.5,0.5,0.0,0.25,1.0
