country_code,year,new_laws,climate_laws_cumulative
AFG,2007,1,1
AFG,2008,1,2
AFG,2009,1,3
AFG,2010,0,3
AFG,2011,2,5
AFG,2012,1,6
AFG,2013,0,6
AFG,2014,2,8
AFG,2015,4,12
AFG,2016,1,13
AFG,2017,1,14
AFG,2018,0,14
AFG,2019,0,14
AFG,2020,0,14
AFG,2021,0,14
AFG,2022,0,14
AFG,2023,0,14
AFG,2024,0,14
AFG,2025,0,14
AFG,2026,0,14
AGO,2008,1,1
AGO,2009,2,3
AGO,2010,1,4
AGO,2011,0,4
AGO,2012,3,7
AGO,2013,2,9
AGO,2014,5,14
AGO,2015,1,15
AGO,2016,2,17
AGO,2017,3,20
AGO,2018,3,23
AGO,2019,0,23
AGO,2020,0,23
AGO,2021,0,23
AGO,2022,0,23
AGO,2023,0,23
AGO,2024,0,23
AGO,2025,0,23
AGO,2026,0,23
ALB,2003,1,1
ALB,2004,0,1
ALB,2005,0,1
ALB,2006,0,1
ALB,2007,0,1
ALB,2008,1,2
ALB,2009,0,2
ALB,2010,0,2
ALB,2011,0,2
ALB,2012,0,2
ALB,2013,1,3
ALB,2014,1,4
ALB,2015,3,7
ALB,2016,7,14
ALB,2017,3,17
ALB,2018,0,17
ALB,2019,2,19
ALB,2020,2,21
ALB,2021,2,23
ALB,2022,1,24
ALB,2023,1,25
ALB,2024,0,25
ALB,2025,0,25
ALB,2026,0,25
AND,2010,2,2
AND,2011,0,2
AND,2012,0,2
AND,2013,1,3
AND,2014,1,4
AND,2015,1,5
AND,2016,1,6
AND,2017,1,7
AND,2018,3,10
AND,2019,1,11
AND,2020,6,17
AND,2021,2,19
AND,2022,5,24
AND,2023,2,26
AND,2024,3,29
AND,2025,0,29
AND,2026,0,29
ARE,2009,1,1
ARE,2010,0,1
ARE,2011,0,1
ARE,2012,0,1
ARE,2013,1,2
ARE,2014,0,2
ARE,2015,2,4
ARE,2016,0,4
ARE,2017,5,9
ARE,2018,2,11
ARE,2019,1,12
ARE,2020,0,12
ARE,2021,3,15
ARE,2022,0,15
ARE,2023,3,18
ARE,2024,3,21
ARE,2025,0,21
ARE,2026,0,21
ARG,1991,1,1
ARG,1992,0,1
ARG,1993,0,1
ARG,1994,0,1
ARG,1995,0,1
ARG,1996,0,1
ARG,1997,0,1
ARG,1998,1,2
ARG,1999,2,4
ARG,2000,0,4
ARG,2001,0,4
ARG,2002,0,4
ARG,2003,0,4
ARG,2004,1,5
ARG,2005,2,7
ARG,2006,2,9
ARG,2007,2,11
ARG,2008,0,11
ARG,2009,2,13
ARG,2010,2,15
ARG,2011,0,15
ARG,2012,0,15
ARG,2013,0,15
ARG,2014,0,15
ARG,2015,1,16
ARG,2016,6,22
ARG,2017,8,30
ARG,2018,5,35
ARG,2019,8,43
ARG,2020,3,46
ARG,2021,5,51
ARG,2022,2,53
ARG,2023,8,61
ARG,2024,1,62
ARG,2025,1,63
ARG,2026,1,64
ARM,1991,1,1
ARM,1992,0,1
ARM,1993,0,1
ARM,1994,0,1
ARM,1995,0,1
ARM,1996,0,1
ARM,1997,0,1
ARM,1998,0,1
ARM,1999,0,1
ARM,2000,0,1
ARM,2001,0,1
ARM,2002,0,1
ARM,2003,0,1
ARM,2004,1,2
ARM,2005,2,4
ARM,2006,0,4
ARM,2007,1,5
ARM,2008,1,6
ARM,2009,0,6
ARM,2010,0,6
ARM,2011,0,6
ARM,2012,0,6
ARM,2013,0,6
ARM,2014,1,7
ARM,2015,0,7
ARM,2016,0,7
ARM,2017,0,7
ARM,2018,0,7
ARM,2019,2,9
ARM,2020,0,9
ARM,2021,3,12
ARM,2022,0,12
ARM,2023,0,12
ARM,2024,0,12
ARM,2025,0,12
ARM,2026,0,12
ATG,1990,0,1
ATG,1991,0,1
ATG,1992,0,1
ATG,1993,0,1
ATG,1994,0,1
ATG,1995,0,1
ATG,1996,0,1
ATG,1997,0,1
ATG,1998,0,1
ATG,1999,0,1
ATG,2000,0,1
ATG,2001,0,1
ATG,2002,1,2
ATG,2003,1,3
ATG,2004,0,3
ATG,2005,0,3
ATG,2006,0,3
ATG,2007,0,3
ATG,2008,0,3
ATG,2009,0,3
ATG,2010,0,3
ATG,2011,3,6
ATG,2012,0,6
ATG,2013,1,7
ATG,2014,0,7
ATG,2015,4,11
ATG,2016,0,11
ATG,2017,0,11
ATG,2018,0,11
ATG,2019,0,11
ATG,2020,0,11
ATG,2021,0,11
ATG,2022,0,11
ATG,2023,1,12
ATG,2024,0,12
ATG,2025,0,12
ATG,2026,0,12
AUS,1990,0,1
AUS,1991,0,1
AUS,1992,0,1
AUS,1993,0,1
AUS,1994,0,1
AUS,1995,0,1
AUS,1996,0,1
AUS,1997,0,1
AUS,1998,0,1
AUS,1999,0,1
AUS,2000,1,2
AUS,2001,0,2
AUS,2002,0,2
AUS,2003,1,3
AUS,2004,0,3
AUS,2005,0,3
AUS,2006,0,3
AUS,2007,1,4
AUS,2008,1,5
AUS,2009,3,8
AUS,2010,2,10
AUS,2011,4,14
AUS,2012,2,16
AUS,2013,0,16
AUS,2014,0,16
AUS,2015,3,19
AUS,2016,0,19
AUS,2017,4,23
AUS,2018,6,29
AUS,2019,5,34
AUS,2020,2,36
AUS,2021,8,44
AUS,2022,6,50
AUS,2023,20,70
AUS,2024,29,99
AUS,2025,21,120
AUS,2026,0,120
AUT,1993,1,1
AUT,1994,0,1
AUT,1995,0,1
AUT,1996,0,1
AUT,1997,0,1
AUT,1998,0,1
AUT,1999,0,1
AUT,2000,1,2
AUT,2001,0,2
AUT,2002,0,2
AUT,2003,0,2
AUT,2004,0,2
AUT,2005,0,2
AUT,2006,0,2
AUT,2007,1,3
AUT,2008,0,3
AUT,2009,1,4
AUT,2010,0,4
AUT,2011,4,8
AUT,2012,0,8
AUT,2013,0,8
AUT,2014,1,9
AUT,2015,1,10
AUT,2016,0,10
AUT,2017,2,12
AUT,2018,0,12
AUT,2019,3,15
AUT,2020,2,17
AUT,2021,3,20
AUT,2022,4,24
AUT,2023,2,26
AUT,2024,1,27
AUT,2025,0,27
AUT,2026,0,27
AZE,2003,1,1
AZE,2004,0,1
AZE,2005,1,2
AZE,2006,0,2
AZE,2007,0,2
AZE,2008,1,3
AZE,2009,0,3
AZE,2010,0,3
AZE,2011,0,3
AZE,2012,2,5
AZE,2013,1,6
AZE,2014,2,8
AZE,2015,0,8
AZE,2016,1,9
AZE,2017,0,9
AZE,2018,2,11
AZE,2019,0,11
AZE,2020,1,12
AZE,2021,4,16
AZE,2022,2,18
AZE,2023,4,22
AZE,2024,5,27
AZE,2025,0,27
AZE,2026,0,27
BDI,2009,1,1
BDI,2010,0,1
BDI,2011,3,4
BDI,2012,1,5
BDI,2013,2,7
BDI,2014,0,7
BDI,2015,1,8
BDI,2016,0,8
BDI,2017,0,8
BDI,2018,2,10
BDI,2019,1,11
BDI,2020,0,11
BDI,2021,0,11
BDI,2022,0,11
BDI,2023,0,11
BDI,2024,0,11
BDI,2025,0,11
BDI,2026,0,11
BEL,1997,2,2
BEL,1998,0,2
BEL,1999,1,3
BEL,2000,0,3
BEL,2001,0,3
BEL,2002,1,4
BEL,2003,1,5
BEL,2004,0,5
BEL,2005,1,6
BEL,2006,1,7
BEL,2007,0,7
BEL,2008,0,7
BEL,2009,0,7
BEL,2010,1,8
BEL,2011,0,8
BEL,2012,0,8
BEL,2013,1,9
BEL,2014,1,10
BEL,2015,0,10
BEL,2016,1,11
BEL,2017,0,11
BEL,2018,1,12
BEL,2019,2,14
BEL,2020,0,14
BEL,2021,2,16
BEL,2022,0,16
BEL,2023,1,17
BEL,2024,1,18
BEL,2025,0,18
BEL,2026,0,18
BEN,2003,1,1
BEN,2004,0,1
BEN,2005,1,2
BEN,2006,0,2
BEN,2007,0,2
BEN,2008,0,2
BEN,2009,0,2
BEN,2010,0,2
BEN,2011,0,2
BEN,2012,0,2
BEN,2013,1,3
BEN,2014,0,3
BEN,2015,0,3
BEN,2016,1,4
BEN,2017,0,4
BEN,2018,2,6
BEN,2019,0,6
BEN,2020,0,6
BEN,2021,1,7
BEN,2022,3,10
BEN,2023,0,10
BEN,2024,0,10
BEN,2025,0,10
BEN,2026,0,10
BFA,2007,1,1
BFA,2008,1,2
BFA,2009,0,2
BFA,2010,0,2
BFA,2011,1,3
BFA,2012,1,4
BFA,2013,6,10
BFA,2014,3,13
BFA,2015,5,18
BFA,2016,1,19
BFA,2017,0,19
BFA,2018,4,23
BFA,2019,0,23
BFA,2020,0,23
BFA,2021,1,24
BFA,2022,0,24
BFA,2023,2,26
BFA,2024,4,30
BFA,2025,1,31
BFA,2026,0,31
BGD,2003,1,1
BGD,2004,0,1
BGD,2005,0,1
BGD,2006,0,1
BGD,2007,0,1
BGD,2008,1,2
BGD,2009,1,3
BGD,2010,1,4
BGD,2011,1,5
BGD,2012,2,7
BGD,2013,4,11
BGD,2014,1,12
BGD,2015,1,13
BGD,2016,0,13
BGD,2017,1,14
BGD,2018,5,19
BGD,2019,1,20
BGD,2020,2,22
BGD,2021,1,23
BGD,2022,2,25
BGD,2023,1,26
BGD,2024,1,27
BGD,2025,0,27
BGD,2026,0,27
BGR,1996,2,2
BGR,1997,0,2
BGR,1998,1,3
BGR,1999,0,3
BGR,2000,0,3
BGR,2001,1,4
BGR,2002,1,5
BGR,2003,1,6
BGR,2004,0,6
BGR,2005,0,6
BGR,2006,1,7
BGR,2007,0,7
BGR,2008,1,8
BGR,2009,1,9
BGR,2010,0,9
BGR,2011,3,12
BGR,2012,7,19
BGR,2013,3,22
BGR,2014,2,24
BGR,2015,1,25
BGR,2016,0,25
BGR,2017,2,27
BGR,2018,3,30
BGR,2019,3,33
BGR,2020,3,36
BGR,2021,2,38
BGR,2022,8,46
BGR,2023,4,50
BGR,2024,1,51
BGR,2025,1,52
BGR,2026,0,52
BHR,2006,1,1
BHR,2007,1,2
BHR,2008,1,3
BHR,2009,0,3
BHR,2010,0,3
BHR,2011,0,3
BHR,2012,0,3
BHR,2013,0,3
BHR,2014,0,3
BHR,2015,0,3
BHR,2016,0,3
BHR,2017,2,5
BHR,2018,0,5
BHR,2019,0,5
BHR,2020,0,5
BHR,2021,0,5
BHR,2022,0,5
BHR,2023,0,5
BHR,2024,0,5
BHR,2025,0,5
BHR,2026,0,5
BHS,2005,2,2
BHS,2006,0,2
BHS,2007,1,3
BHS,2008,0,3
BHS,2009,0,3
BHS,2010,1,4
BHS,2011,0,4
BHS,2012,0,4
BHS,2013,1,5
BHS,2014,1,6
BHS,2015,2,8
BHS,2016,0,8
BHS,2017,0,8
BHS,2018,0,8
BHS,2019,1,9
BHS,2020,0,9
BHS,2021,0,9
BHS,2022,3,12
BHS,2023,0,12
BHS,2024,0,12
BHS,2025,0,12
BHS,2026,0,12
BIH,2013,1,1
BIH,2014,0,1
BIH,2015,0,1
BIH,2016,0,1
BIH,2017,1,2
BIH,2018,0,2
BIH,2019,0,2
BIH,2020,2,4
BIH,2021,0,4
BIH,2022,0,4
BIH,2023,0,4
BIH,2024,0,4
BIH,2025,0,4
BIH,2026,0,4
BLR,1992,1,1
BLR,1993,0,1
BLR,1994,0,1
BLR,1995,0,1
BLR,1996,0,1
BLR,1997,1,2
BLR,1998,2,4
BLR,1999,1,5
BLR,2000,0,5
BLR,2001,0,5
BLR,2002,0,5
BLR,2003,0,5
BLR,2004,1,6
BLR,2005,0,6
BLR,2006,2,8
BLR,2007,4,12
BLR,2008,1,13
BLR,2009,0,13
BLR,2010,3,16
BLR,2011,0,16
BLR,2012,0,16
BLR,2013,1,17
BLR,2014,1,18
BLR,2015,3,21
BLR,2016,0,21
BLR,2017,2,23
BLR,2018,0,23
BLR,2019,4,27
BLR,2020,2,29
BLR,2021,6,35
BLR,2022,1,36
BLR,2023,0,36
BLR,2024,1,37
BLR,2025,2,39
BLR,2026,1,40
BLZ,2009,1,1
BLZ,2010,0,1
BLZ,2011,1,2
BLZ,2012,0,2
BLZ,2013,1,3
BLZ,2014,1,4
BLZ,2015,4,8
BLZ,2016,1,9
BLZ,2017,1,10
BLZ,2018,1,11
BLZ,2019,0,11
BLZ,2020,2,13
BLZ,2021,2,15
BLZ,2022,2,17
BLZ,2023,3,20
BLZ,2024,0,20
BLZ,2025,0,20
BLZ,2026,0,20
BOL,1996,1,1
BOL,1997,0,1
BOL,1998,0,1
BOL,1999,1,2
BOL,2000,1,3
BOL,2001,0,3
BOL,2002,1,4
BOL,2003,0,4
BOL,2004,0,4
BOL,2005,0,4
BOL,2006,0,4
BOL,2007,0,4
BOL,2008,1,5
BOL,2009,3,8
BOL,2010,0,8
BOL,2011,1,9
BOL,2012,2,11
BOL,2013,3,14
BOL,2014,2,16
BOL,2015,4,20
BOL,2016,7,27
BOL,2017,1,28
BOL,2018,2,30
BOL,2019,1,31
BOL,2020,1,32
BOL,2021,2,34
BOL,2022,2,36
BOL,2023,4,40
BOL,2024,5,45
BOL,2025,1,46
BOL,2026,0,46
BRA,1990,1,1
BRA,1991,0,1
BRA,1992,0,1
BRA,1993,0,1
BRA,1994,0,1
BRA,1995,0,1
BRA,1996,0,1
BRA,1997,1,2
BRA,1998,2,4
BRA,1999,2,6
BRA,2000,1,7
BRA,2001,2,9
BRA,2002,2,11
BRA,2003,0,11
BRA,2004,2,13
BRA,2005,2,15
BRA,2006,3,18
BRA,2007,7,25
BRA,2008,9,34
BRA,2009,7,41
BRA,2010,6,47
BRA,2011,8,55
BRA,2012,6,61
BRA,2013,4,65
BRA,2014,4,69
BRA,2015,4,73
BRA,2016,4,77
BRA,2017,7,84
BRA,2018,10,94
BRA,2019,9,103
BRA,2020,8,111
BRA,2021,12,123
BRA,2022,12,135
BRA,2023,18,153
BRA,2024,25,178
BRA,2025,22,200
BRA,2026,17,217
BRB,2004,1,1
BRB,2005,0,1
BRB,2006,0,1
BRB,2007,1,2
BRB,2008,0,2
BRB,2009,1,3
BRB,2010,0,3
BRB,2011,0,3
BRB,2012,1,4
BRB,2013,0,4
BRB,2014,1,5
BRB,2015,0,5
BRB,2016,1,6
BRB,2017,1,7
BRB,2018,0,7
BRB,2019,2,9
BRB,2020,0,9
BRB,2021,1,10
BRB,2022,0,10
BRB,2023,0,10
BRB,2024,2,12
BRB,2025,0,12
BRB,2026,0,12
BRN,2012,1,1
BRN,2013,1,2
BRN,2014,1,3
BRN,2015,1,4
BRN,2016,0,4
BRN,2017,0,4
BRN,2018,0,4
BRN,2019,1,5
BRN,2020,0,5
BRN,2021,1,6
BRN,2022,1,7
BRN,2023,2,9
BRN,2024,0,9
BRN,2025,1,10
BRN,2026,0,10
BTN,1995,1,1
BTN,1996,0,1
BTN,1997,0,1
BTN,1998,0,1
BTN,1999,0,1
BTN,2000,0,1
BTN,2001,1,2
BTN,2002,0,2
BTN,2003,0,2
BTN,2004,0,2
BTN,2005,0,2
BTN,2006,0,2
BTN,2007,1,3
BTN,2008,0,3
BTN,2009,1,4
BTN,2010,1,5
BTN,2011,1,6
BTN,2012,1,7
BTN,2013,3,10
BTN,2014,1,11
BTN,2015,1,12
BTN,2016,2,14
BTN,2017,2,16
BTN,2018,1,17
BTN,2019,4,21
BTN,2020,4,25
BTN,2021,2,27
BTN,2022,0,27
BTN,2023,1,28
BTN,2024,0,28
BTN,2025,1,29
BTN,2026,1,30
BWA,1996,1,1
BWA,1997,0,1
BWA,1998,0,1
BWA,1999,0,1
BWA,2000,0,1
BWA,2001,0,1
BWA,2002,0,1
BWA,2003,0,1
BWA,2004,0,1
BWA,2005,0,1
BWA,2006,0,1
BWA,2007,1,2
BWA,2008,0,2
BWA,2009,2,4
BWA,2010,1,5
BWA,2011,0,5
BWA,2012,0,5
BWA,2013,3,8
BWA,2014,0,8
BWA,2015,0,8
BWA,2016,1,9
BWA,2017,1,10
BWA,2018,0,10
BWA,2019,1,11
BWA,2020,3,14
BWA,2021,2,16
BWA,2022,0,16
BWA,2023,1,17
BWA,2024,0,17
BWA,2025,0,17
BWA,2026,0,17
CAF,2007,1,1
CAF,2008,2,3
CAF,2009,0,3
CAF,2010,0,3
CAF,2011,1,4
CAF,2012,0,4
CAF,2013,0,4
CAF,2014,0,4
CAF,2015,0,4
CAF,2016,0,4
CAF,2017,1,5
CAF,2018,0,5
CAF,2019,1,6
CAF,2020,0,6
CAF,2021,0,6
CAF,2022,0,6
CAF,2023,3,9
CAF,2024,0,9
CAF,2025,0,9
CAF,2026,0,9
CAN,1992,1,1
CAN,1993,0,1
CAN,1994,0,1
CAN,1995,0,1
CAN,1996,0,1
CAN,1997,0,1
CAN,1998,0,1
CAN,1999,0,1
CAN,2000,1,2
CAN,2001,1,3
CAN,2002,1,4
CAN,2003,1,5
CAN,2004,1,6
CAN,2005,1,7
CAN,2006,1,8
CAN,2007,0,8
CAN,2008,0,8
CAN,2009,0,8
CAN,2010,1,9
CAN,2011,0,9
CAN,2012,3,12
CAN,2013,1,13
CAN,2014,1,14
CAN,2015,1,15
CAN,2016,5,20
CAN,2017,5,25
CAN,2018,9,34
CAN,2019,3,37
CAN,2020,8,45
CAN,2021,17,62
CAN,2022,12,74
CAN,2023,14,88
CAN,2024,8,96
CAN,2025,7,103
CAN,2026,1,104
CHE,1990,0,1
CHE,1991,0,1
CHE,1992,0,1
CHE,1993,1,2
CHE,1994,0,2
CHE,1995,0,2
CHE,1996,0,2
CHE,1997,0,2
CHE,1998,0,2
CHE,1999,1,3
CHE,2000,1,4
CHE,2001,0,4
CHE,2002,0,4
CHE,2003,0,4
CHE,2004,0,4
CHE,2005,0,4
CHE,2006,0,4
CHE,2007,0,4
CHE,2008,1,5
CHE,2009,0,5
CHE,2010,0,5
CHE,2011,3,8
CHE,2012,2,10
CHE,2013,3,13
CHE,2014,1,14
CHE,2015,0,14
CHE,2016,0,14
CHE,2017,1,15
CHE,2018,2,17
CHE,2019,0,17
CHE,2020,2,19
CHE,2021,1,20
CHE,2022,2,22
CHE,2023,2,24
CHE,2024,1,25
CHE,2025,1,26
CHE,2026,0,26
CHL,1994,2,2
CHL,1995,0,2
CHL,1996,0,2
CHL,1997,0,2
CHL,1998,0,2
CHL,1999,0,2
CHL,2000,0,2
CHL,2001,0,2
CHL,2002,1,3
CHL,2003,0,3
CHL,2004,1,4
CHL,2005,1,5
CHL,2006,0,5
CHL,2007,1,6
CHL,2008,7,13
CHL,2009,0,13
CHL,2010,2,15
CHL,2011,1,16
CHL,2012,3,19
CHL,2013,5,24
CHL,2014,6,30
CHL,2015,0,30
CHL,2016,3,33
CHL,2017,5,38
CHL,2018,4,42
CHL,2019,0,42
CHL,2020,5,47
CHL,2021,5,52
CHL,2022,9,61
CHL,2023,6,67
CHL,2024,9,76
CHL,2025,4,80
CHL,2026,1,81
CHN,1990,0,2
CHN,1991,0,2
CHN,1992,0,2
CHN,1993,0,2
CHN,1994,0,2
CHN,1995,1,3
CHN,1996,0,3
CHN,1997,0,3
CHN,1998,0,3
CHN,1999,0,3
CHN,2000,0,3
CHN,2001,1,4
CHN,2002,0,4
CHN,2003,0,4
CHN,2004,0,4
CHN,2005,2,6
CHN,2006,2,8
CHN,2007,4,12
CHN,2008,4,16
CHN,2009,0,16
CHN,2010,1,17
CHN,2011,1,18
CHN,2012,1,19
CHN,2013,3,22
CHN,2014,2,24
CHN,2015,2,26
CHN,2016,6,32
CHN,2017,4,36
CHN,2018,0,36
CHN,2019,2,38
CHN,2020,4,42
CHN,2021,31,73
CHN,2022,31,104
CHN,2023,17,121
CHN,2024,12,133
CHN,2025,1,134
CHN,2026,2,136
CIV,2011,3,3
CIV,2012,4,7
CIV,2013,0,7
CIV,2014,5,12
CIV,2015,1,13
CIV,2016,3,16
CIV,2017,1,17
CIV,2018,3,20
CIV,2019,3,23
CIV,2020,1,24
CIV,2021,1,25
CIV,2022,3,28
CIV,2023,3,31
CIV,2024,4,35
CIV,2025,2,37
CIV,2026,0,37
CMR,2009,2,2
CMR,2010,0,2
CMR,2011,2,4
CMR,2012,2,6
CMR,2013,0,6
CMR,2014,0,6
CMR,2015,1,7
CMR,2016,0,7
CMR,2017,1,8
CMR,2018,0,8
CMR,2019,0,8
CMR,2020,1,9
CMR,2021,0,9
CMR,2022,0,9
CMR,2023,0,9
CMR,2024,0,9
CMR,2025,0,9
CMR,2026,0,9
COD,2009,1,1
COD,2010,0,1
COD,2011,1,2
COD,2012,1,3
COD,2013,0,3
COD,2014,2,5
COD,2015,0,5
COD,2016,1,6
COD,2017,0,6
COD,2018,1,7
COD,2019,0,7
COD,2020,1,8
COD,2021,1,9
COD,2022,0,9
COD,2023,0,9
COD,2024,0,9
COD,2025,0,9
COD,2026,0,9
COG,1998,1,1
COG,1999,0,1
COG,2000,0,1
COG,2001,0,1
COG,2002,0,1
COG,2003,1,2
COG,2004,0,2
COG,2005,0,2
COG,2006,1,3
COG,2007,1,4
COG,2008,0,4
COG,2009,0,4
COG,2010,1,5
COG,2011,0,5
COG,2012,1,6
COG,2013,1,7
COG,2014,0,7
COG,2015,1,8
COG,2016,1,9
COG,2017,1,10
COG,2018,1,11
COG,2019,0,11
COG,2020,0,11
COG,2021,0,11
COG,2022,0,11
COG,2023,0,11
COG,2024,0,11
COG,2025,0,11
COG,2026,0,11
COK,2011,1,1
COK,2012,0,1
COK,2013,1,2
COK,2014,0,2
COK,2015,0,2
COK,2016,2,4
COK,2017,0,4
COK,2018,0,4
COK,2019,0,4
COK,2020,0,4
COK,2021,0,4
COK,2022,0,4
COK,2023,0,4
COK,2024,0,4
COK,2025,0,4
COK,2026,0,4
COL,1990,0,1
COL,1991,0,1
COL,1992,0,1
COL,1993,0,1
COL,1994,0,1
COL,1995,0,1
COL,1996,0,1
COL,1997,0,1
COL,1998,0,1
COL,1999,0,1
COL,2000,0,1
COL,2001,1,2
COL,2002,2,4
COL,2003,0,4
COL,2004,1,5
COL,2005,0,5
COL,2006,2,7
COL,2007,0,7
COL,2008,0,7
COL,2009,0,7
COL,2010,1,8
COL,2011,2,10
COL,2012,3,13
COL,2013,2,15
COL,2014,2,17
COL,2015,3,20
COL,2016,6,26
COL,2017,4,30
COL,2018,6,36
COL,2019,6,42
COL,2020,7,49
COL,2021,9,58
COL,2022,9,67
COL,2023,2,69
COL,2024,7,76
COL,2025,0,76
COL,2026,1,77
COM,2006,1,1
COM,2007,0,1
COM,2008,0,1
COM,2009,0,1
COM,2010,0,1
COM,2011,0,1
COM,2012,0,1
COM,2013,1,2
COM,2014,0,2
COM,2015,1,3
COM,2016,0,3
COM,2017,0,3
COM,2018,2,5
COM,2019,1,6
COM,2020,0,6
COM,2021,0,6
COM,2022,0,6
COM,2023,0,6
COM,2024,1,7
COM,2025,1,8
COM,2026,0,8
CPV,2004,1,1
CPV,2005,0,1
CPV,2006,0,1
CPV,2007,0,1
CPV,2008,0,1
CPV,2009,1,2
CPV,2010,1,3
CPV,2011,1,4
CPV,2012,1,5
CPV,2013,0,5
CPV,2014,2,7
CPV,2015,0,7
CPV,2016,0,7
CPV,2017,1,8
CPV,2018,0,8
CPV,2019,0,8
CPV,2020,0,8
CPV,2021,0,8
CPV,2022,0,8
CPV,2023,0,8
CPV,2024,0,8
CPV,2025,0,8
CPV,2026,0,8
CRI,1990,1,1
CRI,1991,0,1
CRI,1992,0,1
CRI,1993,0,1
CRI,1994,1,2
CRI,1995,0,2
CRI,1996,1,3
CRI,1997,0,3
CRI,1998,1,4
CRI,1999,0,4
CRI,2000,0,4
CRI,2001,0,4
CRI,2002,0,4
CRI,2003,0,4
CRI,2004,0,4
CRI,2005,0,4
CRI,2006,1,5
CRI,2007,0,5
CRI,2008,1,6
CRI,2009,2,8
CRI,2010,0,8
CRI,2011,3,11
CRI,2012,1,12
CRI,2013,2,14
CRI,2014,0,14
CRI,2015,4,18
CRI,2016,1,19
CRI,2017,5,24
CRI,2018,8,32
CRI,2019,3,35
CRI,2020,0,35
CRI,2021,0,35
CRI,2022,1,36
CRI,2023,1,37
CRI,2024,1,38
CRI,2025,0,38
CRI,2026,0,38
CUB,1993,1,1
CUB,1994,2,3
CUB,1995,0,3
CUB,1996,0,3
CUB,1997,2,5
CUB,1998,0,5
CUB,1999,0,5
CUB,2000,0,5
CUB,2001,0,5
CUB,2002,1,6
CUB,2003,0,6
CUB,2004,0,6
CUB,2005,0,6
CUB,2006,1,7
CUB,2007,1,8
CUB,2008,0,8
CUB,2009,1,9
CUB,2010,1,10
CUB,2011,1,11
CUB,2012,0,11
CUB,2013,0,11
CUB,2014,0,11
CUB,2015,1,12
CUB,2016,0,12
CUB,2017,2,14
CUB,2018,1,15
CUB,2019,3,18
CUB,2020,1,19
CUB,2021,4,23
CUB,2022,5,28
CUB,2023,4,32
CUB,2024,1,33
CUB,2025,1,34
CUB,2026,0,34
CYP,2013,1,1
CYP,2014,0,1
CYP,2015,0,1
CYP,2016,0,1
CYP,2017,0,1
CYP,2018,0,1
CYP,2019,0,1
CYP,2020,1,2
CYP,2021,2,4
CYP,2022,0,4
CYP,2023,0,4
CYP,2024,1,5
CYP,2025,0,5
CYP,2026,0,5
CZE,1995,1,1
CZE,1996,0,1
CZE,1997,0,1
CZE,1998,0,1
CZE,1999,0,1
CZE,2000,2,3
CZE,2001,3,6
CZE,2002,1,7
CZE,2003,0,7
CZE,2004,0,7
CZE,2005,0,7
CZE,2006,0,7
CZE,2007,0,7
CZE,2008,0,7
CZE,2009,0,7
CZE,2010,0,7
CZE,2011,0,7
CZE,2012,5,12
CZE,2013,0,12
CZE,2014,1,13
CZE,2015,0,13
CZE,2016,1,14
CZE,2017,4,18
CZE,2018,1,19
CZE,2019,1,20
CZE,2020,2,22
CZE,2021,7,29
CZE,2022,3,32
CZE,2023,1,33
CZE,2024,3,36
CZE,2025,3,39
CZE,2026,0,39
DEU,1990,1,3
DEU,1991,0,3
DEU,1992,0,3
DEU,1993,0,3
DEU,1994,0,3
DEU,1995,0,3
DEU,1996,0,3
DEU,1997,1,4
DEU,1998,0,4
DEU,1999,0,4
DEU,2000,1,5
DEU,2001,0,5
DEU,2002,2,7
DEU,2003,0,7
DEU,2004,0,7
DEU,2005,1,8
DEU,2006,0,8
DEU,2007,2,10
DEU,2008,4,14
DEU,2009,2,16
DEU,2010,2,18
DEU,2011,1,19
DEU,2012,2,21
DEU,2013,0,21
DEU,2014,2,23
DEU,2015,3,26
DEU,2016,4,30
DEU,2017,3,33
DEU,2018,2,35
DEU,2019,4,39
DEU,2020,9,48
DEU,2021,14,62
DEU,2022,13,75
DEU,2023,13,88
DEU,2024,3,91
DEU,2025,2,93
DEU,2026,1,94
DJI,1999,1,1
DJI,2000,1,2
DJI,2001,0,2
DJI,2002,0,2
DJI,2003,0,2
DJI,2004,0,2
DJI,2005,0,2
DJI,2006,2,4
DJI,2007,0,4
DJI,2008,0,4
DJI,2009,1,5
DJI,2010,0,5
DJI,2011,0,5
DJI,2012,1,6
DJI,2013,0,6
DJI,2014,2,8
DJI,2015,1,9
DJI,2016,0,9
DJI,2017,0,9
DJI,2018,0,9
DJI,2019,0,9
DJI,2020,0,9
DJI,2021,0,9
DJI,2022,0,9
DJI,2023,0,9
DJI,2024,0,9
DJI,2025,0,9
DJI,2026,0,9
DMA,2002,1,1
DMA,2003,0,1
DMA,2004,0,1
DMA,2005,0,1
DMA,2006,0,1
DMA,2007,0,1
DMA,2008,0,1
DMA,2009,0,1
DMA,2010,0,1
DMA,2011,0,1
DMA,2012,1,2
DMA,2013,0,2
DMA,2014,2,4
DMA,2015,0,4
DMA,2016,1,5
DMA,2017,0,5
DMA,2018,2,7
DMA,2019,0,7
DMA,2020,1,8
DMA,2021,0,8
DMA,2022,1,9
DMA,2023,0,9
DMA,2024,0,9
DMA,2025,0,9
DMA,2026,0,9
DNK,1990,1,2
DNK,1991,0,2
DNK,1992,0,2
DNK,1993,0,2
DNK,1994,0,2
DNK,1995,0,2
DNK,1996,0,2
DNK,1997,0,2
DNK,1998,0,2
DNK,1999,1,3
DNK,2000,0,3
DNK,2001,0,3
DNK,2002,0,3
DNK,2003,0,3
DNK,2004,0,3
DNK,2005,0,3
DNK,2006,1,4
DNK,2007,2,6
DNK,2008,1,7
DNK,2009,7,14
DNK,2010,0,14
DNK,2011,1,15
DNK,2012,3,18
DNK,2013,2,20
DNK,2014,4,24
DNK,2015,0,24
DNK,2016,3,27
DNK,2017,0,27
DNK,2018,4,31
DNK,2019,5,36
DNK,2020,11,47
DNK,2021,15,62
DNK,2022,12,74
DNK,2023,12,86
DNK,2024,17,103
DNK,2025,9,112
DNK,2026,1,113
DOM,2000,2,2
DOM,2001,2,4
DOM,2002,1,5
DOM,2003,0,5
DOM,2004,1,6
DOM,2005,0,6
DOM,2006,0,6
DOM,2007,1,7
DOM,2008,1,8
DOM,2009,0,8
DOM,2010,0,8
DOM,2011,0,8
DOM,2012,3,11
DOM,2013,3,14
DOM,2014,2,16
DOM,2015,1,17
DOM,2016,3,20
DOM,2017,0,20
DOM,2018,3,23
DOM,2019,0,23
DOM,2020,2,25
DOM,2021,0,25
DOM,2022,0,25
DOM,2023,1,26
DOM,2024,1,27
DOM,2025,0,27
DOM,2026,0,27
DZA,1999,2,2
DZA,2000,0,2
DZA,2001,0,2
DZA,2002,1,3
DZA,2003,1,4
DZA,2004,4,8
DZA,2005,2,10
DZA,2006,1,11
DZA,2007,0,11
DZA,2008,0,11
DZA,2009,0,11
DZA,2010,3,14
DZA,2011,2,16
DZA,2012,0,16
DZA,2013,0,16
DZA,2014,3,19
DZA,2015,3,22
DZA,2016,5,27
DZA,2017,1,28
DZA,2018,0,28
DZA,2019,4,32
DZA,2020,1,33
DZA,2021,2,35
DZA,2022,5,40
DZA,2023,1,41
DZA,2024,1,42
DZA,2025,0,42
DZA,2026,0,42
ECU,2008,1,1
ECU,2009,1,2
ECU,2010,1,3
ECU,2011,2,5
ECU,2012,3,8
ECU,2013,3,11
ECU,2014,3,14
ECU,2015,2,16
ECU,2016,2,18
ECU,2017,2,20
ECU,2018,5,25
ECU,2019,4,29
ECU,2020,0,29
ECU,2021,3,32
ECU,2022,2,34
ECU,2023,9,43
ECU,2024,6,49
ECU,2025,0,49
ECU,2026,0,49
EGY,2008,1,1
EGY,2009,1,2
EGY,2010,0,2
EGY,2011,2,4
EGY,2012,1,5
EGY,2013,0,5
EGY,2014,1,6
EGY,2015,4,10
EGY,2016,2,12
EGY,2017,1,13
EGY,2018,1,14
EGY,2019,1,15
EGY,2020,1,16
EGY,2021,1,17
EGY,2022,6,23
EGY,2023,2,25
EGY,2024,4,29
EGY,2025,1,30
EGY,2026,0,30
ERI,1997,1,1
ERI,1998,0,1
ERI,1999,0,1
ERI,2000,0,1
ERI,2001,0,1
ERI,2002,0,1
ERI,2003,0,1
ERI,2004,0,1
ERI,2005,0,1
ERI,2006,0,1
ERI,2007,0,1
ERI,2008,0,1
ERI,2009,0,1
ERI,2010,0,1
ERI,2011,0,1
ERI,2012,0,1
ERI,2013,0,1
ERI,2014,0,1
ERI,2015,0,1
ERI,2016,1,2
ERI,2017,0,2
ERI,2018,0,2
ERI,2019,0,2
ERI,2020,0,2
ERI,2021,0,2
ERI,2022,0,2
ERI,2023,0,2
ERI,2024,0,2
ERI,2025,0,2
ERI,2026,0,2
ESP,1998,2,2
ESP,1999,0,2
ESP,2000,0,2
ESP,2001,1,3
ESP,2002,1,4
ESP,2003,0,4
ESP,2004,0,4
ESP,2005,1,5
ESP,2006,0,5
ESP,2007,3,8
ESP,2008,2,10
ESP,2009,1,11
ESP,2010,2,13
ESP,2011,5,18
ESP,2012,0,18
ESP,2013,10,28
ESP,2014,4,32
ESP,2015,4,36
ESP,2016,5,41
ESP,2017,4,45
ESP,2018,4,49
ESP,2019,5,54
ESP,2020,14,68
ESP,2021,12,80
ESP,2022,13,93
ESP,2023,3,96
ESP,2024,4,100
ESP,2025,0,100
ESP,2026,0,100
EST,2005,1,1
EST,2006,0,1
EST,2007,1,2
EST,2008,0,2
EST,2009,0,2
EST,2010,0,2
EST,2011,0,2
EST,2012,0,2
EST,2013,0,2
EST,2014,0,2
EST,2015,0,2
EST,2016,0,2
EST,2017,3,5
EST,2018,0,5
EST,2019,1,6
EST,2020,1,7
EST,2021,1,8
EST,2022,1,9
EST,2023,0,9
EST,2024,0,9
EST,2025,1,10
EST,2026,1,11
ETH,1994,1,1
ETH,1995,0,1
ETH,1996,0,1
ETH,1997,2,3
ETH,1998,0,3
ETH,1999,0,3
ETH,2000,1,4
ETH,2001,0,4
ETH,2002,0,4
ETH,2003,1,5
ETH,2004,0,5
ETH,2005,0,5
ETH,2006,0,5
ETH,2007,1,6
ETH,2008,0,6
ETH,2009,0,6
ETH,2010,0,6
ETH,2011,3,9
ETH,2012,0,9
ETH,2013,2,11
ETH,2014,1,12
ETH,2015,4,16
ETH,2016,1,17
ETH,2017,0,17
ETH,2018,1,18
ETH,2019,1,19
ETH,2020,3,22
ETH,2021,1,23
ETH,2022,1,24
ETH,2023,1,25
ETH,2024,2,27
ETH,2025,1,28
ETH,2026,0,28
FIN,1999,1,1
FIN,2000,0,1
FIN,2001,0,1
FIN,2002,0,1
FIN,2003,0,1
FIN,2004,1,2
FIN,2005,1,3
FIN,2006,0,3
FIN,2007,0,3
FIN,2008,0,3
FIN,2009,0,3
FIN,2010,3,6
FIN,2011,1,7
FIN,2012,0,7
FIN,2013,2,9
FIN,2014,2,11
FIN,2015,1,12
FIN,2016,3,15
FIN,2017,1,16
FIN,2018,2,18
FIN,2019,2,20
FIN,2020,2,22
FIN,2021,6,28
FIN,2022,6,34
FIN,2023,3,37
FIN,2024,2,39
FIN,2025,1,40
FIN,2026,0,40
FJI,2005,1,1
FJI,2006,0,1
FJI,2007,1,2
FJI,2008,0,2
FJI,2009,0,2
FJI,2010,0,2
FJI,2011,1,3
FJI,2012,2,5
FJI,2013,1,6
FJI,2014,2,8
FJI,2015,0,8
FJI,2016,4,12
FJI,2017,4,16
FJI,2018,5,21
FJI,2019,4,25
FJI,2020,4,29
FJI,2021,3,32
FJI,2022,4,36
FJI,2023,2,38
FJI,2024,3,41
FJI,2025,0,41
FJI,2026,0,41
FRA,2001,1,1
FRA,2002,0,1
FRA,2003,0,1
FRA,2004,0,1
FRA,2005,1,2
FRA,2006,0,2
FRA,2007,1,3
FRA,2008,1,4
FRA,2009,2,6
FRA,2010,3,9
FRA,2011,3,12
FRA,2012,1,13
FRA,2013,1,14
FRA,2014,2,16
FRA,2015,5,21
FRA,2016,10,31
FRA,2017,8,39
FRA,2018,11,50
FRA,2019,6,56
FRA,2020,15,71
FRA,2021,21,92
FRA,2022,29,121
FRA,2023,21,142
FRA,2024,9,151
FRA,2025,3,154
FRA,2026,2,156
FSM,2009,1,1
FSM,2010,0,1
FSM,2011,0,1
FSM,2012,1,2
FSM,2013,3,5
FSM,2014,0,5
FSM,2015,2,7
FSM,2016,0,7
FSM,2017,1,8
FSM,2018,0,8
FSM,2019,0,8
FSM,2020,0,8
FSM,2021,0,8
FSM,2022,0,8
FSM,2023,0,8
FSM,2024,0,8
FSM,2025,0,8
FSM,2026,0,8
GAB,2005,1,1
GAB,2006,0,1
GAB,2007,0,1
GAB,2008,0,1
GAB,2009,0,1
GAB,2010,2,3
GAB,2011,1,4
GAB,2012,2,6
GAB,2013,1,7
GAB,2014,2,9
GAB,2015,1,10
GAB,2016,0,10
GAB,2017,0,10
GAB,2018,0,10
GAB,2019,0,10
GAB,2020,0,10
GAB,2021,1,11
GAB,2022,1,12
GAB,2023,0,12
GAB,2024,0,12
GAB,2025,1,13
GAB,2026,0,13
GBR,2000,1,1
GBR,2001,2,3
GBR,2002,2,5
GBR,2003,0,5
GBR,2004,0,5
GBR,2005,0,5
GBR,2006,1,6
GBR,2007,1,7
GBR,2008,3,10
GBR,2009,1,11
GBR,2010,3,14
GBR,2011,1,15
GBR,2012,2,17
GBR,2013,3,20
GBR,2014,4,24
GBR,2015,1,25
GBR,2016,3,28
GBR,2017,2,30
GBR,2018,2,32
GBR,2019,2,34
GBR,2020,11,45
GBR,2021,19,64
GBR,2022,13,77
GBR,2023,22,99
GBR,2024,7,106
GBR,2025,6,112
GBR,2026,1,113
GEO,2012,1,1
GEO,2013,0,1
GEO,2014,2,3
GEO,2015,0,3
GEO,2016,2,5
GEO,2017,0,5
GEO,2018,0,5
GEO,2019,4,9
GEO,2020,4,13
GEO,2021,4,17
GEO,2022,1,18
GEO,2023,2,20
GEO,2024,6,26
GEO,2025,0,26
GEO,2026,0,26
GHA,1996,1,1
GHA,1997,1,2
GHA,1998,0,2
GHA,1999,0,2
GHA,2000,0,2
GHA,2001,0,2
GHA,2002,0,2
GHA,2003,0,2
GHA,2004,1,3
GHA,2005,0,3
GHA,2006,1,4
GHA,2007,3,7
GHA,2008,0,7
GHA,2009,0,7
GHA,2010,3,10
GHA,2011,1,11
GHA,2012,2,13
GHA,2013,1,14
GHA,2014,2,16
GHA,2015,2,18
GHA,2016,6,24
GHA,2017,3,27
GHA,2018,2,29
GHA,2019,3,32
GHA,2020,0,32
GHA,2021,6,38
GHA,2022,15,53
GHA,2023,3,56
GHA,2024,3,59
GHA,2025,2,61
GHA,2026,0,61
GIN,1998,1,1
GIN,1999,0,1
GIN,2000,0,1
GIN,2001,0,1
GIN,2002,0,1
GIN,2003,0,1
GIN,2004,1,2
GIN,2005,0,2
GIN,2006,0,2
GIN,2007,1,3
GIN,2008,0,3
GIN,2009,0,3
GIN,2010,0,3
GIN,2011,1,4
GIN,2012,0,4
GIN,2013,0,4
GIN,2014,0,4
GIN,2015,0,4
GIN,2016,1,5
GIN,2017,1,6
GIN,2018,0,6
GIN,2019,3,9
GIN,2020,0,9
GIN,2021,1,10
GIN,2022,0,10
GIN,2023,0,10
GIN,2024,0,10
GIN,2025,0,10
GIN,2026,0,10
GMB,2005,1,1
GMB,2006,0,1
GMB,2007,1,2
GMB,2008,0,2
GMB,2009,2,4
GMB,2010,0,4
GMB,2011,0,4
GMB,2012,0,4
GMB,2013,1,5
GMB,2014,0,5
GMB,2015,1,6
GMB,2016,1,7
GMB,2017,1,8
GMB,2018,0,8
GMB,2019,0,8
GMB,2020,0,8
GMB,2021,2,10
GMB,2022,1,11
GMB,2023,0,11
GMB,2024,0,11
GMB,2025,0,11
GMB,2026,0,11
GNB,2011,2,2
GNB,2012,0,2
GNB,2013,0,2
GNB,2014,0,2
GNB,2015,2,4
GNB,2016,0,4
GNB,2017,0,4
GNB,2018,0,4
GNB,2019,0,4
GNB,2020,1,5
GNB,2021,0,5
GNB,2022,0,5
GNB,2023,0,5
GNB,2024,0,5
GNB,2025,0,5
GNB,2026,0,5
GNQ,2013,1,1
GNQ,2014,0,1
GNQ,2015,1,2
GNQ,2016,0,2
GNQ,2017,0,2
GNQ,2018,1,3
GNQ,2019,1,4
GNQ,2020,1,5
GNQ,2021,1,6
GNQ,2022,0,6
GNQ,2023,0,6
GNQ,2024,0,6
GNQ,2025,0,6
GNQ,2026,0,6
GRC,1994,1,1
GRC,1995,0,1
GRC,1996,0,1
GRC,1997,0,1
GRC,1998,0,1
GRC,1999,0,1
GRC,2000,0,1
GRC,2001,0,1
GRC,2002,0,1
GRC,2003,1,2
GRC,2004,1,3
GRC,2005,1,4
GRC,2006,1,5
GRC,2007,0,5
GRC,2008,1,6
GRC,2009,0,6
GRC,2010,4,10
GRC,2011,1,11
GRC,2012,0,11
GRC,2013,0,11
GRC,2014,1,12
GRC,2015,0,12
GRC,2016,2,14
GRC,2017,0,14
GRC,2018,1,15
GRC,2019,2,17
GRC,2020,3,20
GRC,2021,1,21
GRC,2022,2,23
GRC,2023,3,26
GRC,2024,3,29
GRC,2025,1,30
GRC,2026,0,30
GRD,2007,1,1
GRD,2008,0,1
GRD,2009,0,1
GRD,2010,0,1
GRD,2011,4,5
GRD,2012,1,6
GRD,2013,0,6
GRD,2014,0,6
GRD,2015,0,6
GRD,2016,0,6
GRD,2017,2,8
GRD,2018,0,8
GRD,2019,1,9
GRD,2020,0,9
GRD,2021,0,9
GRD,2022,0,9
GRD,2023,1,10
GRD,2024,0,10
GRD,2025,0,10
GRD,2026,0,10
GTM,1990,0,1
GTM,1991,0,1
GTM,1992,0,1
GTM,1993,0,1
GTM,1994,0,1
GTM,1995,0,1
GTM,1996,0,1
GTM,1997,0,1
GTM,1998,0,1
GTM,1999,0,1
GTM,2000,0,1
GTM,2001,0,1
GTM,2002,0,1
GTM,2003,1,2
GTM,2004,0,2
GTM,2005,1,3
GTM,2006,0,3
GTM,2007,0,3
GTM,2008,0,3
GTM,2009,4,7
GTM,2010,4,11
GTM,2011,3,14
GTM,2012,0,14
GTM,2013,3,17
GTM,2014,3,20
GTM,2015,2,22
GTM,2016,1,23
GTM,2017,1,24
GTM,2018,2,26
GTM,2019,1,27
GTM,2020,4,31
GTM,2021,1,32
GTM,2022,1,33
GTM,2023,4,37
GTM,2024,3,40
GTM,2025,1,41
GTM,2026,0,41
GUY,1996,1,1
GUY,1997,0,1
GUY,1998,0,1
GUY,1999,0,1
GUY,2000,0,1
GUY,2001,1,2
GUY,2002,0,2
GUY,2003,0,2
GUY,2004,0,2
GUY,2005,0,2
GUY,2006,0,2
GUY,2007,0,2
GUY,2008,0,2
GUY,2009,1,3
GUY,2010,1,4
GUY,2011,1,5
GUY,2012,0,5
GUY,2013,2,7
GUY,2014,0,7
GUY,2015,0,7
GUY,2016,0,7
GUY,2017,1,8
GUY,2018,2,10
GUY,2019,0,10
GUY,2020,1,11
GUY,2021,2,13
GUY,2022,1,14
GUY,2023,0,14
GUY,2024,0,14
GUY,2025,0,14
GUY,2026,0,14
HKG,2008,1,1
HKG,2009,0,1
HKG,2010,0,1
HKG,2011,0,1
HKG,2012,0,1
HKG,2013,0,1
HKG,2014,0,1
HKG,2015,0,1
HKG,2016,0,1
HKG,2017,0,1
HKG,2018,0,1
HKG,2019,0,1
HKG,2020,0,1
HKG,2021,3,4
HKG,2022,1,5
HKG,2023,0,5
HKG,2024,1,6
HKG,2025,0,6
HKG,2026,0,6
HND,1998,1,1
HND,1999,0,1
HND,2000,0,1
HND,2001,0,1
HND,2002,0,1
HND,2003,1,2
HND,2004,0,2
HND,2005,0,2
HND,2006,0,2
HND,2007,2,4
HND,2008,0,4
HND,2009,0,4
HND,2010,4,8
HND,2011,1,9
HND,2012,1,10
HND,2013,2,12
HND,2014,1,13
HND,2015,1,14
HND,2016,0,14
HND,2017,0,14
HND,2018,3,17
HND,2019,0,17
HND,2020,1,18
HND,2021,3,21
HND,2022,2,23
HND,2023,4,27
HND,2024,1,28
HND,2025,0,28
HND,2026,0,28
HRV,2003,1,1
HRV,2004,0,1
HRV,2005,1,2
HRV,2006,0,2
HRV,2007,1,3
HRV,2008,0,3
HRV,2009,2,5
HRV,2010,0,5
HRV,2011,1,6
HRV,2012,1,7
HRV,2013,3,10
HRV,2014,2,12
HRV,2015,1,13
HRV,2016,3,16
HRV,2017,1,17
HRV,2018,1,18
HRV,2019,2,20
HRV,2020,4,24
HRV,2021,7,31
HRV,2022,3,34
HRV,2023,0,34
HRV,2024,1,35
HRV,2025,1,36
HRV,2026,0,36
HTI,2006,1,1
HTI,2007,0,1
HTI,2008,0,1
HTI,2009,0,1
HTI,2010,0,1
HTI,2011,1,2
HTI,2012,0,2
HTI,2013,0,2
HTI,2014,0,2
HTI,2015,0,2
HTI,2016,0,2
HTI,2017,0,2
HTI,2018,0,2
HTI,2019,2,4
HTI,2020,1,5
HTI,2021,0,5
HTI,2022,0,5
HTI,2023,0,5
HTI,2024,0,5
HTI,2025,0,5
HTI,2026,0,5
HUN,2005,1,1
HUN,2006,0,1
HUN,2007,0,1
HUN,2008,3,4
HUN,2009,0,4
HUN,2010,2,6
HUN,2011,4,10
HUN,2012,1,11
HUN,2013,0,11
HUN,2014,1,12
HUN,2015,2,14
HUN,2016,0,14
HUN,2017,0,14
HUN,2018,0,14
HUN,2019,1,15
HUN,2020,3,18
HUN,2021,2,20
HUN,2022,0,20
HUN,2023,1,21
HUN,2024,1,22
HUN,2025,0,22
HUN,2026,0,22
IDN,1999,1,1
IDN,2000,0,1
IDN,2001,0,1
IDN,2002,0,1
IDN,2003,0,1
IDN,2004,0,1
IDN,2005,2,3
IDN,2006,1,4
IDN,2007,3,7
IDN,2008,4,11
IDN,2009,6,17
IDN,2010,1,18
IDN,2011,6,24
IDN,2012,5,29
IDN,2013,3,32
IDN,2014,4,36
IDN,2015,2,38
IDN,2016,0,38
IDN,2017,9,47
IDN,2018,1,48
IDN,2019,6,54
IDN,2020,7,61
IDN,2021,5,66
IDN,2022,6,72
IDN,2023,7,79
IDN,2024,3,82
IDN,2025,4,86
IDN,2026,0,86
IND,1990,0,1
IND,1991,0,1
IND,1992,0,1
IND,1993,0,1
IND,1994,0,1
IND,1995,0,1
IND,1996,0,1
IND,1997,0,1
IND,1998,0,1
IND,1999,0,1
IND,2000,0,1
IND,2001,1,2
IND,2002,0,2
IND,2003,1,3
IND,2004,0,3
IND,2005,3,6
IND,2006,4,10
IND,2007,1,11
IND,2008,1,12
IND,2009,2,14
IND,2010,2,16
IND,2011,1,17
IND,2012,3,20
IND,2013,1,21
IND,2014,5,26
IND,2015,4,30
IND,2016,4,34
IND,2017,8,42
IND,2018,2,44
IND,2019,11,55
IND,2020,5,60
IND,2021,4,64
IND,2022,4,68
IND,2023,6,74
IND,2024,4,78
IND,2025,4,82
IND,2026,1,83
IRL,1990,0,1
IRL,1991,0,1
IRL,1992,0,1
IRL,1993,0,1
IRL,1994,0,1
IRL,1995,0,1
IRL,1996,0,1
IRL,1997,0,1
IRL,1998,0,1
IRL,1999,1,2
IRL,2000,0,2
IRL,2001,1,3
IRL,2002,1,4
IRL,2003,0,4
IRL,2004,0,4
IRL,2005,0,4
IRL,2006,0,4
IRL,2007,2,6
IRL,2008,0,6
IRL,2009,1,7
IRL,2010,1,8
IRL,2011,0,8
IRL,2012,1,9
IRL,2013,1,10
IRL,2014,1,11
IRL,2015,2,13
IRL,2016,1,14
IRL,2017,3,17
IRL,2018,5,22
IRL,2019,10,32
IRL,2020,5,37
IRL,2021,3,40
IRL,2022,4,44
IRL,2023,5,49
IRL,2024,3,52
IRL,2025,0,52
IRL,2026,0,52
IRN,1991,1,1
IRN,1992,0,1
IRN,1993,0,1
IRN,1994,0,1
IRN,1995,0,1
IRN,1996,0,1
IRN,1997,0,1
IRN,1998,0,1
IRN,1999,0,1
IRN,2000,0,1
IRN,2001,1,2
IRN,2002,0,2
IRN,2003,1,3
IRN,2004,0,3
IRN,2005,0,3
IRN,2006,1,4
IRN,2007,0,4
IRN,2008,0,4
IRN,2009,3,7
IRN,2010,2,9
IRN,2011,2,11
IRN,2012,0,11
IRN,2013,1,12
IRN,2014,0,12
IRN,2015,0,12
IRN,2016,0,12
IRN,2017,1,13
IRN,2018,0,13
IRN,2019,0,13
IRN,2020,0,13
IRN,2021,0,13
IRN,2022,0,13
IRN,2023,0,13
IRN,2024,0,13
IRN,2025,0,13
IRN,2026,0,13
IRQ,2009,1,1
IRQ,2010,0,1
IRQ,2011,0,1
IRQ,2012,0,1
IRQ,2013,0,1
IRQ,2014,0,1
IRQ,2015,0,1
IRQ,2016,0,1
IRQ,2017,0,1
IRQ,2018,0,1
IRQ,2019,0,1
IRQ,2020,0,1
IRQ,2021,0,1
IRQ,2022,0,1
IRQ,2023,0,1
IRQ,2024,1,2
IRQ,2025,0,2
IRQ,2026,0,2
ISL,2008,2,2
ISL,2009,2,4
ISL,2010,0,4
ISL,2011,0,4
ISL,2012,1,5
ISL,2013,2,7
ISL,2014,0,7
ISL,2015,0,7
ISL,2016,0,7
ISL,2017,0,7
ISL,2018,1,8
ISL,2019,0,8
ISL,2020,0,8
ISL,2021,1,9
ISL,2022,0,9
ISL,2023,0,9
ISL,2024,0,9
ISL,2025,0,9
ISL,2026,0,9
ISR,1990,0,3
ISR,1991,0,3
ISR,1992,0,3
ISR,1993,3,6
ISR,1994,0,6
ISR,1995,0,6
ISR,1996,0,6
ISR,1997,0,6
ISR,1998,0,6
ISR,1999,0,6
ISR,2000,0,6
ISR,2001,0,6
ISR,2002,0,6
ISR,2003,0,6
ISR,2004,5,11
ISR,2005,0,11
ISR,2006,0,11
ISR,2007,0,11
ISR,2008,0,11
ISR,2009,0,11
ISR,2010,1,12
ISR,2011,2,14
ISR,2012,2,16
ISR,2013,1,17
ISR,2014,0,17
ISR,2015,0,17
ISR,2016,3,20
ISR,2017,0,20
ISR,2018,2,22
ISR,2019,0,22
ISR,2020,1,23
ISR,2021,3,26
ISR,2022,3,29
ISR,2023,0,29
ISR,2024,0,29
ISR,2025,0,29
ISR,2026,0,29
ITA,2000,1,1
ITA,2001,0,1
ITA,2002,1,2
ITA,2003,1,3
ITA,2004,1,4
ITA,2005,0,4
ITA,2006,2,6
ITA,2007,2,8
ITA,2008,0,8
ITA,2009,4,12
ITA,2010,2,14
ITA,2011,3,17
ITA,2012,1,18
ITA,2013,2,20
ITA,2014,2,22
ITA,2015,2,24
ITA,2016,3,27
ITA,2017,2,29
ITA,2018,2,31
ITA,2019,6,37
ITA,2020,6,43
ITA,2021,6,49
ITA,2022,7,56
ITA,2023,5,61
ITA,2024,6,67
ITA,2025,2,69
ITA,2026,0,69
JAM,2002,1,1
JAM,2003,0,1
JAM,2004,0,1
JAM,2005,0,1
JAM,2006,0,1
JAM,2007,0,1
JAM,2008,0,1
JAM,2009,2,3
JAM,2010,0,3
JAM,2011,0,3
JAM,2012,0,3
JAM,2013,0,3
JAM,2014,0,3
JAM,2015,1,4
JAM,2016,0,4
JAM,2017,0,4
JAM,2018,0,4
JAM,2019,0,4
JAM,2020,1,5
JAM,2021,1,6
JAM,2022,0,6
JAM,2023,0,6
JAM,2024,0,6
JAM,2025,0,6
JAM,2026,0,6
JOR,2003,1,1
JOR,2004,0,1
JOR,2005,0,1
JOR,2006,0,1
JOR,2007,0,1
JOR,2008,0,1
JOR,2009,0,1
JOR,2010,1,2
JOR,2011,0,2
JOR,2012,1,3
JOR,2013,1,4
JOR,2014,0,4
JOR,2015,3,7
JOR,2016,5,12
JOR,2017,2,14
JOR,2018,0,14
JOR,2019,2,16
JOR,2020,8,24
JOR,2021,1,25
JOR,2022,3,28
JOR,2023,6,34
JOR,2024,1,35
JOR,2025,1,36
JOR,2026,0,36
JPN,1990,0,5
JPN,1991,0,5
JPN,1992,0,5
JPN,1993,0,5
JPN,1994,0,5
JPN,1995,0,5
JPN,1996,0,5
JPN,1997,1,6
JPN,1998,1,7
JPN,1999,0,7
JPN,2000,0,7
JPN,2001,0,7
JPN,2002,2,9
JPN,2003,0,9
JPN,2004,0,9
JPN,2005,0,9
JPN,2006,0,9
JPN,2007,2,11
JPN,2008,0,11
JPN,2009,0,11
JPN,2010,1,12
JPN,2011,1,13
JPN,2012,3,16
JPN,2013,1,17
JPN,2014,3,20
JPN,2015,8,28
JPN,2016,1,29
JPN,2017,3,32
JPN,2018,5,37
JPN,2019,3,40
JPN,2020,9,49
JPN,2021,8,57
JPN,2022,5,62
JPN,2023,8,70
JPN,2024,4,74
JPN,2025,1,75
JPN,2026,0,75
KAZ,1993,1,1
KAZ,1994,0,1
KAZ,1995,0,1
KAZ,1996,1,2
KAZ,1997,1,3
KAZ,1998,0,3
KAZ,1999,0,3
KAZ,2000,0,3
KAZ,2001,0,3
KAZ,2002,0,3
KAZ,2003,1,4
KAZ,2004,1,5
KAZ,2005,0,5
KAZ,2006,1,6
KAZ,2007,1,7
KAZ,2008,0,7
KAZ,2009,1,8
KAZ,2010,0,8
KAZ,2011,1,9
KAZ,2012,1,10
KAZ,2013,2,12
KAZ,2014,0,12
KAZ,2015,1,13
KAZ,2016,2,15
KAZ,2017,1,16
KAZ,2018,1,17
KAZ,2019,0,17
KAZ,2020,1,18
KAZ,2021,2,20
KAZ,2022,2,22
KAZ,2023,1,23
KAZ,2024,2,25
KAZ,2025,0,25
KAZ,2026,0,25
KEN,1999,1,1
KEN,2000,0,1
KEN,2001,0,1
KEN,2002,0,1
KEN,2003,0,1
KEN,2004,0,1
KEN,2005,0,1
KEN,2006,2,3
KEN,2007,0,3
KEN,2008,3,6
KEN,2009,3,9
KEN,2010,0,9
KEN,2011,1,10
KEN,2012,0,10
KEN,2013,2,12
KEN,2014,1,13
KEN,2015,0,13
KEN,2016,7,20
KEN,2017,1,21
KEN,2018,2,23
KEN,2019,3,26
KEN,2020,1,27
KEN,2021,5,32
KEN,2022,1,33
KEN,2023,5,38
KEN,2024,6,44
KEN,2025,2,46
KEN,2026,0,46
KGZ,1998,1,1
KGZ,1999,0,1
KGZ,2000,0,1
KGZ,2001,0,1
KGZ,2002,0,1
KGZ,2003,0,1
KGZ,2004,0,1
KGZ,2005,0,1
KGZ,2006,0,1
KGZ,2007,1,2
KGZ,2008,1,3
KGZ,2009,0,3
KGZ,2010,0,3
KGZ,2011,1,4
KGZ,2012,0,4
KGZ,2013,2,6
KGZ,2014,0,6
KGZ,2015,1,7
KGZ,2016,0,7
KGZ,2017,0,7
KGZ,2018,2,9
KGZ,2019,2,11
KGZ,2020,1,12
KGZ,2021,4,16
KGZ,2022,0,16
KGZ,2023,0,16
KGZ,2024,0,16
KGZ,2025,0,16
KGZ,2026,0,16
KHM,2004,2,2
KHM,2005,0,2
KHM,2006,1,3
KHM,2007,0,3
KHM,2008,0,3
KHM,2009,0,3
KHM,2010,2,5
KHM,2011,0,5
KHM,2012,1,6
KHM,2013,7,13
KHM,2014,8,21
KHM,2015,6,27
KHM,2016,3,30
KHM,2017,4,34
KHM,2018,2,36
KHM,2019,3,39
KHM,2020,0,39
KHM,2021,0,39
KHM,2022,6,45
KHM,2023,4,49
KHM,2024,1,50
KHM,2025,0,50
KHM,2026,0,50
KIR,2008,1,1
KIR,2009,1,2
KIR,2010,1,3
KIR,2011,1,4
KIR,2012,1,5
KIR,2013,2,7
KIR,2014,1,8
KIR,2015,0,8
KIR,2016,2,10
KIR,2017,1,11
KIR,2018,1,12
KIR,2019,1,13
KIR,2020,2,15
KIR,2021,2,17
KIR,2022,1,18
KIR,2023,0,18
KIR,2024,0,18
KIR,2025,1,19
KIR,2026,0,19
KNA,2011,1,1
KNA,2012,0,1
KNA,2013,1,2
KNA,2014,2,4
KNA,2015,0,4
KNA,2016,0,4
KNA,2017,0,4
KNA,2018,2,6
KNA,2019,1,7
KNA,2020,0,7
KNA,2021,0,7
KNA,2022,1,8
KNA,2023,0,8
KNA,2024,0,8
KNA,2025,0,8
KNA,2026,0,8
KOR,1990,1,2
KOR,1991,2,4
KOR,1992,1,5
KOR,1993,0,5
KOR,1994,1,6
KOR,1995,0,6
KOR,1996,0,6
KOR,1997,0,6
KOR,1998,0,6
KOR,1999,0,6
KOR,2000,1,7
KOR,2001,0,7
KOR,2002,0,7
KOR,2003,0,7
KOR,2004,3,10
KOR,2005,1,11
KOR,2006,2,13
KOR,2007,1,14
KOR,2008,3,17
KOR,2009,3,20
KOR,2010,3,23
KOR,2011,3,26
KOR,2012,3,29
KOR,2013,1,30
KOR,2014,4,34
KOR,2015,2,36
KOR,2016,2,38
KOR,2017,4,42
KOR,2018,0,42
KOR,2019,4,46
KOR,2020,8,54
KOR,2021,14,68
KOR,2022,7,75
KOR,2023,15,90
KOR,2024,8,98
KOR,2025,2,100
KOR,2026,1,101
KWT,1990,0,1
KWT,1991,0,1
KWT,1992,0,1
KWT,1993,0,1
KWT,1994,0,1
KWT,1995,1,2
KWT,1996,0,2
KWT,1997,0,2
KWT,1998,0,2
KWT,1999,0,2
KWT,2000,0,2
KWT,2001,0,2
KWT,2002,0,2
KWT,2003,0,2
KWT,2004,0,2
KWT,2005,0,2
KWT,2006,0,2
KWT,2007,0,2
KWT,2008,0,2
KWT,2009,0,2
KWT,2010,0,2
KWT,2011,0,2
KWT,2012,0,2
KWT,2013,0,2
KWT,2014,0,2
KWT,2015,0,2
KWT,2016,1,3
KWT,2017,0,3
KWT,2018,0,3
KWT,2019,0,3
KWT,2020,0,3
KWT,2021,0,3
KWT,2022,0,3
KWT,2023,1,4
KWT,2024,0,4
KWT,2025,0,4
KWT,2026,0,4
LAO,2005,1,1
LAO,2006,0,1
LAO,2007,0,1
LAO,2008,0,1
LAO,2009,0,1
LAO,2010,1,2
LAO,2011,1,3
LAO,2012,0,3
LAO,2013,1,4
LAO,2014,0,4
LAO,2015,2,6
LAO,2016,1,7
LAO,2017,0,7
LAO,2018,3,10
LAO,2019,2,12
LAO,2020,0,12
LAO,2021,1,13
LAO,2022,0,13
LAO,2023,0,13
LAO,2024,0,13
LAO,2025,1,14
LAO,2026,0,14
LBN,2008,1,1
LBN,2009,0,1
LBN,2010,0,1
LBN,2011,0,1
LBN,2012,2,3
LBN,2013,0,3
LBN,2014,1,4
LBN,2015,1,5
LBN,2016,2,7
LBN,2017,2,9
LBN,2018,0,9
LBN,2019,0,9
LBN,2020,1,10
LBN,2021,1,11
LBN,2022,2,13
LBN,2023,0,13
LBN,2024,1,14
LBN,2025,0,14
LBN,2026,0,14
LBR,2002,2,2
LBR,2003,0,2
LBR,2004,0,2
LBR,2005,0,2
LBR,2006,0,2
LBR,2007,0,2
LBR,2008,1,3
LBR,2009,1,4
LBR,2010,0,4
LBR,2011,0,4
LBR,2012,4,8
LBR,2013,0,8
LBR,2014,0,8
LBR,2015,0,8
LBR,2016,0,8
LBR,2017,0,8
LBR,2018,2,10
LBR,2019,0,10
LBR,2020,0,10
LBR,2021,0,10
LBR,2022,0,10
LBR,2023,0,10
LBR,2024,0,10
LBR,2025,0,10
LBR,2026,0,10
LBY,2007,1,1
LBY,2008,0,1
LBY,2009,0,1
LBY,2010,0,1
LBY,2011,0,1
LBY,2012,1,2
LBY,2013,0,2
LBY,2014,0,2
LBY,2015,0,2
LBY,2016,0,2
LBY,2017,0,2
LBY,2018,0,2
LBY,2019,0,2
LBY,2020,0,2
LBY,2021,0,2
LBY,2022,0,2
LBY,2023,0,2
LBY,2024,0,2
LBY,2025,0,2
LBY,2026,0,2
LCA,2003,1,1
LCA,2004,0,1
LCA,2005,0,1
LCA,2006,1,2
LCA,2007,0,2
LCA,2008,0,2
LCA,2009,0,2
LCA,2010,1,3
LCA,2011,0,3
LCA,2012,0,3
LCA,2013,0,3
LCA,2014,0,3
LCA,2015,1,4
LCA,2016,1,5
LCA,2017,1,6
LCA,2018,7,13
LCA,2019,1,14
LCA,2020,3,17
LCA,2021,1,18
LCA,2022,0,18
LCA,2023,0,18
LCA,2024,2,20
LCA,2025,0,20
LCA,2026,0,20
LIE,2003,1,1
LIE,2004,0,1
LIE,2005,0,1
LIE,2006,0,1
LIE,2007,2,3
LIE,2008,3,6
LIE,2009,0,6
LIE,2010,0,6
LIE,2011,0,6
LIE,2012,2,8
LIE,2013,2,10
LIE,2014,0,10
LIE,2015,0,10
LIE,2016,0,10
LIE,2017,0,10
LIE,2018,1,11
LIE,2019,0,11
LIE,2020,3,14
LIE,2021,0,14
LIE,2022,2,16
LIE,2023,0,16
LIE,2024,0,16
LIE,2025,0,16
LIE,2026,0,16
LKA,1990,0,3
LKA,1991,0,3
LKA,1992,0,3
LKA,1993,0,3
LKA,1994,0,3
LKA,1995,0,3
LKA,1996,0,3
LKA,1997,0,3
LKA,1998,0,3
LKA,1999,0,3
LKA,2000,0,3
LKA,2001,0,3
LKA,2002,0,3
LKA,2003,1,4
LKA,2004,0,4
LKA,2005,1,5
LKA,2006,0,5
LKA,2007,1,6
LKA,2008,1,7
LKA,2009,0,7
LKA,2010,3,10
LKA,2011,0,10
LKA,2012,1,11
LKA,2013,0,11
LKA,2014,1,12
LKA,2015,2,14
LKA,2016,2,16
LKA,2017,0,16
LKA,2018,1,17
LKA,2019,3,20
LKA,2020,2,22
LKA,2021,1,23
LKA,2022,2,25
LKA,2023,2,27
LKA,2024,1,28
LKA,2025,2,30
LKA,2026,0,30
LSO,2000,1,1
LSO,2001,0,1
LSO,2002,0,1
LSO,2003,0,1
LSO,2004,0,1
LSO,2005,1,2
LSO,2006,0,2
LSO,2007,0,2
LSO,2008,2,4
LSO,2009,0,4
LSO,2010,0,4
LSO,2011,0,4
LSO,2012,1,5
LSO,2013,0,5
LSO,2014,2,7
LSO,2015,0,7
LSO,2016,1,8
LSO,2017,1,9
LSO,2018,2,11
LSO,2019,1,12
LSO,2020,0,12
LSO,2021,2,14
LSO,2022,0,14
LSO,2023,0,14
LSO,2024,1,15
LSO,2025,0,15
LSO,2026,0,15
LTU,2009,1,1
LTU,2010,1,2
LTU,2011,1,3
LTU,2012,2,5
LTU,2013,0,5
LTU,2014,0,5
LTU,2015,0,5
LTU,2016,1,6
LTU,2017,0,6
LTU,2018,0,6
LTU,2019,1,7
LTU,2020,3,10
LTU,2021,5,15
LTU,2022,3,18
LTU,2023,5,23
LTU,2024,4,27
LTU,2025,0,27
LTU,2026,0,27
LUX,1999,1,1
LUX,2000,0,1
LUX,2001,0,1
LUX,2002,0,1
LUX,2003,0,1
LUX,2004,0,1
LUX,2005,0,1
LUX,2006,1,2
LUX,2007,0,2
LUX,2008,0,2
LUX,2009,0,2
LUX,2010,0,2
LUX,2011,0,2
LUX,2012,3,5
LUX,2013,0,5
LUX,2014,0,5
LUX,2015,2,7
LUX,2016,3,10
LUX,2017,2,12
LUX,2018,3,15
LUX,2019,0,15
LUX,2020,4,19
LUX,2021,1,20
LUX,2022,1,21
LUX,2023,0,21
LUX,2024,1,22
LUX,2025,0,22
LUX,2026,0,22
LVA,2005,1,1
LVA,2006,0,1
LVA,2007,0,1
LVA,2008,0,1
LVA,2009,0,1
LVA,2010,1,2
LVA,2011,0,2
LVA,2012,1,3
LVA,2013,0,3
LVA,2014,0,3
LVA,2015,0,3
LVA,2016,0,3
LVA,2017,0,3
LVA,2018,1,4
LVA,2019,2,6
LVA,2020,2,8
LVA,2021,2,10
LVA,2022,6,16
LVA,2023,0,16
LVA,2024,3,19
LVA,2025,0,19
LVA,2026,0,19
MAR,2003,1,1
MAR,2004,0,1
MAR,2005,0,1
MAR,2006,0,1
MAR,2007,0,1
MAR,2008,1,2
MAR,2009,3,5
MAR,2010,3,8
MAR,2011,0,8
MAR,2012,1,9
MAR,2013,1,10
MAR,2014,4,14
MAR,2015,1,15
MAR,2016,4,19
MAR,2017,3,22
MAR,2018,1,23
MAR,2019,3,26
MAR,2020,4,30
MAR,2021,1,31
MAR,2022,1,32
MAR,2023,0,32
MAR,2024,1,33
MAR,2025,0,33
MAR,2026,0,33
MCO,2011,1,1
MCO,2012,0,1
MCO,2013,0,1
MCO,2014,0,1
MCO,2015,0,1
MCO,2016,0,1
MCO,2017,2,3
MCO,2018,2,5
MCO,2019,0,5
MCO,2020,1,6
MCO,2021,1,7
MCO,2022,0,7
MCO,2023,0,7
MCO,2024,0,7
MCO,2025,0,7
MCO,2026,0,7
MDA,2000,1,1
MDA,2001,0,1
MDA,2002,0,1
MDA,2003,0,1
MDA,2004,0,1
MDA,2005,0,1
MDA,2006,0,1
MDA,2007,0,1
MDA,2008,0,1
MDA,2009,0,1
MDA,2010,0,1
MDA,2011,2,3
MDA,2012,1,4
MDA,2013,0,4
MDA,2014,5,9
MDA,2015,1,10
MDA,2016,3,13
MDA,2017,1,14
MDA,2018,5,19
MDA,2019,2,21
MDA,2020,1,22
MDA,2021,0,22
MDA,2022,0,22
MDA,2023,6,28
MDA,2024,4,32
MDA,2025,1,33
MDA,2026,0,33
MDG,2003,1,1
MDG,2004,0,1
MDG,2005,0,1
MDG,2006,0,1
MDG,2007,0,1
MDG,2008,1,2
MDG,2009,0,2
MDG,2010,0,2
MDG,2011,1,3
MDG,2012,0,3
MDG,2013,1,4
MDG,2014,4,8
MDG,2015,4,12
MDG,2016,1,13
MDG,2017,1,14
MDG,2018,1,15
MDG,2019,2,17
MDG,2020,0,17
MDG,2021,5,22
MDG,2022,0,22
MDG,2023,0,22
MDG,2024,0,22
MDG,2025,0,22
MDG,2026,0,22
MDV,1993,1,1
MDV,1994,0,1
MDV,1995,0,1
MDV,1996,0,1
MDV,1997,0,1
MDV,1998,0,1
MDV,1999,0,1
MDV,2000,0,1
MDV,2001,0,1
MDV,2002,0,1
MDV,2003,0,1
MDV,2004,0,1
MDV,2005,0,1
MDV,2006,2,3
MDV,2007,1,4
MDV,2008,0,4
MDV,2009,1,5
MDV,2010,1,6
MDV,2011,0,6
MDV,2012,0,6
MDV,2013,0,6
MDV,2014,0,6
MDV,2015,3,9
MDV,2016,1,10
MDV,2017,1,11
MDV,2018,1,12
MDV,2019,3,15
MDV,2020,1,16
MDV,2021,2,18
MDV,2022,1,19
MDV,2023,2,21
MDV,2024,5,26
MDV,2025,2,28
MDV,2026,0,28
MEX,1990,0,3
MEX,1991,0,3
MEX,1992,0,3
MEX,1993,0,3
MEX,1994,0,3
MEX,1995,0,3
MEX,1996,0,3
MEX,1997,0,3
MEX,1998,0,3
MEX,1999,0,3
MEX,2000,0,3
MEX,2001,1,4
MEX,2002,0,4
MEX,2003,0,4
MEX,2004,0,4
MEX,2005,0,4
MEX,2006,0,4
MEX,2007,0,4
MEX,2008,3,7
MEX,2009,3,10
MEX,2010,0,10
MEX,2011,2,12
MEX,2012,3,15
MEX,2013,3,18
MEX,2014,2,20
MEX,2015,8,28
MEX,2016,5,33
MEX,2017,6,39
MEX,2018,7,46
MEX,2019,4,50
MEX,2020,4,54
MEX,2021,4,58
MEX,2022,6,64
MEX,2023,8,72
MEX,2024,12,84
MEX,2025,19,103
MEX,2026,0,103
MHL,2011,1,1
MHL,2012,0,1
MHL,2013,0,1
MHL,2014,2,3
MHL,2015,0,3
MHL,2016,1,4
MHL,2017,1,5
MHL,2018,1,6
MHL,2019,0,6
MHL,2020,0,6
MHL,2021,0,6
MHL,2022,0,6
MHL,2023,1,7
MHL,2024,0,7
MHL,2025,0,7
MHL,2026,0,7
MKD,2004,1,1
MKD,2005,1,2
MKD,2006,0,2
MKD,2007,0,2
MKD,2008,0,2
MKD,2009,0,2
MKD,2010,0,2
MKD,2011,0,2
MKD,2012,0,2
MKD,2013,0,2
MKD,2014,0,2
MKD,2015,2,4
MKD,2016,0,4
MKD,2017,0,4
MKD,2018,1,5
MKD,2019,0,5
MKD,2020,1,6
MKD,2021,2,8
MKD,2022,0,8
MKD,2023,0,8
MKD,2024,0,8
MKD,2025,1,9
MKD,2026,0,9
MLI,1995,1,1
MLI,1996,0,1
MLI,1997,0,1
MLI,1998,0,1
MLI,1999,0,1
MLI,2000,0,1
MLI,2001,1,2
MLI,2002,0,2
MLI,2003,0,2
MLI,2004,0,2
MLI,2005,1,3
MLI,2006,1,4
MLI,2007,0,4
MLI,2008,1,5
MLI,2009,1,6
MLI,2010,1,7
MLI,2011,4,11
MLI,2012,0,11
MLI,2013,2,13
MLI,2014,6,19
MLI,2015,0,19
MLI,2016,8,27
MLI,2017,3,30
MLI,2018,0,30
MLI,2019,1,31
MLI,2020,1,32
MLI,2021,0,32
MLI,2022,0,32
MLI,2023,0,32
MLI,2024,0,32
MLI,2025,0,32
MLI,2026,0,32
MLT,2005,1,1
MLT,2006,0,1
MLT,2007,0,1
MLT,2008,0,1
MLT,2009,2,3
MLT,2010,1,4
MLT,2011,1,5
MLT,2012,5,10
MLT,2013,3,13
MLT,2014,1,14
MLT,2015,5,19
MLT,2016,2,21
MLT,2017,1,22
MLT,2018,2,24
MLT,2019,2,26
MLT,2020,0,26
MLT,2021,6,32
MLT,2022,2,34
MLT,2023,0,34
MLT,2024,3,37
MLT,2025,1,38
MLT,2026,0,38
MMR,1992,1,1
MMR,1993,0,1
MMR,1994,0,1
MMR,1995,0,1
MMR,1996,0,1
MMR,1997,0,1
MMR,1998,0,1
MMR,1999,0,1
MMR,2000,0,1
MMR,2001,0,1
MMR,2002,0,1
MMR,2003,0,1
MMR,2004,0,1
MMR,2005,0,1
MMR,2006,0,1
MMR,2007,0,1
MMR,2008,0,1
MMR,2009,1,2
MMR,2010,0,2
MMR,2011,0,2
MMR,2012,3,5
MMR,2013,1,6
MMR,2014,1,7
MMR,2015,3,10
MMR,2016,1,11
MMR,2017,2,13
MMR,2018,2,15
MMR,2019,3,18
MMR,2020,1,19
MMR,2021,0,19
MMR,2022,0,19
MMR,2023,0,19
MMR,2024,0,19
MMR,2025,0,19
MMR,2026,0,19
MNE,2005,1,1
MNE,2006,0,1
MNE,2007,1,2
MNE,2008,1,3
MNE,2009,0,3
MNE,2010,1,4
MNE,2011,1,5
MNE,2012,0,5
MNE,2013,1,6
MNE,2014,2,8
MNE,2015,5,13
MNE,2016,3,16
MNE,2017,1,17
MNE,2018,0,17
MNE,2019,7,24
MNE,2020,1,25
MNE,2021,7,32
MNE,2022,2,34
MNE,2023,0,34
MNE,2024,3,37
MNE,2025,1,38
MNE,2026,0,38
MNG,2001,1,1
MNG,2002,1,2
MNG,2003,1,3
MNG,2004,0,3
MNG,2005,0,3
MNG,2006,0,3
MNG,2007,1,4
MNG,2008,0,4
MNG,2009,0,4
MNG,2010,1,5
MNG,2011,1,6
MNG,2012,4,10
MNG,2013,0,10
MNG,2014,1,11
MNG,2015,5,16
MNG,2016,1,17
MNG,2017,1,18
MNG,2018,1,19
MNG,2019,2,21
MNG,2020,1,22
MNG,2021,0,22
MNG,2022,0,22
MNG,2023,0,22
MNG,2024,0,22
MNG,2025,0,22
MNG,2026,0,22
MOZ,1995,1,1
MOZ,1996,0,1
MOZ,1997,0,1
MOZ,1998,0,1
MOZ,1999,0,1
MOZ,2000,0,1
MOZ,2001,0,1
MOZ,2002,0,1
MOZ,2003,0,1
MOZ,2004,0,1
MOZ,2005,1,2
MOZ,2006,1,3
MOZ,2007,1,4
MOZ,2008,0,4
MOZ,2009,4,8
MOZ,2010,1,9
MOZ,2011,3,12
MOZ,2012,0,12
MOZ,2013,3,15
MOZ,2014,2,17
MOZ,2015,0,17
MOZ,2016,1,18
MOZ,2017,1,19
MOZ,2018,1,20
MOZ,2019,0,20
MOZ,2020,1,21
MOZ,2021,0,21
MOZ,2022,0,21
MOZ,2023,0,21
MOZ,2024,1,22
MOZ,2025,0,22
MOZ,2026,0,22
MRT,2000,1,1
MRT,2001,0,1
MRT,2002,0,1
MRT,2003,0,1
MRT,2004,0,1
MRT,2005,0,1
MRT,2006,0,1
MRT,2007,0,1
MRT,2008,0,1
MRT,2009,0,1
MRT,2010,2,3
MRT,2011,0,3
MRT,2012,0,3
MRT,2013,0,3
MRT,2014,0,3
MRT,2015,1,4
MRT,2016,1,5
MRT,2017,1,6
MRT,2018,0,6
MRT,2019,0,6
MRT,2020,1,7
MRT,2021,0,7
MRT,2022,0,7
MRT,2023,0,7
MRT,2024,0,7
MRT,2025,0,7
MRT,2026,0,7
MUS,2007,1,1
MUS,2008,0,1
MUS,2009,1,2
MUS,2010,0,2
MUS,2011,1,3
MUS,2012,0,3
MUS,2013,0,3
MUS,2014,0,3
MUS,2015,1,4
MUS,2016,2,6
MUS,2017,1,7
MUS,2018,0,7
MUS,2019,3,10
MUS,2020,1,11
MUS,2021,2,13
MUS,2022,0,13
MUS,2023,0,13
MUS,2024,1,14
MUS,2025,0,14
MUS,2026,0,14
MWI,1992,1,1
MWI,1993,0,1
MWI,1994,0,1
MWI,1995,0,1
MWI,1996,0,1
MWI,1997,0,1
MWI,1998,0,1
MWI,1999,0,1
MWI,2000,0,1
MWI,2001,0,1
MWI,2002,0,1
MWI,2003,0,1
MWI,2004,2,3
MWI,2005,1,4
MWI,2006,0,4
MWI,2007,0,4
MWI,2008,0,4
MWI,2009,0,4
MWI,2010,0,4
MWI,2011,0,4
MWI,2012,1,5
MWI,2013,1,6
MWI,2014,1,7
MWI,2015,1,8
MWI,2016,1,9
MWI,2017,3,12
MWI,2018,2,14
MWI,2019,0,14
MWI,2020,2,16
MWI,2021,0,16
MWI,2022,0,16
MWI,2023,1,17
MWI,2024,0,17
MWI,2025,1,18
MWI,2026,0,18
MYS,2006,1,1
MYS,2007,1,2
MYS,2008,0,2
MYS,2009,2,4
MYS,2010,0,4
MYS,2011,2,6
MYS,2012,0,6
MYS,2013,0,6
MYS,2014,0,6
MYS,2015,2,8
MYS,2016,3,11
MYS,2017,1,12
MYS,2018,0,12
MYS,2019,1,13
MYS,2020,1,14
MYS,2021,5,19
MYS,2022,1,20
MYS,2023,2,22
MYS,2024,5,27
MYS,2025,1,28
MYS,2026,2,30
NAM,1998,2,2
NAM,1999,0,2
NAM,2000,0,2
NAM,2001,0,2
NAM,2002,0,2
NAM,2003,0,2
NAM,2004,0,2
NAM,2005,0,2
NAM,2006,0,2
NAM,2007,0,2
NAM,2008,0,2
NAM,2009,1,3
NAM,2010,1,4
NAM,2011,1,5
NAM,2012,2,7
NAM,2013,1,8
NAM,2014,0,8
NAM,2015,1,9
NAM,2016,1,10
NAM,2017,2,12
NAM,2018,1,13
NAM,2019,1,14
NAM,2020,0,14
NAM,2021,1,15
NAM,2022,0,15
NAM,2023,0,15
NAM,2024,0,15
NAM,2025,0,15
NAM,2026,0,15
NER,1997,1,1
NER,1998,1,2
NER,1999,0,2
NER,2000,1,3
NER,2001,0,3
NER,2002,0,3
NER,2003,0,3
NER,2004,0,3
NER,2005,0,3
NER,2006,0,3
NER,2007,0,3
NER,2008,0,3
NER,2009,0,3
NER,2010,0,3
NER,2011,0,3
NER,2012,1,4
NER,2013,0,4
NER,2014,2,6
NER,2015,1,7
NER,2016,3,10
NER,2017,4,14
NER,2018,3,17
NER,2019,3,20
NER,2020,2,22
NER,2021,2,24
NER,2022,2,26
NER,2023,2,28
NER,2024,3,31
NER,2025,0,31
NER,2026,0,31
NGA,1990,0,1
NGA,1991,0,1
NGA,1992,0,1
NGA,1993,0,1
NGA,1994,0,1
NGA,1995,0,1
NGA,1996,0,1
NGA,1997,0,1
NGA,1998,0,1
NGA,1999,0,1
NGA,2000,0,1
NGA,2001,0,1
NGA,2002,0,1
NGA,2003,0,1
NGA,2004,0,1
NGA,2005,0,1
NGA,2006,0,1
NGA,2007,1,2
NGA,2008,0,2
NGA,2009,0,2
NGA,2010,1,3
NGA,2011,1,4
NGA,2012,1,5
NGA,2013,1,6
NGA,2014,1,7
NGA,2015,2,9
NGA,2016,0,9
NGA,2017,4,13
NGA,2018,1,14
NGA,2019,1,15
NGA,2020,4,19
NGA,2021,5,24
NGA,2022,4,28
NGA,2023,2,30
NGA,2024,1,31
NGA,2025,3,34
NGA,2026,0,34
NIC,1996,2,2
NIC,1997,0,2
NIC,1998,1,3
NIC,1999,0,3
NIC,2000,4,7
NIC,2001,1,8
NIC,2002,1,9
NIC,2003,1,10
NIC,2004,1,11
NIC,2005,1,12
NIC,2006,0,12
NIC,2007,0,12
NIC,2008,1,13
NIC,2009,1,14
NIC,2010,2,16
NIC,2011,0,16
NIC,2012,0,16
NIC,2013,3,19
NIC,2014,0,19
NIC,2015,0,19
NIC,2016,0,19
NIC,2017,3,22
NIC,2018,0,22
NIC,2019,0,22
NIC,2020,1,23
NIC,2021,1,24
NIC,2022,3,27
NIC,2023,3,30
NIC,2024,3,33
NIC,2025,0,33
NIC,2026,0,33
NIU,2000,1,1
NIU,2001,0,1
NIU,2002,0,1
NIU,2003,0,1
NIU,2004,0,1
NIU,2005,0,1
NIU,2006,0,1
NIU,2007,0,1
NIU,2008,0,1
NIU,2009,2,3
NIU,2010,0,3
NIU,2011,0,3
NIU,2012,1,4
NIU,2013,0,4
NIU,2014,0,4
NIU,2015,4,8
NIU,2016,0,8
NIU,2017,0,8
NIU,2018,0,8
NIU,2019,0,8
NIU,2020,0,8
NIU,2021,0,8
NIU,2022,0,8
NIU,2023,0,8
NIU,2024,0,8
NIU,2025,0,8
NIU,2026,0,8
NLD,1997,1,1
NLD,1998,1,2
NLD,1999,0,2
NLD,2000,0,2
NLD,2001,0,2
NLD,2002,0,2
NLD,2003,0,2
NLD,2004,1,3
NLD,2005,0,3
NLD,2006,0,3
NLD,2007,1,4
NLD,2008,0,4
NLD,2009,1,5
NLD,2010,0,5
NLD,2011,1,6
NLD,2012,1,7
NLD,2013,2,9
NLD,2014,1,10
NLD,2015,0,10
NLD,2016,4,14
NLD,2017,3,17
NLD,2018,5,22
NLD,2019,5,27
NLD,2020,3,30
NLD,2021,0,30
NLD,2022,3,33
NLD,2023,2,35
NLD,2024,2,37
NLD,2025,0,37
NLD,2026,0,37
NOR,1990,2,4
NOR,1991,0,4
NOR,1992,0,4
NOR,1993,0,4
NOR,1994,1,5
NOR,1995,0,5
NOR,1996,1,6
NOR,1997,0,6
NOR,1998,0,6
NOR,1999,0,6
NOR,2000,0,6
NOR,2001,0,6
NOR,2002,0,6
NOR,2003,0,6
NOR,2004,1,7
NOR,2005,0,7
NOR,2006,1,8
NOR,2007,0,8
NOR,2008,1,9
NOR,2009,1,10
NOR,2010,1,11
NOR,2011,2,13
NOR,2012,3,16
NOR,2013,1,17
NOR,2014,2,19
NOR,2015,0,19
NOR,2016,2,21
NOR,2017,6,27
NOR,2018,2,29
NOR,2019,1,30
NOR,2020,2,32
NOR,2021,4,36
NOR,2022,3,39
NOR,2023,8,47
NOR,2024,9,56
NOR,2025,3,59
NOR,2026,0,59
NPL,2001,2,2
NPL,2002,1,3
NPL,2003,0,3
NPL,2004,0,3
NPL,2005,1,4
NPL,2006,1,5
NPL,2007,0,5
NPL,2008,1,6
NPL,2009,0,6
NPL,2010,2,8
NPL,2011,4,12
NPL,2012,3,15
NPL,2013,0,15
NPL,2014,1,16
NPL,2015,4,20
NPL,2016,3,23
NPL,2017,6,29
NPL,2018,7,36
NPL,2019,7,43
NPL,2020,3,46
NPL,2021,0,46
NPL,2022,3,49
NPL,2023,3,52
NPL,2024,2,54
NPL,2025,3,57
NPL,2026,0,57
NRU,2009,2,2
NRU,2010,0,2
NRU,2011,0,2
NRU,2012,0,2
NRU,2013,1,3
NRU,2014,1,4
NRU,2015,2,6
NRU,2016,0,6
NRU,2017,1,7
NRU,2018,0,7
NRU,2019,1,8
NRU,2020,1,9
NRU,2021,0,9
NRU,2022,0,9
NRU,2023,0,9
NRU,2024,0,9
NRU,2025,0,9
NRU,2026,0,9
NZL,2000,1,1
NZL,2001,0,1
NZL,2002,1,2
NZL,2003,0,2
NZL,2004,3,5
NZL,2005,0,5
NZL,2006,0,5
NZL,2007,1,6
NZL,2008,1,7
NZL,2009,0,7
NZL,2010,0,7
NZL,2011,0,7
NZL,2012,0,7
NZL,2013,0,7
NZL,2014,0,7
NZL,2015,0,7
NZL,2016,0,7
NZL,2017,1,8
NZL,2018,0,8
NZL,2019,3,11
NZL,2020,3,14
NZL,2021,2,16
NZL,2022,9,25
NZL,2023,4,29
NZL,2024,1,30
NZL,2025,1,31
NZL,2026,0,31
OMN,2007,1,1
OMN,2008,0,1
OMN,2009,0,1
OMN,2010,0,1
OMN,2011,1,2
OMN,2012,0,2
OMN,2013,1,3
OMN,2014,0,3
OMN,2015,0,3
OMN,2016,1,4
OMN,2017,0,4
OMN,2018,0,4
OMN,2019,3,7
OMN,2020,0,7
OMN,2021,0,7
OMN,2022,2,9
OMN,2023,1,10
OMN,2024,1,11
OMN,2025,0,11
OMN,2026,0,11
PAK,2010,4,4
PAK,2011,0,4
PAK,2012,1,5
PAK,2013,3,8
PAK,2014,1,9
PAK,2015,1,10
PAK,2016,2,12
PAK,2017,3,15
PAK,2018,4,19
PAK,2019,2,21
PAK,2020,3,24
PAK,2021,1,25
PAK,2022,4,29
PAK,2023,5,34
PAK,2024,0,34
PAK,2025,2,36
PAK,2026,0,36
PAN,1997,1,1
PAN,1998,1,2
PAN,1999,0,2
PAN,2000,0,2
PAN,2001,0,2
PAN,2002,0,2
PAN,2003,0,2
PAN,2004,1,3
PAN,2005,0,3
PAN,2006,0,3
PAN,2007,2,5
PAN,2008,0,5
PAN,2009,1,6
PAN,2010,1,7
PAN,2011,3,10
PAN,2012,1,11
PAN,2013,1,12
PAN,2014,0,12
PAN,2015,1,13
PAN,2016,1,14
PAN,2017,2,16
PAN,2018,1,17
PAN,2019,3,20
PAN,2020,3,23
PAN,2021,2,25
PAN,2022,4,29
PAN,2023,0,29
PAN,2024,1,30
PAN,2025,1,31
PAN,2026,0,31
PER,2000,1,1
PER,2001,1,2
PER,2002,1,3
PER,2003,1,4
PER,2004,0,4
PER,2005,1,5
PER,2006,1,6
PER,2007,0,6
PER,2008,2,8
PER,2009,1,9
PER,2010,3,12
PER,2011,2,14
PER,2012,0,14
PER,2013,0,14
PER,2014,5,19
PER,2015,1,20
PER,2016,5,25
PER,2017,3,28
PER,2018,2,30
PER,2019,5,35
PER,2020,2,37
PER,2021,12,49
PER,2022,4,53
PER,2023,8,61
PER,2024,11,72
PER,2025,2,74
PER,2026,1,75
PHL,1991,2,2
PHL,1992,0,2
PHL,1993,1,3
PHL,1994,0,3
PHL,1995,0,3
PHL,1996,0,3
PHL,1997,0,3
PHL,1998,0,3
PHL,1999,1,4
PHL,2000,0,4
PHL,2001,1,5
PHL,2002,0,5
PHL,2003,0,5
PHL,2004,0,5
PHL,2005,0,5
PHL,2006,2,7
PHL,2007,0,7
PHL,2008,2,9
PHL,2009,2,11
PHL,2010,4,15
PHL,2011,6,21
PHL,2012,1,22
PHL,2013,3,25
PHL,2014,2,27
PHL,2015,2,29
PHL,2016,1,30
PHL,2017,3,33
PHL,2018,2,35
PHL,2019,3,38
PHL,2020,3,41
PHL,2021,0,41
PHL,2022,4,45
PHL,2023,7,52
PHL,2024,4,56
PHL,2025,2,58
PHL,2026,0,58
PLW,1991,1,1
PLW,1992,0,1
PLW,1993,0,1
PLW,1994,0,1
PLW,1995,0,1
PLW,1996,0,1
PLW,1997,0,1
PLW,1998,0,1
PLW,1999,0,1
PLW,2000,0,1
PLW,2001,0,1
PLW,2002,0,1
PLW,2003,0,1
PLW,2004,0,1
PLW,2005,0,1
PLW,2006,0,1
PLW,2007,0,1
PLW,2008,0,1
PLW,2009,2,3
PLW,2010,2,5
PLW,2011,1,6
PLW,2012,0,6
PLW,2013,0,6
PLW,2014,0,6
PLW,2015,1,7
PLW,2016,1,8
PLW,2017,0,8
PLW,2018,0,8
PLW,2019,0,8
PLW,2020,0,8
PLW,2021,0,8
PLW,2022,0,8
PLW,2023,0,8
PLW,2024,0,8
PLW,2025,0,8
PLW,2026,0,8
PNG,1990,0,1
PNG,1991,0,1
PNG,1992,0,1
PNG,1993,0,1
PNG,1994,0,1
PNG,1995,0,1
PNG,1996,1,2
PNG,1997,0,2
PNG,1998,0,2
PNG,1999,0,2
PNG,2000,0,2
PNG,2001,0,2
PNG,2002,0,2
PNG,2003,0,2
PNG,2004,0,2
PNG,2005,0,2
PNG,2006,0,2
PNG,2007,0,2
PNG,2008,0,2
PNG,2009,1,3
PNG,2010,2,5
PNG,2011,0,5
PNG,2012,1,6
PNG,2013,0,6
PNG,2014,2,8
PNG,2015,3,11
PNG,2016,1,12
PNG,2017,1,13
PNG,2018,1,14
PNG,2019,1,15
PNG,2020,2,17
PNG,2021,1,18
PNG,2022,0,18
PNG,2023,0,18
PNG,2024,0,18
PNG,2025,0,18
PNG,2026,1,19
POL,1997,2,2
POL,1998,0,2
POL,1999,0,2
POL,2000,0,2
POL,2001,1,3
POL,2002,0,3
POL,2003,0,3
POL,2004,0,3
POL,2005,0,3
POL,2006,1,4
POL,2007,0,4
POL,2008,1,5
POL,2009,3,8
POL,2010,0,8
POL,2011,0,8
POL,2012,0,8
POL,2013,1,9
POL,2014,1,10
POL,2015,4,14
POL,2016,1,15
POL,2017,4,19
POL,2018,3,22
POL,2019,7,29
POL,2020,3,32
POL,2021,3,35
POL,2022,13,48
POL,2023,5,53
POL,2024,2,55
POL,2025,2,57
POL,2026,0,57
PRK,1990,0,1
PRK,1991,0,1
PRK,1992,0,1
PRK,1993,0,1
PRK,1994,0,1
PRK,1995,1,2
PRK,1996,0,2
PRK,1997,0,2
PRK,1998,0,2
PRK,1999,0,2
PRK,2000,0,2
PRK,2001,0,2
PRK,2002,0,2
PRK,2003,0,2
PRK,2004,0,2
PRK,2005,0,2
PRK,2006,0,2
PRK,2007,1,3
PRK,2008,0,3
PRK,2009,0,3
PRK,2010,0,3
PRK,2011,0,3
PRK,2012,1,4
PRK,2013,1,5
PRK,2014,0,5
PRK,2015,0,5
PRK,2016,0,5
PRK,2017,0,5
PRK,2018,0,5
PRK,2019,0,5
PRK,2020,0,5
PRK,2021,0,5
PRK,2022,0,5
PRK,2023,0,5
PRK,2024,0,5
PRK,2025,0,5
PRK,2026,0,5
PRT,2005,1,1
PRT,2006,1,2
PRT,2007,0,2
PRT,2008,0,2
PRT,2009,0,2
PRT,2010,3,5
PRT,2011,0,5
PRT,2012,2,7
PRT,2013,0,7
PRT,2014,3,10
PRT,2015,2,12
PRT,2016,0,12
PRT,2017,1,13
PRT,2018,1,14
PRT,2019,5,19
PRT,2020,4,23
PRT,2021,4,27
PRT,2022,5,32
PRT,2023,3,35
PRT,2024,13,48
PRT,2025,0,48
PRT,2026,1,49
PRY,1993,1,1
PRY,1994,1,2
PRY,1995,1,3
PRY,1996,0,3
PRY,1997,0,3
PRY,1998,0,3
PRY,1999,2,5
PRY,2000,0,5
PRY,2001,1,6
PRY,2002,0,6
PRY,2003,0,6
PRY,2004,0,6
PRY,2005,1,7
PRY,2006,1,8
PRY,2007,2,10
PRY,2008,0,10
PRY,2009,0,10
PRY,2010,0,10
PRY,2011,0,10
PRY,2012,1,11
PRY,2013,1,12
PRY,2014,4,16
PRY,2015,3,19
PRY,2016,3,22
PRY,2017,3,25
PRY,2018,2,27
PRY,2019,2,29
PRY,2020,4,33
PRY,2021,1,34
PRY,2022,2,36
PRY,2023,5,41
PRY,2024,2,43
PRY,2025,3,46
PRY,2026,1,47
PSE,1995,1,1
PSE,1996,0,1
PSE,1997,0,1
PSE,1998,0,1
PSE,1999,1,2
PSE,2000,0,2
PSE,2001,0,2
PSE,2002,0,2
PSE,2003,1,3
PSE,2004,0,3
PSE,2005,0,3
PSE,2006,0,3
PSE,2007,0,3
PSE,2008,0,3
PSE,2009,0,3
PSE,2010,0,3
PSE,2011,1,4
PSE,2012,0,4
PSE,2013,0,4
PSE,2014,0,4
PSE,2015,1,5
PSE,2016,2,7
PSE,2017,0,7
PSE,2018,0,7
PSE,2019,0,7
PSE,2020,0,7
PSE,2021,0,7
PSE,2022,0,7
PSE,2023,0,7
PSE,2024,0,7
PSE,2025,0,7
PSE,2026,0,7
QAT,2002,1,1
QAT,2003,0,1
QAT,2004,0,1
QAT,2005,0,1
QAT,2006,0,1
QAT,2007,0,1
QAT,2008,2,3
QAT,2009,0,3
QAT,2010,0,3
QAT,2011,1,4
QAT,2012,0,4
QAT,2013,0,4
QAT,2014,0,4
QAT,2015,0,4
QAT,2016,0,4
QAT,2017,0,4
QAT,2018,2,6
QAT,2019,0,6
QAT,2020,0,6
QAT,2021,2,8
QAT,2022,1,9
QAT,2023,0,9
QAT,2024,0,9
QAT,2025,0,9
QAT,2026,0,9
ROU,2002,1,1
ROU,2003,1,2
ROU,2004,0,2
ROU,2005,1,3
ROU,2006,0,3
ROU,2007,1,4
ROU,2008,1,5
ROU,2009,0,5
ROU,2010,0,5
ROU,2011,2,7
ROU,2012,1,8
ROU,2013,4,12
ROU,2014,2,14
ROU,2015,0,14
ROU,2016,2,16
ROU,2017,1,17
ROU,2018,2,19
ROU,2019,1,20
ROU,2020,1,21
ROU,2021,1,22
ROU,2022,3,25
ROU,2023,7,32
ROU,2024,4,36
ROU,2025,1,37
ROU,2026,0,37
RUS,2001,1,1
RUS,2002,1,2
RUS,2003,1,3
RUS,2004,1,4
RUS,2005,0,4
RUS,2006,1,5
RUS,2007,0,5
RUS,2008,0,5
RUS,2009,4,9
RUS,2010,0,9
RUS,2011,2,11
RUS,2012,2,13
RUS,2013,3,16
RUS,2014,2,18
RUS,2015,2,20
RUS,2016,1,21
RUS,2017,0,21
RUS,2018,1,22
RUS,2019,1,23
RUS,2020,2,25
RUS,2021,7,32
RUS,2022,0,32
RUS,2023,0,32
RUS,2024,0,32
RUS,2025,1,33
RUS,2026,0,33
RWA,2000,1,1
RWA,2001,0,1
RWA,2002,0,1
RWA,2003,0,1
RWA,2004,0,1
RWA,2005,1,2
RWA,2006,0,2
RWA,2007,0,2
RWA,2008,0,2
RWA,2009,0,2
RWA,2010,1,3
RWA,2011,2,5
RWA,2012,3,8
RWA,2013,4,12
RWA,2014,0,12
RWA,2015,0,12
RWA,2016,0,12
RWA,2017,1,13
RWA,2018,2,15
RWA,2019,1,16
RWA,2020,3,19
RWA,2021,1,20
RWA,2022,1,21
RWA,2023,3,24
RWA,2024,4,28
RWA,2025,2,30
RWA,2026,1,31
SAU,2006,1,1
SAU,2007,0,1
SAU,2008,1,2
SAU,2009,0,2
SAU,2010,2,4
SAU,2011,1,5
SAU,2012,1,6
SAU,2013,1,7
SAU,2014,1,8
SAU,2015,2,10
SAU,2016,1,11
SAU,2017,1,12
SAU,2018,1,13
SAU,2019,0,13
SAU,2020,1,14
SAU,2021,3,17
SAU,2022,1,18
SAU,2023,0,18
SAU,2024,0,18
SAU,2025,0,18
SAU,2026,0,18
SDN,2019,1,1
SDN,2020,0,1
SDN,2021,0,1
SDN,2022,1,2
SDN,2023,0,2
SDN,2024,0,2
SDN,2025,0,2
SDN,2026,0,2
SEN,2001,1,1
SEN,2002,0,1
SEN,2003,1,2
SEN,2004,0,2
SEN,2005,0,2
SEN,2006,2,4
SEN,2007,0,4
SEN,2008,2,6
SEN,2009,1,7
SEN,2010,3,10
SEN,2011,1,11
SEN,2012,1,12
SEN,2013,4,16
SEN,2014,2,18
SEN,2015,1,19
SEN,2016,0,19
SEN,2017,0,19
SEN,2018,0,19
SEN,2019,0,19
SEN,2020,1,20
SEN,2021,1,21
SEN,2022,0,21
SEN,2023,0,21
SEN,2024,0,21
SEN,2025,0,21
SEN,2026,0,21
SGP,1990,0,1
SGP,1991,0,1
SGP,1992,0,1
SGP,1993,0,1
SGP,1994,0,1
SGP,1995,0,1
SGP,1996,0,1
SGP,1997,0,1
SGP,1998,0,1
SGP,1999,0,1
SGP,2000,0,1
SGP,2001,3,4
SGP,2002,1,5
SGP,2003,0,5
SGP,2004,0,5
SGP,2005,0,5
SGP,2006,0,5
SGP,2007,0,5
SGP,2008,0,5
SGP,2009,1,6
SGP,2010,1,7
SGP,2011,0,7
SGP,2012,3,10
SGP,2013,0,10
SGP,2014,2,12
SGP,2015,0,12
SGP,2016,3,15
SGP,2017,3,18
SGP,2018,1,19
SGP,2019,2,21
SGP,2020,2,23
SGP,2021,6,29
SGP,2022,3,32
SGP,2023,2,34
SGP,2024,4,38
SGP,2025,2,40
SGP,2026,4,44
SLB,1990,0,1
SLB,1991,0,1
SLB,1992,0,1
SLB,1993,0,1
SLB,1994,0,1
SLB,1995,0,1
SLB,1996,0,1
SLB,1997,0,1
SLB,1998,0,1
SLB,1999,0,1
SLB,2000,0,1
SLB,2001,0,1
SLB,2002,0,1
SLB,2003,0,1
SLB,2004,0,1
SLB,2005,0,1
SLB,2006,0,1
SLB,2007,0,1
SLB,2008,0,1
SLB,2009,0,1
SLB,2010,0,1
SLB,2011,2,3
SLB,2012,1,4
SLB,2013,0,4
SLB,2014,1,5
SLB,2015,0,5
SLB,2016,1,6
SLB,2017,0,6
SLB,2018,0,6
SLB,2019,1,7
SLB,2020,1,8
SLB,2021,0,8
SLB,2022,0,8
SLB,2023,0,8
SLB,2024,0,8
SLB,2025,0,8
SLB,2026,0,8
SLE,2003,1,1
SLE,2004,0,1
SLE,2005,0,1
SLE,2006,0,1
SLE,2007,0,1
SLE,2008,0,1
SLE,2009,0,1
SLE,2010,2,3
SLE,2011,0,3
SLE,2012,1,4
SLE,2013,1,5
SLE,2014,0,5
SLE,2015,3,8
SLE,2016,2,10
SLE,2017,2,12
SLE,2018,0,12
SLE,2019,2,14
SLE,2020,1,15
SLE,2021,0,15
SLE,2022,0,15
SLE,2023,0,15
SLE,2024,0,15
SLE,2025,0,15
SLE,2026,0,15
SLV,1998,1,1
SLV,1999,0,1
SLV,2000,0,1
SLV,2001,0,1
SLV,2002,0,1
SLV,2003,0,1
SLV,2004,0,1
SLV,2005,3,4
SLV,2006,0,4
SLV,2007,1,5
SLV,2008,1,6
SLV,2009,0,6
SLV,2010,1,7
SLV,2011,2,9
SLV,2012,2,11
SLV,2013,1,12
SLV,2014,0,12
SLV,2015,1,13
SLV,2016,0,13
SLV,2017,3,16
SLV,2018,3,19
SLV,2019,3,22
SLV,2020,3,25
SLV,2021,2,27
SLV,2022,0,27
SLV,2023,0,27
SLV,2024,0,27
SLV,2025,0,27
SLV,2026,0,27
SMR,2008,1,1
SMR,2009,0,1
SMR,2010,0,1
SMR,2011,0,1
SMR,2012,1,2
SMR,2013,1,3
SMR,2014,0,3
SMR,2015,0,3
SMR,2016,0,3
SMR,2017,0,3
SMR,2018,0,3
SMR,2019,0,3
SMR,2020,0,3
SMR,2021,0,3
SMR,2022,0,3
SMR,2023,0,3
SMR,2024,0,3
SMR,2025,0,3
SMR,2026,0,3
SOM,2013,1,1
SOM,2014,0,1
SOM,2015,0,1
SOM,2016,0,1
SOM,2017,0,1
SOM,2018,2,3
SOM,2019,0,3
SOM,2020,3,6
SOM,2021,1,7
SOM,2022,0,7
SOM,2023,0,7
SOM,2024,0,7
SOM,2025,0,7
SOM,2026,0,7
SRB,2010,1,1
SRB,2011,1,2
SRB,2012,0,2
SRB,2013,2,4
SRB,2014,1,5
SRB,2015,1,6
SRB,2016,0,6
SRB,2017,0,6
SRB,2018,1,7
SRB,2019,0,7
SRB,2020,0,7
SRB,2021,5,12
SRB,2022,2,14
SRB,2023,1,15
SRB,2024,0,15
SRB,2025,0,15
SRB,2026,0,15
SSD,2012,1,1
SSD,2013,0,1
SSD,2014,0,1
SSD,2015,2,3
SSD,2016,0,3
SSD,2017,0,3
SSD,2018,0,3
SSD,2019,0,3
SSD,2020,0,3
SSD,2021,1,4
SSD,2022,0,4
SSD,2023,0,4
SSD,2024,0,4
SSD,2025,0,4
SSD,2026,0,4
STP,2011,1,1
STP,2012,1,2
STP,2013,0,2
STP,2014,1,3
STP,2015,0,3
STP,2016,0,3
STP,2017,0,3
STP,2018,0,3
STP,2019,0,3
STP,2020,0,3
STP,2021,0,3
STP,2022,0,3
STP,2023,0,3
STP,2024,0,3
STP,2025,0,3
STP,2026,0,3
SUR,2006,1,1
SUR,2007,0,1
SUR,2008,0,1
SUR,2009,0,1
SUR,2010,0,1
SUR,2011,0,1
SUR,2012,0,1
SUR,2013,0,1
SUR,2014,0,1
SUR,2015,1,2
SUR,2016,1,3
SUR,2017,1,4
SUR,2018,0,4
SUR,2019,2,6
SUR,2020,1,7
SUR,2021,0,7
SUR,2022,0,7
SUR,2023,0,7
SUR,2024,0,7
SUR,2025,0,7
SUR,2026,0,7
SVK,2005,1,1
SVK,2006,1,2
SVK,2007,1,3
SVK,2008,1,4
SVK,2009,1,5
SVK,2010,1,6
SVK,2011,1,7
SVK,2012,5,12
SVK,2013,2,14
SVK,2014,1,15
SVK,2015,0,15
SVK,2016,2,17
SVK,2017,1,18
SVK,2018,2,20
SVK,2019,5,25
SVK,2020,2,27
SVK,2021,3,30
SVK,2022,3,33
SVK,2023,0,33
SVK,2024,1,34
SVK,2025,1,35
SVK,2026,0,35
SVN,2007,1,1
SVN,2008,1,2
SVN,2009,1,3
SVN,2010,0,3
SVN,2011,0,3
SVN,2012,0,3
SVN,2013,0,3
SVN,2014,1,4
SVN,2015,0,4
SVN,2016,4,8
SVN,2017,1,9
SVN,2018,2,11
SVN,2019,0,11
SVN,2020,3,14
SVN,2021,6,20
SVN,2022,9,29
SVN,2023,6,35
SVN,2024,1,36
SVN,2025,6,42
SVN,2026,0,42
SWE,1991,1,1
SWE,1992,0,1
SWE,1993,0,1
SWE,1994,1,2
SWE,1995,0,2
SWE,1996,0,2
SWE,1997,0,2
SWE,1998,1,3
SWE,1999,1,4
SWE,2000,0,4
SWE,2001,0,4
SWE,2002,0,4
SWE,2003,0,4
SWE,2004,0,4
SWE,2005,2,6
SWE,2006,1,7
SWE,2007,0,7
SWE,2008,1,8
SWE,2009,3,11
SWE,2010,2,13
SWE,2011,2,15
SWE,2012,0,15
SWE,2013,1,16
SWE,2014,3,19
SWE,2015,2,21
SWE,2016,3,24
SWE,2017,9,33
SWE,2018,11,44
SWE,2019,3,47
SWE,2020,13,60
SWE,2021,8,68
SWE,2022,10,78
SWE,2023,4,82
SWE,2024,9,91
SWE,2025,3,94
SWE,2026,0,94
SWZ,1997,2,2
SWZ,1998,0,2
SWZ,1999,0,2
SWZ,2000,0,2
SWZ,2001,0,2
SWZ,2002,0,2
SWZ,2003,1,3
SWZ,2004,0,3
SWZ,2005,0,3
SWZ,2006,0,3
SWZ,2007,0,3
SWZ,2008,1,4
SWZ,2009,0,4
SWZ,2010,0,4
SWZ,2011,0,4
SWZ,2012,0,4
SWZ,2013,0,4
SWZ,2014,1,5
SWZ,2015,0,5
SWZ,2016,1,6
SWZ,2017,0,6
SWZ,2018,2,8
SWZ,2019,2,10
SWZ,2020,0,10
SWZ,2021,0,10
SWZ,2022,0,10
SWZ,2023,1,11
SWZ,2024,0,11
SWZ,2025,1,12
SWZ,2026,0,12
SYC,2009,1,1
SYC,2010,0,1
SYC,2011,0,1
SYC,2012,2,3
SYC,2013,1,4
SYC,2014,2,6
SYC,2015,3,9
SYC,2016,0,9
SYC,2017,0,9
SYC,2018,2,11
SYC,2019,3,14
SYC,2020,1,15
SYC,2021,0,15
SYC,2022,0,15
SYC,2023,0,15
SYC,2024,0,15
SYC,2025,0,15
SYC,2026,0,15
SYR,2009,1,1
SYR,2010,1,2
SYR,2011,1,3
SYR,2012,0,3
SYR,2013,0,3
SYR,2014,0,3
SYR,2015,0,3
SYR,2016,0,3
SYR,2017,0,3
SYR,2018,1,4
SYR,2019,0,4
SYR,2020,0,4
SYR,2021,0,4
SYR,2022,0,4
SYR,2023,0,4
SYR,2024,0,4
SYR,2025,0,4
SYR,2026,0,4
TCD,2006,1,1
TCD,2007,0,1
TCD,2008,0,1
TCD,2009,0,1
TCD,2010,0,1
TCD,2011,0,1
TCD,2012,1,2
TCD,2013,0,2
TCD,2014,1,3
TCD,2015,1,4
TCD,2016,2,6
TCD,2017,3,9
TCD,2018,1,10
TCD,2019,0,10
TCD,2020,0,10
TCD,2021,0,10
TCD,2022,1,11
TCD,2023,0,11
TCD,2024,0,11
TCD,2025,0,11
TCD,2026,0,11
TGO,1998,1,1
TGO,1999,1,2
TGO,2000,0,2
TGO,2001,0,2
TGO,2002,0,2
TGO,2003,0,2
TGO,2004,0,2
TGO,2005,0,2
TGO,2006,0,2
TGO,2007,0,2
TGO,2008,1,3
TGO,2009,0,3
TGO,2010,1,4
TGO,2011,3,7
TGO,2012,2,9
TGO,2013,2,11
TGO,2014,0,11
TGO,2015,1,12
TGO,2016,2,14
TGO,2017,1,15
TGO,2018,4,19
TGO,2019,1,20
TGO,2020,1,21
TGO,2021,0,21
TGO,2022,0,21
TGO,2023,1,22
TGO,2024,0,22
TGO,2025,0,22
TGO,2026,0,22
THA,1992,1,1
THA,1993,0,1
THA,1994,0,1
THA,1995,0,1
THA,1996,0,1
THA,1997,0,1
THA,1998,0,1
THA,1999,0,1
THA,2000,0,1
THA,2001,0,1
THA,2002,0,1
THA,2003,0,1
THA,2004,0,1
THA,2005,0,1
THA,2006,0,1
THA,2007,2,3
THA,2008,2,5
THA,2009,0,5
THA,2010,0,5
THA,2011,2,7
THA,2012,1,8
THA,2013,1,9
THA,2014,0,9
THA,2015,4,13
THA,2016,1,14
THA,2017,4,18
THA,2018,1,19
THA,2019,5,24
THA,2020,1,25
THA,2021,0,25
THA,2022,2,27
THA,2023,3,30
THA,2024,0,30
THA,2025,2,32
THA,2026,0,32
TJK,1996,1,1
TJK,1997,0,1
TJK,1998,0,1
TJK,1999,0,1
TJK,2000,0,1
TJK,2001,0,1
TJK,2002,1,2
TJK,2003,1,3
TJK,2004,0,3
TJK,2005,0,3
TJK,2006,0,3
TJK,2007,0,3
TJK,2008,0,3
TJK,2009,1,4
TJK,2010,2,6
TJK,2011,1,7
TJK,2012,0,7
TJK,2013,0,7
TJK,2014,0,7
TJK,2015,1,8
TJK,2016,1,9
TJK,2017,0,9
TJK,2018,1,10
TJK,2019,1,11
TJK,2020,0,11
TJK,2021,4,15
TJK,2022,3,18
TJK,2023,1,19
TJK,2024,1,20
TJK,2025,1,21
TJK,2026,0,21
TKM,2012,2,2
TKM,2013,0,2
TKM,2014,0,2
TKM,2015,0,2
TKM,2016,0,2
TKM,2017,0,2
TKM,2018,0,2
TKM,2019,0,2
TKM,2020,0,2
TKM,2021,1,3
TKM,2022,0,3
TKM,2023,0,3
TKM,2024,0,3
TKM,2025,0,3
TKM,2026,0,3
TLS,2007,1,1
TLS,2008,0,1
TLS,2009,0,1
TLS,2010,0,1
TLS,2011,2,3
TLS,2012,2,5
TLS,2013,1,6
TLS,2014,0,6
TLS,2015,1,7
TLS,2016,0,7
TLS,2017,0,7
TLS,2018,0,7
TLS,2019,0,7
TLS,2020,2,9
TLS,2021,1,10
TLS,2022,1,11
TLS,2023,0,11
TLS,2024,0,11
TLS,2025,0,11
TLS,2026,0,11
TON,2009,2,2
TON,2010,2,4
TON,2011,0,4
TON,2012,1,5
TON,2013,0,5
TON,2014,0,5
TON,2015,1,6
TON,2016,1,7
TON,2017,0,7
TON,2018,0,7
TON,2019,0,7
TON,2020,0,7
TON,2021,1,8
TON,2022,0,8
TON,2023,0,8
TON,2024,0,8
TON,2025,0,8
TON,2026,0,8
TTO,2000,2,2
TTO,2001,0,2
TTO,2002,0,2
TTO,2003,0,2
TTO,2004,0,2
TTO,2005,0,2
TTO,2006,2,4
TTO,2007,0,4
TTO,2008,0,4
TTO,2009,0,4
TTO,2010,1,5
TTO,2011,3,8
TTO,2012,0,8
TTO,2013,0,8
TTO,2014,1,9
TTO,2015,1,10
TTO,2016,1,11
TTO,2017,0,11
TTO,2018,0,11
TTO,2019,0,11
TTO,2020,0,11
TTO,2021,0,11
TTO,2022,0,11
TTO,2023,0,11
TTO,2024,1,12
TTO,2025,0,12
TTO,2026,0,12
TUN,1991,1,1
TUN,1992,0,1
TUN,1993,0,1
TUN,1994,0,1
TUN,1995,0,1
TUN,1996,0,1
TUN,1997,0,1
TUN,1998,1,2
TUN,1999,0,2
TUN,2000,0,2
TUN,2001,0,2
TUN,2002,0,2
TUN,2003,0,2
TUN,2004,1,3
TUN,2005,0,3
TUN,2006,0,3
TUN,2007,0,3
TUN,2008,0,3
TUN,2009,0,3
TUN,2010,0,3
TUN,2011,1,4
TUN,2012,0,4
TUN,2013,0,4
TUN,2014,2,6
TUN,2015,2,8
TUN,2016,0,8
TUN,2017,1,9
TUN,2018,2,11
TUN,2019,0,11
TUN,2020,0,11
TUN,2021,1,12
TUN,2022,1,13
TUN,2023,1,14
TUN,2024,3,17
TUN,2025,0,17
TUN,2026,0,17
TUR,1990,0,2
TUR,1991,0,2
TUR,1992,0,2
TUR,1993,0,2
TUR,1994,0,2
TUR,1995,0,2
TUR,1996,0,2
TUR,1997,0,2
TUR,1998,0,2
TUR,1999,0,2
TUR,2000,0,2
TUR,2001,0,2
TUR,2002,0,2
TUR,2003,0,2
TUR,2004,0,2
TUR,2005,2,4
TUR,2006,0,4
TUR,2007,2,6
TUR,2008,0,6
TUR,2009,2,8
TUR,2010,3,11
TUR,2011,4,15
TUR,2012,3,18
TUR,2013,1,19
TUR,2014,2,21
TUR,2015,0,21
TUR,2016,3,24
TUR,2017,2,26
TUR,2018,1,27
TUR,2019,4,31
TUR,2020,2,33
TUR,2021,7,40
TUR,2022,12,52
TUR,2023,12,64
TUR,2024,12,76
TUR,2025,6,82
TUR,2026,0,82
TUV,2005,1,1
TUV,2006,1,2
TUV,2007,1,3
TUV,2008,1,4
TUV,2009,1,5
TUV,2010,0,5
TUV,2011,0,5
TUV,2012,3,8
TUV,2013,0,8
TUV,2014,0,8
TUV,2015,0,8
TUV,2016,2,10
TUV,2017,0,10
TUV,2018,0,10
TUV,2019,0,10
TUV,2020,0,10
TUV,2021,0,10
TUV,2022,0,10
TUV,2023,1,11
TUV,2024,0,11
TUV,2025,0,11
TUV,2026,0,11
TWN,2008,1,1
TWN,2009,1,2
TWN,2010,0,2
TWN,2011,0,2
TWN,2012,0,2
TWN,2013,0,2
TWN,2014,0,2
TWN,2015,2,4
TWN,2016,3,7
TWN,2017,4,11
TWN,2018,6,17
TWN,2019,1,18
TWN,2020,1,19
TWN,2021,1,20
TWN,2022,1,21
TWN,2023,3,24
TWN,2024,5,29
TWN,2025,2,31
TWN,2026,0,31
TZA,1997,1,1
TZA,1998,0,1
TZA,1999,0,1
TZA,2000,0,1
TZA,2001,0,1
TZA,2002,0,1
TZA,2003,0,1
TZA,2004,0,1
TZA,2005,1,2
TZA,2006,0,2
TZA,2007,0,2
TZA,2008,1,3
TZA,2009,0,3
TZA,2010,2,5
TZA,2011,0,5
TZA,2012,3,8
TZA,2013,3,11
TZA,2014,2,13
TZA,2015,3,16
TZA,2016,2,18
TZA,2017,0,18
TZA,2018,2,20
TZA,2019,0,20
TZA,2020,0,20
TZA,2021,1,21
TZA,2022,6,27
TZA,2023,0,27
TZA,2024,1,28
TZA,2025,0,28
TZA,2026,0,28
UGA,1995,1,1
UGA,1996,0,1
UGA,1997,0,1
UGA,1998,0,1
UGA,1999,0,1
UGA,2000,0,1
UGA,2001,0,1
UGA,2002,0,1
UGA,2003,0,1
UGA,2004,0,1
UGA,2005,0,1
UGA,2006,0,1
UGA,2007,1,2
UGA,2008,0,2
UGA,2009,0,2
UGA,2010,1,3
UGA,2011,1,4
UGA,2012,2,6
UGA,2013,2,8
UGA,2014,0,8
UGA,2015,2,10
UGA,2016,1,11
UGA,2017,3,14
UGA,2018,3,17
UGA,2019,2,19
UGA,2020,1,20
UGA,2021,1,21
UGA,2022,0,21
UGA,2023,1,22
UGA,2024,1,23
UGA,2025,2,25
UGA,2026,3,28
UKR,1994,1,1
UKR,1995,0,1
UKR,1996,0,1
UKR,1997,1,2
UKR,1998,0,2
UKR,1999,0,2
UKR,2000,1,3
UKR,2001,0,3
UKR,2002,0,3
UKR,2003,1,4
UKR,2004,0,4
UKR,2005,2,6
UKR,2006,0,6
UKR,2007,0,6
UKR,2008,0,6
UKR,2009,1,7
UKR,2010,1,8
UKR,2011,0,8
UKR,2012,0,8
UKR,2013,0,8
UKR,2014,0,8
UKR,2015,0,8
UKR,2016,1,9
UKR,2017,4,13
UKR,2018,2,15
UKR,2019,3,18
UKR,2020,5,23
UKR,2021,2,25
UKR,2022,0,25
UKR,2023,1,26
UKR,2024,1,27
UKR,2025,0,27
UKR,2026,0,27
URY,1990,0,1
URY,1991,0,1
URY,1992,0,1
URY,1993,0,1
URY,1994,0,1
URY,1995,0,1
URY,1996,0,1
URY,1997,0,1
URY,1998,0,1
URY,1999,0,1
URY,2000,0,1
URY,2001,0,1
URY,2002,1,2
URY,2003,0,2
URY,2004,0,2
URY,2005,0,2
URY,2006,0,2
URY,2007,1,3
URY,2008,2,5
URY,2009,5,10
URY,2010,2,12
URY,2011,0,12
URY,2012,2,14
URY,2013,3,17
URY,2014,0,17
URY,2015,4,21
URY,2016,2,23
URY,2017,2,25
URY,2018,3,28
URY,2019,4,32
URY,2020,4,36
URY,2021,4,40
URY,2022,1,41
URY,2023,2,43
URY,2024,9,52
URY,2025,0,52
URY,2026,0,52
USA,1990,1,4
USA,1991,0,4
USA,1992,1,5
USA,1993,0,5
USA,1994,0,5
USA,1995,0,5
USA,1996,0,5
USA,1997,0,5
USA,1998,0,5
USA,1999,0,5
USA,2000,1,6
USA,2001,0,6
USA,2002,0,6
USA,2003,1,7
USA,2004,0,7
USA,2005,1,8
USA,2006,0,8
USA,2007,1,9
USA,2008,2,11
USA,2009,2,13
USA,2010,0,13
USA,2011,1,14
USA,2012,0,14
USA,2013,1,15
USA,2014,0,15
USA,2015,1,16
USA,2016,3,19
USA,2017,1,20
USA,2018,3,23
USA,2019,1,24
USA,2020,6,30
USA,2021,29,59
USA,2022,10,69
USA,2023,5,74
USA,2024,7,81
USA,2025,0,81
USA,2026,1,82
UZB,1997,1,1
UZB,1998,0,1
UZB,1999,0,1
UZB,2000,0,1
UZB,2001,0,1
UZB,2002,0,1
UZB,2003,0,1
UZB,2004,1,2
UZB,2005,0,2
UZB,2006,0,2
UZB,2007,0,2
UZB,2008,0,2
UZB,2009,1,3
UZB,2010,0,3
UZB,2011,0,3
UZB,2012,0,3
UZB,2013,2,5
UZB,2014,0,5
UZB,2015,0,5
UZB,2016,0,5
UZB,2017,0,5
UZB,2018,0,5
UZB,2019,5,10
UZB,2020,2,12
UZB,2021,2,14
UZB,2022,2,16
UZB,2023,2,18
UZB,2024,3,21
UZB,2025,3,24
UZB,2026,0,24
VCT,2009,1,1
VCT,2010,1,2
VCT,2011,0,2
VCT,2012,0,2
VCT,2013,1,3
VCT,2014,0,3
VCT,2015,1,4
VCT,2016,0,4
VCT,2017,0,4
VCT,2018,0,4
VCT,2019,1,5
VCT,2020,0,5
VCT,2021,0,5
VCT,2022,0,5
VCT,2023,0,5
VCT,2024,0,5
VCT,2025,0,5
VCT,2026,0,5
VEN,1999,1,1
VEN,2000,0,1
VEN,2001,0,1
VEN,2002,0,1
VEN,2003,0,1
VEN,2004,0,1
VEN,2005,0,1
VEN,2006,2,3
VEN,2007,0,3
VEN,2008,0,3
VEN,2009,1,4
VEN,2010,0,4
VEN,2011,2,6
VEN,2012,0,6
VEN,2013,2,8
VEN,2014,0,8
VEN,2015,3,11
VEN,2016,0,11
VEN,2017,0,11
VEN,2018,0,11
VEN,2019,1,12
VEN,2020,0,12
VEN,2021,3,15
VEN,2022,0,15
VEN,2023,0,15
VEN,2024,0,15
VEN,2025,1,16
VEN,2026,0,16
VNM,1992,1,1
VNM,1993,0,1
VNM,1994,0,1
VNM,1995,0,1
VNM,1996,0,1
VNM,1997,0,1
VNM,1998,0,1
VNM,1999,0,1
VNM,2000,0,1
VNM,2001,0,1
VNM,2002,0,1
VNM,2003,0,1
VNM,2004,0,1
VNM,2005,0,1
VNM,2006,1,2
VNM,2007,1,3
VNM,2008,2,5
VNM,2009,2,7
VNM,2010,1,8
VNM,2011,4,12
VNM,2012,6,18
VNM,2013,3,21
VNM,2014,2,23
VNM,2015,5,28
VNM,2016,7,35
VNM,2017,5,40
VNM,2018,5,45
VNM,2019,4,49
VNM,2020,5,54
VNM,2021,5,59
VNM,2022,12,71
VNM,2023,8,79
VNM,2024,3,82
VNM,2025,5,87
VNM,2026,3,90
VUT,2000,1,1
VUT,2001,0,1
VUT,2002,0,1
VUT,2003,0,1
VUT,2004,0,1
VUT,2005,0,1
VUT,2006,1,2
VUT,2007,1,3
VUT,2008,0,3
VUT,2009,0,3
VUT,2010,0,3
VUT,2011,3,6
VUT,2012,1,7
VUT,2013,2,9
VUT,2014,0,9
VUT,2015,3,12
VUT,2016,7,19
VUT,2017,4,23
VUT,2018,3,26
VUT,2019,3,29
VUT,2020,1,30
VUT,2021,1,31
VUT,2022,1,32
VUT,2023,0,32
VUT,2024,0,32
VUT,2025,1,33
VUT,2026,0,33
WSM,2007,3,3
WSM,2008,1,4
WSM,2009,0,4
WSM,2010,1,5
WSM,2011,2,7
WSM,2012,1,8
WSM,2013,3,11
WSM,2014,1,12
WSM,2015,0,12
WSM,2016,2,14
WSM,2017,0,14
WSM,2018,0,14
WSM,2019,0,14
WSM,2020,3,17
WSM,2021,2,19
WSM,2022,0,19
WSM,2023,1,20
WSM,2024,2,22
WSM,2025,0,22
WSM,2026,0,22
XKX,2014,1,1
XKX,2015,0,1
XKX,2016,1,2
XKX,2017,0,2
XKX,2018,1,3
XKX,2019,0,3
XKX,2020,0,3
XKX,2021,1,4
XKX,2022,1,5
XKX,2023,2,7
XKX,2024,1,8
XKX,2025,0,8
XKX,2026,0,8
YEM,1995,1,1
YEM,1996,0,1
YEM,1997,0,1
YEM,1998,0,1
YEM,1999,0,1
YEM,2000,0,1
YEM,2001,0,1
YEM,2002,0,1
YEM,2003,0,1
YEM,2004,0,1
YEM,2005,2,3
YEM,2006,0,3
YEM,2007,0,3
YEM,2008,0,3
YEM,2009,2,5
YEM,2010,0,5
YEM,2011,0,5
YEM,2012,1,6
YEM,2013,0,6
YEM,2014,0,6
YEM,2015,0,6
YEM,2016,0,6
YEM,2017,0,6
YEM,2018,0,6
YEM,2019,0,6
YEM,2020,0,6
YEM,2021,0,6
YEM,2022,0,6
YEM,2023,0,6
YEM,2024,0,6
YEM,2025,0,6
YEM,2026,0,6
ZAF,2003,1,1
ZAF,2004,0,1
ZAF,2005,1,2
ZAF,2006,1,3
ZAF,2007,2,5
ZAF,2008,1,6
ZAF,2009,3,9
ZAF,2010,2,11
ZAF,2011,1,12
ZAF,2012,1,13
ZAF,2013,1,14
ZAF,2014,1,15
ZAF,2015,2,17
ZAF,2016,0,17
ZAF,2017,2,19
ZAF,2018,2,21
ZAF,2019,4,25
ZAF,2020,7,32
ZAF,2021,2,34
ZAF,2022,5,39
ZAF,2023,1,40
ZAF,2024,4,44
ZAF,2025,1,45
ZAF,2026,0,45
ZMB,1995,1,1
ZMB,1996,0,1
ZMB,1997,0,1
ZMB,1998,0,1
ZMB,1999,0,1
ZMB,2000,0,1
ZMB,2001,0,1
ZMB,2002,0,1
ZMB,2003,0,1
ZMB,2004,0,1
ZMB,2005,0,1
ZMB,2006,0,1
ZMB,2007,1,2
ZMB,2008,2,4
ZMB,2009,0,4
ZMB,2010,2,6
ZMB,2011,3,9
ZMB,2012,1,10
ZMB,2013,0,10
ZMB,2014,1,11
ZMB,2015,6,17
ZMB,2016,3,20
ZMB,2017,3,23
ZMB,2018,1,24
ZMB,2019,0,24
ZMB,2020,0,24
ZMB,2021,2,26
ZMB,2022,2,28
ZMB,2023,3,31
ZMB,2024,6,37
ZMB,2025,0,37
ZMB,2026,0,37
ZWE,1990,0,1
ZWE,1991,0,1
ZWE,1992,0,1
ZWE,1993,0,1
ZWE,1994,0,1
ZWE,1995,0,1
ZWE,1996,0,1
ZWE,1997,0,1
ZWE,1998,0,1
ZWE,1999,0,1
ZWE,2000,0,1
ZWE,2001,0,1
ZWE,2002,0,1
ZWE,2003,2,3
ZWE,2004,0,3
ZWE,2005,0,3
ZWE,2006,0,3
ZWE,2007,0,3
ZWE,2008,0,3
ZWE,2009,0,3
ZWE,2010,0,3
ZWE,2011,2,5
ZWE,2012,2,7
ZWE,2013,0,7
ZWE,2014,1,8
ZWE,2015,0,8
ZWE,2016,0,8
ZWE,2017,1,9
ZWE,2018,3,12
ZWE,2019,3,15
ZWE,2020,6,21
ZWE,2021,0,21
ZWE,2022,2,23
ZWE,2023,5,28
ZWE,2024,0,28
ZWE,2025,0,28
ZWE,2026,0,28
