iso3,C1_score,C2_score,C3_score,C4_score,C5_score,C6_score,C8_score,C9_score,C10_score,C11_score,C12_score,C13_score,C14_score,C15_score,C16_score,C17_score,C18_score,C19_score,C20_score,C21_score,C22_score,C23_score,C24_score,C25_score,C1_lowconf,C2_lowconf,C3_lowconf,C4_lowconf,C5_lowconf,C6_lowconf,C8_lowconf,C9_lowconf,C10_lowconf,C11_lowconf,C12_lowconf,C13_lowconf,C14_lowconf,C15_lowconf,C16_lowconf,C17_lowconf,C18_lowconf,C19_lowconf,C20_lowconf,C21_lowconf,C22_lowconf,C23_lowconf,C24_lowconf,C25_lowconf
ABW,,0.5903148156,0.3184732222,0.6089872084,0.6487701655,0.666897433,0.4000198719,0.6582537135,,0.4284981606,0.1797120566,,,,0.5931964573,,,,,,,0.5037558685,,,,False,False,True,False,True,False,False,,True,True,,,,True,,,,,,,True,,
AFG,0.1194771044,0.2626920531,0.357985125,0.1548965717,0.2904409131,0.2551898867,0.5120917179,,0.01923033537,0.3505842694,0.4287113267,0.1935977672,0.1353295174,0.2812473491,0.133718015,0.1932590578,0.2929132882,0.3469544945,0.2446762947,0.1368331787,0.08555753874,0.1179232269,0.160961611,0.3353808564,False,False,False,False,False,False,False,,False,False,False,False,False,False,False,False,False,False,False,False,False,False,False,False
AGO,0.3385667557,0.4147858194,0.3624674981,0.4086963651,0.2401287868,0.3634468291,0.5293009309,0.3433635178,0.2858581455,0.3246164197,0.4421134515,0.5622808351,0.429559334,0.3878403469,0.4319182661,0.2836959312,0.43198033,0.290573342,0.3582955862,0.3737971897,0.4397463472,0.3950201502,0.3738105859,0.4238227463,False,False,False,False,False,False,False,False,False,False,False,False,False,False,False,False,False,False,False,False,False,False,False,False
ALB,0.5317374004,0.4902259805,0.521466034,0.5034187129,0.5961068129,0.483587366,0.6448624302,0.5433261664,0.6341296732,0.5972918841,0.6592452069,0.4923942584,0.4194208894,0.5099172337,0.6299940436,0.4724411954,0.4331567833,0.5147928689,0.4345268044,0.4842809022,0.6052969258,0.4890032547,0.5172448148,0.5448172267,False,False,False,False,False,False,False,False,False,False,False,False,False,False,False,False,False,False,False,False,False,False,False,False
AND,,0.5993057658,0.3754241452,0.6958542619,0.5861365654,0.6880724419,0.649533079,0.6209536104,,,0.4457733341,,0.411857221,,0.6073674183,,0.7729923913,,0.6680355644,0.7028625813,0.6593522359,0.5317949109,0.6756958212,0.5815982092,,False,False,True,False,True,False,False,,,True,,True,,True,,True,,True,True,True,True,True,True
ARE,0.4135342439,0.6101707746,0.580281748,0.6398754257,0.6742027563,0.6597741655,0.5768555358,0.5298640331,0.2574114171,0.6827315898,0.450839986,0.6476584726,0.4494071781,0.4670775701,0.5795038195,0.4168582003,0.7263071331,0.2817882276,0.4747588048,0.2516973517,0.2939704694,0.1542342673,0.2429834846,0.3936410089,False,False,False,False,False,False,True,False,False,False,False,False,False,False,False,False,False,False,False,False,False,False,False,False
ARG,0.6265607027,0.551566326,0.5086027954,0.5060308226,0.5634490616,0.4532595941,0.4575555476,0.5191981686,0.5868791752,0.387645522,0.6143754041,0.5250744205,0.4393695356,0.51899943,0.4636860682,0.536182122,0.4924051964,0.5761234993,0.6160921277,0.4939863928,0.56608691,0.534670932,0.5188235575,0.5317626867,False,False,False,False,False,False,False,False,False,False,False,False,False,False,False,False,False,False,False,False,False,False,False,False
ARM,0.5762447936,0.4795400653,0.5172759796,0.460855754,0.6299115088,0.5211531108,0.6552529701,0.6604910858,0.6215938267,0.5460136246,0.4071108315,0.4570108909,0.4335310996,0.3188654186,0.5797698585,0.5282971037,0.5164803513,0.4830001459,0.5282023933,0.5240663245,0.5536811542,0.5113215897,0.5525735077,0.5666810709,False,False,False,False,False,False,False,False,False,False,False,False,False,False,False,False,False,False,False,False,False,False,False,False
ASM,,0.5870658672,,0.6281154522,0.5075867589,0.5639964215,,,,,0.1563630753,,,,0.9913446055,,,,,,,0.5037558685,,,,False,,True,False,True,,,,,True,,,,True,,,,,,,True,,
ATG,0.6804776174,0.5807041937,0.3938689771,0.5758024307,0.6301363084,0.5971522166,0.4085429561,0.4807026874,,0.4040908871,0.3929046976,0.5464569479,0.594173316,0.607877097,0.5006606876,0.6118221717,0.5939337434,,0.629771413,0.6291119059,0.5810245421,0.5729650891,0.6171469023,0.5335466357,True,False,False,False,False,False,False,False,,False,False,True,False,True,True,True,True,,True,True,False,True,True,False
AUS,0.6872031222,0.6153597904,0.613128115,0.8134595465,0.6772547541,0.7964713845,0.473092311,0.6481088461,0.6228795546,0.6980220348,0.6635970445,0.637275585,0.692627622,0.7395383328,0.682758108,0.7252151579,0.7609015875,0.680242797,0.7088853692,0.6760801619,0.6336694118,0.6169116676,0.6511788095,0.6703584116,False,False,False,False,False,False,False,False,False,False,False,False,False,False,False,False,False,False,False,False,False,False,False,False
AUT,0.6670443573,0.6176440307,0.5962695879,0.7379617442,0.647872,0.7284164977,0.6800597719,0.6486298432,0.4690743621,0.7316108568,0.7470268936,0.6909426749,0.6889349867,0.6988109248,0.7022749538,0.7012586439,0.7225163521,0.6645024992,0.6929913941,0.6564891627,0.6466550421,0.585200817,0.6463755503,0.58051699,False,False,False,False,False,False,False,False,False,False,False,False,False,False,False,False,False,False,False,False,False,False,False,False
AZE,0.2844396806,0.560388607,0.462650376,0.4330076315,0.5393670235,0.5006450018,0.5606585304,0.5564982717,0.1931250253,0.4755708145,0.4167503231,0.5106855736,0.2941507319,0.1674113824,0.4533812975,0.429886806,0.2720585823,0.1968780421,0.2972764903,0.1959705021,0.3697837722,0.1974776161,0.1305257021,0.4061963405,False,False,False,False,False,False,False,False,False,False,False,False,False,False,False,False,False,False,False,False,False,False,False,False
BDI,0.3615680645,0.3906528993,0.3785815741,0.3139833408,0.3052372396,0.3807556485,0.4942901173,,0.3308586197,0.2350658346,0.4206677193,0.4794081488,0.5093004904,0.1902309731,0.3061555752,0.3806486307,0.2988672691,0.2804326771,0.2860086318,0.2921960883,0.3594489606,0.2926872339,0.2219702846,0.2598498177,False,False,False,False,False,False,False,,False,False,False,False,False,False,False,False,False,False,False,False,False,False,False,False
BEL,0.6955891844,0.5916055724,0.5350036969,0.7462446652,0.6847289001,0.7280027504,0.6511931995,0.5819371321,0.7258984975,0.7381358382,0.7079002289,0.6617935918,0.7048089999,0.6414157723,0.715537952,0.745971044,0.7361065419,0.6481227193,0.7228032127,0.6799983062,0.6861110869,0.6641913514,0.6893091318,0.6526098447,False,False,False,False,False,False,False,False,False,False,False,False,False,False,False,False,False,False,False,False,False,False,False,False
BEN,0.5781633082,0.3085333897,0.4779757134,0.5252544798,0.2496423982,0.4532409232,0.6052143944,0.3065844118,0.6829873309,0.4245411703,0.3695310897,0.5231402825,0.5658791441,0.4739290313,0.5351922754,0.4875863039,0.5378712823,0.3399021398,0.4971508899,0.4794818421,0.6111691499,0.431474905,0.5108414682,0.419144273,False,False,False,False,False,False,False,False,False,False,False,False,False,False,False,False,False,False,False,False,False,False,False,False
BFA,0.5086368576,0.1018899502,0.5461474414,0.4138311027,0.2630907156,0.4358416016,0.5250341124,0.3772308704,0.4414312137,0.3657771898,0.4404690153,0.3517275586,0.4857210053,0.4130478893,0.2693968239,0.4538489567,0.5205393784,0.3187777874,0.3798855223,0.3207615691,0.4119609417,0.3177029871,0.3558923218,0.4111048583,False,False,False,False,False,False,False,False,False,False,False,False,False,False,False,False,False,False,False,False,False,False,False,False
BGD,0.3423953366,0.2652315716,0.4307788015,0.3667398629,0.4770609181,0.34216312,0.4371954632,0.5214355409,0.5111819488,0.383751991,0.4193831486,0.5392951292,0.4323435225,0.3067179504,0.4177369146,0.529974664,0.3207735729,0.2779806651,0.3028496755,0.4285138452,0.4015165171,0.3552733401,0.4871631636,0.4758424268,False,False,False,False,False,False,False,False,False,False,False,False,False,False,False,False,False,False,False,False,False,False,False,False
BGR,0.5798649498,0.581376213,0.5711407101,0.479213935,0.5981084288,0.5242228265,0.6765041344,0.4394488368,0.5061997534,0.6573041898,0.7048668948,0.6276110232,0.4851005645,0.5202713251,0.5980052959,0.5272439525,0.4416140115,0.648361132,0.5223253562,0.5629322205,0.57348674,0.513332495,0.6033617763,0.575122543,False,False,False,False,False,False,False,False,False,False,False,False,False,False,False,False,False,False,False,False,False,False,False,False
BHR,0.2584215481,0.5551431583,0.3924558038,0.4749927037,0.6285304675,0.6754487665,0.4835006454,0.6113297401,0.2625543284,0.6251345775,0.3608178647,0.3973995467,0.4878443401,0.3906834577,0.494777865,0.519573951,0.5441369342,0.2497543329,0.3686677289,0.2689279571,0.3158888481,0.2277222211,0.2361739728,0.3367044713,False,False,False,False,False,False,True,False,False,False,False,False,False,False,False,False,False,False,False,False,False,False,False,False
BHS,0.7043081345,0.5701489535,0.3162658064,0.5668627417,0.5161882161,0.5130345768,0.5109476168,0.4970386747,,0.2751721619,0.4278393593,0.588765284,0.3350824341,0.5539584139,0.3728493011,0.5024064499,0.6477734437,,0.5470660512,0.7376482093,0.5342798846,0.5628456844,0.7147622165,0.4685556156,True,False,False,False,False,False,False,False,,False,False,True,False,True,True,False,False,,True,True,False,True,True,False
BIH,0.4727043153,0.4729805569,0.4276553738,0.4154030704,0.5394037728,0.4671390207,0.5417540725,0.4366904674,0.5082890612,0.5684251944,0.4032428208,0.3820123953,0.5376241589,0.5278408093,0.5680923401,0.530492049,0.4067497176,0.4168317907,0.455648193,0.4913911778,0.5100716707,0.5023496956,0.5126191118,0.5234320607,False,False,False,False,False,False,False,False,False,False,False,False,False,False,False,False,False,False,False,False,False,False,False,False
BLR,0.459407586,0.4715639831,0.6223038707,0.3826163421,0.6382721906,0.316781817,0.5408760132,0.632814853,0.163553285,0.4390589388,0.4664903369,0.423447333,0.325717841,0.3202500211,0.4185699264,0.3331867454,0.5112122106,0.1625918608,0.3343649742,0.2546594641,0.4209171318,0.13975562,0.1023899021,0.2457595803,False,False,False,False,False,False,True,False,False,False,False,False,False,False,False,False,False,False,False,False,False,False,False,False
BLZ,0.6168816112,0.5587662677,0.4381688695,0.4360302617,0.4966665412,0.4312240136,0.2114002414,0.7474735316,,0.3539947494,0.513323003,0.4124805503,0.6174071128,0.4436705028,0.3744408607,0.4234955219,0.4570468958,,0.5789291797,0.6765643893,0.592997935,0.5567919737,0.6625467252,0.4318618975,True,False,False,False,False,False,True,False,,False,False,True,False,True,True,False,True,,True,True,False,True,True,False
BMU,,0.5752009694,,0.7506108496,0.588097159,0.6053550659,,0.7565764048,,0.04400635861,0.1483732129,,,,0.3230676329,,,,,,,0.5037558685,,,,False,,True,False,True,,False,,True,True,,,,True,,,,,,,True,,
BOL,0.5102806379,0.3825581627,0.4505173029,0.4109465119,0.4950081648,0.279658823,0.5534305313,0.5530655212,0.3964307394,0.405805013,0.4771891052,0.4962269368,0.3776969508,0.3253374314,0.4665512208,0.38609868,0.3422771918,0.4786745687,0.5831152585,0.5130886185,0.5729357761,0.5105742591,0.5250456733,0.4453676495,False,False,False,False,False,False,False,False,False,False,False,False,False,False,False,False,False,False,False,False,False,False,False,False
BRA,0.5333144416,0.5213519682,0.5375654568,0.5183002113,0.5385907047,0.4273778796,0.6589799968,0.5582146469,0.5820576958,0.5290993747,0.5935218945,0.46477282,0.4458636623,0.5874907092,0.3614092644,0.5519108527,0.4680410373,0.6912681617,0.5948640204,0.6027653589,0.5678980794,0.6132865726,0.60381416,0.6688468897,False,False,False,False,False,False,False,False,False,False,False,False,False,False,False,False,False,False,False,False,False,False,False,False
BRB,0.6561537458,0.5554178211,0.380835711,0.5968456621,0.5670509929,0.5713382433,0.1771704114,0.4004323585,0.4933424751,0.3871686312,0.4000328136,0.5681563518,0.4867005305,0.6620081851,0.5610570097,0.5863287513,0.6944810068,0.5414866296,0.6203555946,0.6006736215,0.6026569916,0.5914653859,0.6567162811,0.5026780471,False,False,False,False,False,False,False,False,False,False,False,False,False,False,False,False,False,False,False,False,False,False,False,False
BRN,0.4172128654,0.5849483111,0.4364153298,0.6398447335,0.6205906777,0.6487776496,0.5759562519,0.6011848727,,0.5801275192,0.3623227221,0.6169708414,0.6251367615,,0.8175123458,0.550493963,0.6687210082,,0.2088657482,0.3620148655,0.3765943253,0.4185819,0.3318833132,0.2626543987,True,False,False,True,False,False,True,False,,False,False,True,True,,True,True,True,,True,True,False,True,True,True
BTN,0.5080101618,0.5365811922,0.3812626433,0.6050403175,0.4890367545,0.5284498801,0.530641764,0.3574621327,0.3167156135,0.4263830747,0.499107492,0.5433710691,0.4129740702,0.5668950334,0.5737021278,0.5226167336,0.6898426466,0.6211829803,0.6058057149,0.5350224506,0.4710083681,0.5204537456,0.4811501261,0.543290923,False,False,False,False,False,False,False,False,False,False,False,False,False,False,False,False,False,False,False,False,False,False,False,False
BWA,0.6052182567,0.5261754343,0.4351040925,0.6084202653,0.514316229,0.5430930542,0.5675314103,0.3652682496,0.5603610385,0.5201667947,0.3970273865,0.61702683,0.555980732,0.5333912844,0.5117209414,0.5983923411,0.6121921351,0.5359338476,0.5771257641,0.5356313814,0.5185763497,0.5343019441,0.5983961795,0.4187633749,False,False,False,False,False,False,False,False,False,False,False,False,False,False,False,False,False,False,False,False,False,False,False,False
CAF,0.3324933366,0.3494523032,0.3853464114,0.2107757401,0.09841191926,0.2594101108,0.4439067123,0.2077407233,0.6503619871,0.2701018716,0.4429044298,0.2695951301,0.2567800368,0.4217788867,0.2771054401,0.1711835314,0.3027283735,0.2847777233,0.2474620744,0.3525193588,0.2976333592,0.4122983704,0.3049240547,0.2810278913,False,False,False,False,False,False,False,False,False,False,False,False,False,False,False,False,False,False,False,False,False,False,False,False
CAN,0.661795471,0.5388401585,0.6177458748,0.7436288273,0.6426987023,0.761677864,0.4385358505,0.6130461153,0.5314321622,0.7283195306,0.70755541,0.640086211,0.6610874376,0.6521920207,0.6299468309,0.6515423569,0.7698739759,0.6232253503,0.7126804941,0.6508533993,0.5900101244,0.6492723311,0.6566225127,0.64911498,False,False,False,False,False,False,False,False,False,False,False,False,False,False,False,False,False,False,False,False,False,False,False,False
CHE,0.7427551007,0.621241727,0.5617188021,0.8350322987,0.6688905681,0.7758467123,0.635041229,0.669593959,0.7487201666,0.7135270837,0.7289894785,0.6137209304,0.7188728293,0.7293082059,0.7580776833,0.712605669,0.7807976872,0.7010330617,0.7096430831,0.7269094598,0.6384912693,0.6484338976,0.7207860802,0.701454967,False,False,False,False,False,False,False,False,False,False,False,False,False,False,False,False,False,False,False,False,False,False,False,False
CHL,0.6579133861,0.4904131178,0.5659332669,0.6264606196,0.6477323612,0.6090901052,0.5946258272,0.5743337715,0.6755943959,0.647742738,0.6716484016,0.5157810311,0.5268780323,0.6192558725,0.5251059052,0.6770679485,0.6654473522,0.7302699939,0.7122325696,0.6405542687,0.6363297387,0.6137933019,0.5938032488,0.6852715601,False,False,False,False,False,False,False,False,False,False,False,False,False,False,False,False,False,False,False,False,False,False,False,False
CHN,0.2774635756,0.5638656683,0.3426889654,0.5017340102,0.5745149,0.4605876286,0.4141379783,0.4937593081,0.2100002031,0.6167800187,0.609923206,0.5996396446,0.376466537,0.2740463724,0.4358989113,0.3235421255,0.4849706181,0.2516914782,0.2888789836,0.3080781548,0.2560303606,0.1512822227,0.1755380358,0.3849273644,False,False,False,False,False,False,False,False,False,False,False,False,False,False,False,False,False,False,True,False,False,False,False,False
CIV,0.4060251155,0.4615881049,0.5074095106,0.4394357066,0.3084083849,0.4644290501,0.578534046,0.3591785079,0.5192177478,0.4035374669,0.4211673934,0.4062223714,0.3319676924,0.4754959698,0.4633318496,0.4783139375,0.4381727309,0.3676785946,0.4043473011,0.469524296,0.5021243437,0.4996118343,0.5078506399,0.4546256091,False,False,False,False,False,False,False,False,False,False,False,False,False,False,False,False,False,False,False,False,False,False,False,False
CMR,0.3289112401,0.3822274605,0.4784271451,0.3144463791,0.3394083941,0.3745480561,0.5098814384,0.3614158802,0.4999318302,0.2922873744,0.4290678913,0.4107733048,0.4303217426,0.2911433108,0.3103390378,0.4375931185,0.2970952589,0.3330588759,0.260083501,0.3140972419,0.4167213857,0.30992298,0.309918238,0.3186447324,False,False,False,False,False,False,False,False,False,False,False,False,False,False,False,False,False,False,False,False,False,False,False,False
COD,0.3268308223,0.3137908055,0.3049357129,0.220070453,0.238032375,0.2781205775,0.4097749628,0.278908179,0.4211810002,0.3321573646,0.4398285631,0.2753702638,0.4356510563,0.2851079725,0.2029705068,0.1739867724,0.2783941559,0.3487673145,0.3079850483,0.4400171441,0.3586595957,0.399450393,0.3879364583,0.3403714914,False,False,False,False,False,False,False,False,False,False,False,False,False,False,False,False,False,False,False,False,False,False,False,False
COG,0.3563709765,0.5217077452,0.2650873525,0.3631730503,0.295414424,0.313999387,0.4637591815,0.2393707036,0.171267652,0.315958451,0.4009850292,0.3840908636,0.3767917849,0.3892122102,0.3229348424,0.3404093882,0.2956794196,0.3593430827,0.2535524044,0.347567313,0.3565633152,0.3684120158,0.3065335626,0.3050853522,False,False,False,False,False,False,False,False,False,False,False,False,False,False,False,False,False,False,False,False,False,False,False,False
COL,0.4886600012,0.4039811367,0.5371411225,0.494326214,0.5360241854,0.5036740834,0.5621468494,0.5608575318,0.5889684829,0.5682322791,0.6021738333,0.427194751,0.3953945866,0.575152297,0.3108093428,0.5312177388,0.4768408489,0.6476299147,0.5669523391,0.5168211826,0.5265520451,0.5227064265,0.523375691,0.5542189149,False,False,False,False,False,False,False,False,False,False,False,False,False,False,False,False,False,False,False,False,False,False,False,False
COM,0.5202004246,0.5448953629,0.3509703758,0.3373612202,0.3373244234,0.3369087254,0.2943369762,0.2986769167,0.4872352678,0.3520277838,0.3443595752,0.3791864022,0.3110841142,0.3049905821,0.420015347,0.282136192,0.3432864922,0.3557337592,0.3005465371,0.407857064,0.4034963662,0.4143074417,0.4396697198,0.2891601753,False,False,False,False,False,False,True,False,False,False,False,False,False,False,False,False,False,False,False,False,False,False,False,False
CPV,0.647929765,0.598956323,0.387530627,0.5449278276,0.5119573859,0.5152242969,0.4951297139,0.2986769167,0.6074508205,0.4261609312,0.3506594698,0.5666091504,0.4034886517,0.6440787141,0.5905150457,0.5973538675,0.5812273439,0.5942858517,0.619047791,0.5615245349,0.6161733999,0.5936844102,0.5901992563,0.5109817803,False,False,False,False,False,False,False,False,False,False,False,False,False,False,False,False,False,False,False,False,False,False,False,False
CRI,0.6643963682,0.5967988743,0.5855156094,0.6496885341,0.6190116145,0.6248591016,0.6385705337,0.5434416509,0.5778790803,0.6272374781,0.5412334784,0.587461347,0.5446709886,0.6568168791,0.5610792729,0.6789109634,0.60874808,0.723601922,0.6956266075,0.6329314182,0.6419409882,0.6042574957,0.6591719242,0.6243471351,False,False,False,False,False,False,False,False,False,False,False,False,False,False,False,False,False,False,False,False,False,False,False,False
CUB,0.5131439586,0.5724247334,0.2948697846,0.3481796865,0.5793208338,0.2445602505,0.159354667,0.6859299462,0.1473209711,0.3963682312,0.4177798134,0.630532187,0.3576963823,0.3893827865,0.4319420289,0.242410778,0.4722272981,0.2242769529,0.3104391744,0.2730838812,0.3622583704,0.1927779589,0.1259299263,0.3435300596,False,False,False,False,False,True,True,False,False,False,False,False,False,False,False,True,False,False,False,False,False,False,False,False
CUW,,0.5457746479,,,0.5213092214,,0.5100041692,0.47055782,,,0.0205399061,,,,0.143921095,,,,,,,0.5037558685,,,,True,,,False,,True,False,,,True,,,,True,,,,,,,True,,
CYM,,0.595811613,,0.7002150381,0.5981344841,0.6833199278,,0.5264312826,,0.02838930735,0.1536491923,,,,0.4015700483,,,,,,,0.5037558685,,,,False,,True,False,True,,False,,True,True,,,,True,,,,,,,True,,
CYP,0.6106084874,0.5595829572,0.5440028894,0.6224692374,0.6532590106,0.6183504348,0.6165242461,0.6350522253,0.6887731062,0.6817064459,0.6006100352,0.4089796625,0.6466535278,0.6079613643,0.6370308056,0.62584067,0.6346466733,0.5887637266,0.6486897666,0.6060569056,0.5834255015,0.5747842113,0.6171988432,0.5931469449,False,False,False,False,False,False,False,False,False,False,False,False,False,False,False,False,False,False,False,False,False,False,False,False
CZE,0.6620775267,0.5498258506,0.5593685251,0.7432577418,0.6227093021,0.6829054459,0.5963368453,0.5836535073,0.6997017928,0.6801867623,0.7000408749,0.6721520506,0.6777857966,0.6655362704,0.7357383435,0.6738447466,0.6376377928,0.6891407313,0.6807608633,0.6319441302,0.6626179994,0.6289290395,0.614567615,0.6250337932,False,False,False,False,False,False,False,False,False,False,False,False,False,False,False,False,False,False,False,False,False,False,False,False
DEU,0.72638654,0.596506985,0.6183845291,0.8318721574,0.660350112,0.7690025391,0.7376289448,0.6525835907,0.7069340119,0.7392917056,0.7629020726,0.6738299382,0.6852758984,0.7456696074,0.7306224667,0.7835241135,0.7654364295,0.7619131695,0.7041449734,0.6974629057,0.6874986406,0.6126507089,0.6803918183,0.7064676895,False,False,False,False,False,False,False,False,False,False,False,False,False,False,False,False,False,False,False,False,False,False,False,False
DJI,0.4394217384,0.5404807813,0.2623733668,0.4360876497,0.3158908497,0.4190287247,0.4874869773,0.2950202504,0.3073940867,0.2840491977,0.4115193405,0.4440261602,0.5983888673,0.3450284435,0.3548184081,0.3560959184,0.4050935811,0.2840748665,0.3045015795,0.3534557698,0.378180546,0.3709541243,0.3703808586,0.3384156991,False,False,False,False,False,False,True,False,False,False,False,False,False,False,False,False,False,False,False,False,False,False,False,False
DMA,,0.5756430554,0.2769371356,0.5107136384,0.4675248241,0.4979113931,0.3893323092,0.5609730163,,0.4179556052,0.3995099501,,0.5662076125,0.5425760416,0.4239244178,0.485636,0.6247860461,,0.629771413,0.6224891339,0.5922735166,0.485531361,0.6355090975,0.3367695342,,False,False,False,False,False,False,False,,False,False,,False,True,True,True,False,,True,True,False,True,True,False
DNK,0.7638222526,0.6247434528,0.6437888866,0.834434336,0.6801711547,0.8379279803,0.5717119257,0.5604520192,0.6106651401,0.7499093315,0.7886761032,0.6738133931,0.7788422456,0.7780525871,0.7486659019,0.757768713,0.8661734434,0.7544423387,0.7212523655,0.7533906668,0.6636546399,0.6827870561,0.7320858838,0.7041521933,False,False,False,False,False,False,False,False,False,False,False,False,False,False,False,False,False,False,False,False,False,False,False,False
DOM,0.5006398132,0.5697452133,0.4874561551,0.4804793953,0.4969672597,0.4682625882,0.6181099939,0.5762670093,0.572254021,0.5553675704,0.4768971074,0.6022104147,0.3993969514,0.5350370038,0.4687491472,0.5034555224,0.4392923361,0.4053917555,0.5546607436,0.566640139,0.5224555981,0.5624102244,0.6263917512,0.5624010057,False,False,False,False,False,False,False,False,False,False,False,False,False,False,False,False,False,False,False,False,False,False,False,False
DZA,0.482170299,0.4750215587,0.3198212007,0.4110327072,0.5454385118,0.3577629571,0.3766341655,0.4367045738,0.08624889885,0.2978919767,0.4244152081,0.5486046728,0.3494304422,0.3338062686,0.4888317115,0.4625541462,0.4250592115,0.327443548,0.3631341939,0.3077383652,0.3601363818,0.2951594617,0.2842011433,0.3830122454,False,False,False,False,False,False,False,False,False,False,False,False,False,False,False,False,False,False,False,False,False,False,False,False
ECU,0.4096408377,0.5104870847,0.5315924343,0.3995553195,0.4892713541,0.3993090002,0.5530680669,0.5327757864,0.5118248127,0.4956097132,0.5155184163,0.4508957612,0.3363561129,0.4712690816,0.3441926053,0.4533765486,0.4057848301,0.4966162194,0.6036663924,0.4475509904,0.5395035256,0.5069237246,0.4767026862,0.4553151577,False,False,False,False,False,False,False,False,False,False,False,False,False,False,False,False,False,False,False,False,False,False,False,False
EGY,0.3347357859,0.4697878532,0.464245871,0.3829192007,0.6022667971,0.3266200794,0.5244700574,0.6113297401,0.2095180552,0.4356000729,0.4253338577,0.5331277947,0.2415010082,0.4077593652,0.3906444776,0.3602641226,0.3965736912,0.2917841362,0.2633794414,0.3166690465,0.3144793918,0.2424924698,0.2287509078,0.3272172369,False,False,False,False,False,False,True,False,False,False,False,False,False,False,False,False,False,False,False,False,False,False,False,False
ESP,0.5767943263,0.5848352602,0.6092481085,0.6741729752,0.6557517675,0.6326755642,0.6638023943,0.8227481188,0.6219152587,0.7264061066,0.6804236215,0.6535468002,0.6594259012,0.6873893977,0.7044607717,0.649728994,0.6522035996,0.6090088318,0.6836595374,0.6611120272,0.6522058531,0.5389314282,0.6455915793,0.5957290698,False,False,False,False,False,False,False,False,False,False,False,False,False,False,False,False,False,False,False,False,False,False,False,False
EST,0.6177911011,0.6149440043,0.6161734995,0.7776490008,0.6385307744,0.7615101493,0.70098684,0.5599310221,0.6334868092,0.7147457616,0.6896528729,0.6856757047,0.6435549399,0.7245790544,0.7160121357,0.6982297251,0.7674251673,0.680605793,0.6901958435,0.6805476652,0.6827717804,0.6664337508,0.7057318899,0.6976969495,False,False,False,False,False,False,False,False,False,False,False,False,False,False,False,False,False,False,False,False,False,False,False,False
ETH,0.3313389924,0.3727794965,0.3907169222,0.3432522189,0.2426247675,0.321095127,0.3416551038,0.4017643808,0.2916439207,0.2574975731,0.4891037543,0.28533576,0.4016013734,0.3434278962,0.2321247421,0.315880153,0.4471218887,0.2513650462,0.3942859113,0.3861112767,0.3084838869,0.328338237,0.3744736388,0.4260632761,False,False,False,False,False,False,False,False,False,False,False,False,False,False,False,False,False,False,False,False,False,False,False,False
FIN,0.7325689052,0.6247067275,0.6366343114,0.7966671707,0.689895809,0.8159487115,0.5429155015,0.6209536104,0.5650218019,0.7497811894,0.7555385444,0.6832445589,0.6514044157,0.7757043493,0.7478190968,0.6863026071,0.80693121,0.7260756743,0.7298763759,0.6713370494,0.6786529627,0.6389231636,0.6650065295,0.7290902081,False,False,False,False,False,False,False,False,False,False,False,False,False,False,False,False,False,False,False,False,False,False,False,False
FJI,0.5082338897,0.5034432653,0.4096117004,0.5576407465,0.5549019791,0.5397465489,0.4961685194,0.4671250696,0.5603610385,0.4229204932,0.5013705346,0.5260983589,0.3778095002,0.5521538261,0.5527120283,0.3740035598,0.5876817194,0.546670966,0.4830209062,0.5401636837,0.5235047158,0.5100756881,0.5964686959,0.5251952722,False,False,False,False,False,False,False,False,False,False,False,False,False,False,False,False,False,False,False,False,False,False,False,False
FRA,0.648328471,0.5628874264,0.5757924875,0.7181669111,0.673329537,0.6862273149,0.748027389,0.8007420088,0.5605217545,0.7346278629,0.7178481861,0.6374036001,0.7274706778,0.6660387016,0.636236552,0.6862699953,0.7101162144,0.6887949498,0.6966715453,0.6431122551,0.5757895245,0.6285208544,0.6015440812,0.6669899831,False,False,False,False,False,False,False,False,False,False,False,False,False,False,False,False,False,False,False,False,False,False,False,False
FRO,,0.5457746479,,,0.6965532261,,,,,,0.240793209,,,,,,,,,,,0.5037558685,,,,True,,,True,,,,,,True,,,,,,,,,,,True,,
FSM,0.6119270957,0.5974397831,0.2319342806,0.4634338824,0.392407776,0.3622599026,0.4672467469,,,0.2371938058,0.3424038603,0.6733819562,0.6251367615,,0.7553142782,,0.6181673858,,0.6212123135,0.7484504007,0.5530386918,0.49297019,0.6984897309,0.238381423,True,False,False,True,False,True,True,,,True,False,True,True,,True,,True,,True,True,False,True,True,True
GAB,0.4913394599,0.3677078557,0.3089303783,0.4959182239,0.4082924265,0.3669637956,0.4479012779,0.2393707036,0.3869484966,0.2766121009,0.4246584617,0.4684425991,0.6173525296,0.4051569999,0.4632279379,0.4557982853,0.3680384419,0.282121971,0.3121190394,0.5292718734,0.5317893965,0.4806822693,0.4830737844,0.4192734429,False,False,False,False,False,False,False,False,False,False,False,False,False,False,False,False,False,False,False,False,False,False,False,False
GBR,0.5776520056,0.5127312263,0.59746734,0.6793731543,0.6528130891,0.7548077075,0.4626510206,0.8284182415,0.62786175,0.7217052537,0.7083955774,0.6487339955,0.6512211014,0.6919865441,0.64898429,0.6596734913,0.7374773864,0.7037006986,0.6715862541,0.6125749438,0.5677853442,0.5839759987,0.6014363434,0.6345223532,False,False,False,False,False,False,False,False,False,False,False,False,False,False,False,False,False,False,False,False,False,False,False,False
GEO,0.4556962483,0.4645859524,0.5834484,0.5031472232,0.6002266359,0.5975271511,0.685348493,0.5327757864,0.5341643339,0.6373327972,0.4542666248,0.3938688853,0.4498939021,0.4349062144,0.4845428484,0.5684131291,0.6024348227,0.4898437793,0.3773404001,0.4601897843,0.5301393066,0.4400948406,0.4060432068,0.5576557787,False,False,False,False,False,False,False,False,False,False,False,False,False,False,False,False,False,False,False,False,False,False,False,False
GHA,0.5832264188,0.5095678099,0.4208706099,0.478087083,0.4142072612,0.484715429,0.5053847372,0.4710788171,0.6346118211,0.3964755102,0.4532406432,0.5956428217,0.5104195476,0.5392618698,0.5735336924,0.5676127679,0.4487318723,0.6387813465,0.5723256263,0.5587718196,0.6263092865,0.5864930862,0.615078497,0.5978025176,False,False,False,False,False,False,False,False,False,False,False,False,False,False,False,False,False,False,False,False,False,False,False,False
GIB,,0.5457746479,,,0.6386361019,,,0.5790253788,,,0.1450286192,,,,0.9913446055,,,,,,,0.5037558685,,,,True,,,False,,,False,,,True,,,,True,,,,,,,True,,
GIN,0.3930678544,0.3660966426,0.3284394004,0.2931558652,0.2452495631,0.3340388118,0.3897070706,0.3223994019,0.5073247653,0.3604642818,0.4184369446,0.405457959,0.3051097846,0.3886517371,0.3591205909,0.2302428325,0.3561941941,0.3769753357,0.2975120637,0.3929580648,0.3657129878,0.4730738762,0.3513677271,0.3635274587,False,False,False,False,False,False,False,False,False,False,False,False,False,False,False,False,False,False,False,False,False,False,False,False
GMB,0.5370218355,0.4904636539,0.4241014647,0.4468625271,0.3570202006,0.3934070566,0.4791368811,0.2687633116,0.5602003226,0.3780409979,0.3303498168,0.5361951944,0.5375220213,0.5666678223,0.5939120928,0.4744872228,0.5356722426,0.5157695417,0.5478757203,0.5307508879,0.5412693715,0.5698857017,0.5511251326,0.5005098342,False,False,False,False,False,False,False,False,False,False,False,False,False,False,False,False,False,False,False,False,False,False,False,False
GNB,0.4178092308,0.3579174681,0.3119389245,0.2822067374,0.2914670762,0.2927946276,0.5214449147,0.2472781987,0.4875566998,0.3794752107,0.3399655922,0.4115847566,0.4816152225,0.2649229211,0.52882434,0.2990582487,0.3256860028,0.3889605202,0.4065556942,0.404855132,0.4387300302,0.4411260691,0.4864731328,0.3791344916,False,False,False,False,False,False,False,False,False,False,False,False,False,False,False,False,False,False,False,False,False,False,False,False
GNQ,0.2913597959,0.562534689,0.2364367419,0.3691174701,0.2250562271,0.2512147308,0.4418020041,0.2314632086,0.1595353855,0.2293502577,0.3916352107,0.5626105819,0.3816226678,0.1862495675,0.3832651581,0.2294902169,0.3165578126,0.2769777554,0.2197138534,0.2685376908,0.2945351443,0.2645224423,0.1844238049,0.2361799145,False,False,False,False,False,True,False,False,False,False,False,False,False,False,False,True,False,False,False,False,False,False,False,False
GRC,0.6802548198,0.503687428,0.5396021531,0.5489708255,0.6133529726,0.5579157707,0.6930082236,0.662207461,0.5550574112,0.6941823348,0.7284996615,0.6238343203,0.5974672993,0.5140954944,0.6225139383,0.6197787616,0.554654908,0.5043934258,0.6820540319,0.6012272149,0.6015835592,0.5374479715,0.5746115395,0.5587367095,False,False,False,False,False,False,False,False,False,False,False,False,False,False,False,False,False,False,False,False,False,False,False,False
GRD,0.6158533075,0.583577826,0.3200019036,0.4991571761,0.5802341818,0.5020021888,0.4545881811,0.425871219,,0.36506516,0.3777722534,0.5535083373,0.5561978035,0.5604094322,0.481168709,0.4170960298,0.6094795063,,0.5498069473,0.7440780851,0.6072201499,0.485531361,0.6963035731,0.3080443993,True,False,False,False,False,False,False,False,,False,False,True,False,True,True,True,False,,True,True,False,True,True,False
GRL,,0.5865392649,0.4522260355,0.7293751789,0.54266835,0.7581742598,0.8029112487,,,,0.3150454621,,,,0.3540660225,,,,,,,0.5037558685,,,,False,False,True,True,True,True,,,,True,,,,True,,,,,,,True,,
GTM,0.4564542989,0.5239973212,0.4976858267,0.4152720751,0.4604303574,0.442873456,0.5218988796,0.6249073579,0.7321664207,0.5676899572,0.4731310771,0.4872695098,0.3817873495,0.533178047,0.3873157758,0.404402505,0.3640184687,0.6697029147,0.4798149106,0.4929268446,0.4354454723,0.4956665567,0.5231037949,0.5725582101,False,False,False,False,False,False,False,False,False,False,False,False,False,False,False,False,False,False,False,False,False,False,False,False
GUM,,0.5761093413,,0.7149411347,0.6177837669,0.5639964215,,,,,0.1625787445,,,,0.4047906602,,,,,,,0.5037558685,,,,False,,True,True,True,,,,,True,,,,True,,,,,,,True,,
GUY,0.5446294146,0.4695452078,0.3662306483,0.4543950765,0.5170978576,0.4436687401,0.6900418222,0.6135671124,0.3848591889,0.4022954095,0.4313954666,0.4670283015,0.521675702,0.5258360197,0.4284633195,0.4775016521,0.4872304763,0.361100649,0.495469768,0.4941292183,0.5406063766,0.5456892586,0.5988820778,0.4083483941,False,False,False,False,False,False,True,False,False,False,False,False,False,False,False,False,False,False,False,False,False,False,False,False
HKG,0.4280736228,0.609379534,0.5230363484,0.6572244766,0.6796901626,0.7999565329,0.6147463347,0.6599700887,0.5325571741,0.7857218188,0.2498777318,0,0.4960841483,0.5910728148,0.7071196387,0.6611149309,0.7510831188,0.2787655285,0.3705985972,0.3014735969,0.5242276165,0.3632767389,0.2926845433,0.4379815166,False,False,False,False,False,False,False,False,False,False,True,True,False,False,False,False,False,False,False,False,False,False,False,False
HND,0.4873951332,0.4508468061,0.417649585,0.4585250155,0.3858230444,0.3928604052,0.5371199116,0.5937983747,0.5293428545,0.5389314302,0.4448379421,0.3794219864,0.4272091875,0.457249323,0.3577557176,0.4767187472,0.3563442129,0.4348174934,0.3820824415,0.5173524092,0.5130770094,0.5157014379,0.5112871663,0.5171881891,False,False,False,False,False,False,False,False,False,False,False,False,False,False,False,False,False,False,False,False,False,False,False,False
HRV,0.5814839637,0.5937401933,0.542987103,0.5581278316,0.6318728579,0.5231552574,0.6350320498,0.5253892884,0.3953057275,0.6755764563,0.735356693,0.5954599326,0.6330552672,0.5567654549,0.6876608223,0.5981558313,0.5635037305,0.6378548941,0.6392703125,0.5612567069,0.6085224555,0.5235737455,0.5602721174,0.6080795117,False,False,False,False,False,False,False,False,False,False,False,False,False,False,False,False,False,False,False,False,False,False,False,False
HTI,0.3264309306,0.3073718406,0.2398865505,0.2170561482,0.4113300452,0.265589443,0.4448602611,0.2354169561,0.6400761644,0.4665390824,0.3611534897,0.1872059306,0.2546979274,0.378881326,0.3314717783,0.3147241773,0.2884305176,0.4311904699,0.3143992224,0.3839569669,0.41479396,0.447314065,0.4538492313,0.3666764273,False,False,False,False,False,False,True,False,False,False,False,False,False,False,False,False,False,False,False,False,False,False,False,False
HUN,0.5230005699,0.5439876963,0.6087844996,0.501886375,0.6786552834,0.488939162,0.6452486763,0.5039041755,0.3503052533,0.6603898712,0.6946462169,0.6781659697,0.3770204173,0.4817207226,0.6933508437,0.5125648876,0.4924484476,0.4494059491,0.4779233031,0.4777888559,0.5420781895,0.4212575022,0.4063619389,0.4225879208,False,False,False,False,False,False,False,False,False,False,False,False,False,False,False,False,False,False,False,False,False,False,False,False
IDN,0.4119570891,0.3977426764,0.5583941497,0.4645154393,0.5085260161,0.5072377066,0.543331166,0.6130461153,0.3490195254,0.5444643533,0.5603031894,0.5502402618,0.4076782442,0.4561634987,0.4851346896,0.4672802531,0.3842946143,0.4666405446,0.468516371,0.5142876971,0.4226394291,0.5089078676,0.4711387864,0.5488353749,False,False,False,False,False,False,False,False,False,False,False,False,False,False,False,False,False,False,False,False,False,False,False,False
IMN,,0.5457746479,,,0.6779748782,,,0.580741754,,,0.0205399061,,,,0.9913446055,,,,,,,0.5037558685,,,,True,,,True,,,False,,,True,,,,True,,,,,,,True,,
IND,0.4267084856,0.3908107482,0.4752811648,0.4174770334,0.5304115961,0.4568431211,0.4286563232,0.6639238362,0.4163595209,0.5267112474,0.4302241572,0.5779294474,0.4467615444,0.4442776288,0.3561984854,0.5413924834,0.4284653621,0.4617503994,0.4757509157,0.4420221432,0.3775821224,0.3488417826,0.4039285997,0.5702247839,False,False,False,False,False,False,False,False,False,False,False,False,False,False,False,False,False,False,False,False,False,False,False,False
IRL,0.7493209411,0.6272823066,0.6197985315,0.7692251549,0.6558706186,0.811943564,0.6152259441,0.6582537135,0.627701034,0.7132065147,0.7200499344,0.640942513,0.7251730663,0.7271889846,0.7590919565,0.7673678302,0.7478094088,0.6468607007,0.7021393461,0.7029021332,0.6922121925,0.6702080376,0.7226680356,0.7228405008,False,False,False,False,False,False,False,False,False,False,False,False,False,False,False,False,False,False,False,False,False,False,False,False
IRN,0.3107088141,0.322064314,0.4562880191,0.378242361,0.6314092668,0.2779035781,0.382839262,,0.210803783,0.2004567829,0.364207411,0.4275292928,0.3650824172,0.3475502294,0.309590534,0.4116668712,0.3484069331,0.4765558422,0.4010777581,0.2731057904,0.2408111536,0.1810595813,0.2056033483,0.3716337742,False,False,False,False,False,False,False,,False,False,False,False,False,False,False,False,False,False,False,False,False,False,False,False
IRQ,0.3452807282,0.3501043153,0.3658671621,0.323809258,0.4985925112,0.3561318227,0.3961410465,0.5271056637,0.2881081692,0.4322865243,0.3285023495,0.363951128,0.4418421501,0.4320980167,0.3047693684,0.3675341721,0.2940735378,0.4863149359,0.4457626461,0.4269963485,0.3256960106,0.3327508057,0.4463644027,0.3856006476,False,False,False,False,False,False,False,False,False,False,False,False,False,False,False,False,False,False,False,False,False,False,False,False
ISL,0.7463922461,0.6349583693,0.5826783368,0.7517096106,0.6812857187,0.6901865829,0.5181402995,0.5185237876,0.4131452013,0.6883872136,0.6676390754,0.7295626355,0.6740971184,0.6879058786,0.7334906619,0.7360853567,0.8049656527,0.5875634651,0.6816984009,0.6965251041,0.6663987886,0.5978937638,0.6834631992,0.6275321777,False,False,False,False,False,False,False,False,False,False,False,False,False,False,False,False,False,False,False,False,False,False,False,False
ISR,0.5192447901,0.3051368106,0.6106883183,0.663164814,0.6613276303,0.6754053054,0.5616223381,0.7686121909,0.5891291989,0.679604789,0.585908075,0.6107781532,0.5939032808,0.6400841401,0.4739947595,0.6238570707,0.6898231007,0.6404675853,0.6441216707,0.5579342144,0.4872917619,0.4603962046,0.5084782454,0.5769802746,False,False,False,False,False,False,False,False,False,False,False,False,False,False,False,False,False,False,False,False,False,False,False,False
ITA,0.6766432229,0.5837363404,0.6078770914,0.6064695148,0.6234016321,0.5848289009,0.6811190661,0.7227090522,0.6127544479,0.7136897745,0.6903680051,0.5476046709,0.5976998021,0.5444518304,0.6649299886,0.6153056417,0.6174549232,0.6763367088,0.6724630113,0.619256319,0.6343903318,0.5352933787,0.6179080996,0.6272515873,False,False,False,False,False,False,False,False,False,False,False,False,False,False,False,False,False,False,False,False,False,False,False,False
JAM,0.6680951984,0.4935868313,0.5075057282,0.5892444973,0.495522915,0.547146861,0.5455180467,0.4710788171,0.4417526456,0.4372750062,0.400467945,0.5207828231,0.5923297532,0.6028646978,0.4259218494,0.5833077232,0.5805909287,0.5700700471,0.6577836614,0.6379169991,0.573888244,0.5971138634,0.6213675627,0.5653850813,False,False,False,False,False,False,False,False,False,False,False,False,False,False,False,False,False,False,False,False,False,False,False,False
JOR,0.4122968348,0.5572860742,0.5491478212,0.5493487432,0.5857373972,0.5612093659,0.598865069,0.5039041755,0.6214331108,0.5218992018,0.4663273642,0.4919501674,0.5310393726,0.573071513,0.5675830021,0.5245213225,0.5205880708,0.555870702,0.4450881304,0.4024326966,0.4441624308,0.4308683714,0.3988442486,0.5103160321,False,False,False,False,False,False,False,False,False,False,False,False,False,False,False,False,False,False,False,False,False,False,False,False
JPN,0.7286877555,0.6331690575,0.6003081453,0.7525788982,0.6740278166,0.7438537326,0.4157865891,0.5959202625,0.871025027,0.7267031372,0.6514989695,0.659515261,0.6933467892,0.6783291601,0.7510858886,0.6906073004,0.7503927937,0.6616466945,0.6935286088,0.6351539494,0.6655865098,0.5792543521,0.6416946319,0.650929423,False,False,False,False,False,False,False,False,False,False,False,False,False,False,False,False,False,False,False,False,False,False,False,False
KAZ,0.3652215332,0.5662910471,0.558944903,0.4577441631,0.5897023553,0.4952339135,0.5572254756,0.6419177262,0.4358061544,0.5181422409,0.5377084348,0.5660845995,0.3248345369,0.3927399956,0.4905631834,0.4782881017,0.4230255266,0.368273552,0.3669166216,0.3694197099,0.4386456802,0.3365215854,0.3274256354,0.4651255679,False,False,False,False,False,False,False,False,False,False,False,False,False,False,False,False,False,False,False,False,False,False,False,False
KEN,0.4382244611,0.3400163649,0.4843385184,0.4599588411,0.3808556044,0.4428378791,0.4867143868,0.389092113,0.5965221339,0.4257030782,0.4976803818,0.4645621339,0.3812928095,0.5714079294,0.3888147486,0.5010435903,0.3928267289,0.6230505369,0.4698986709,0.5196773575,0.4791348748,0.6110903425,0.4754198526,0.5663278169,False,False,False,False,False,False,False,False,False,False,False,False,False,False,False,False,False,False,False,False,False,False,False,False
KGZ,0.4025455275,0.5513269628,0.4927442559,0.4140014197,0.5524958053,0.3995608667,0.6136201781,0.5078579231,0.3181620573,0.4858498086,0.4710358628,0.537623112,0.3637971276,0.4149685792,0.4316570989,0.4484523311,0.3245668688,0.3722960297,0.3909736471,0.2967999821,0.4806580604,0.4451279275,0.3296840786,0.4970149219,False,False,False,False,False,False,False,False,False,False,False,False,False,False,False,False,False,False,False,False,False,False,False,False
KHM,0.3257513702,0.5581576398,0.397831199,0.3112597984,0.4021864302,0.3035414901,0.4731127493,0.3981949862,0.6085758324,0.445702644,0.4481220252,0.4201070657,0.3529038847,0.2436323409,0.3920272247,0.2672769335,0.3021877579,0.1994034932,0.2373534574,0.3176091906,0.3625511447,0.2230264131,0.2760611949,0.2817448609,False,False,False,False,False,False,False,False,False,False,False,False,False,False,False,False,False,False,False,False,False,False,False,False
KIR,,0.586440135,0.3241439828,0.4202762887,0.4472915788,0.4079922222,0.2375042664,,,0.2386863321,0.4192060295,,0.6251367615,,0.4942434247,,0.4670485026,,0.6549081795,0.8148067189,0.550919885,0.49297019,0.7533414713,0.2441812943,,False,False,True,False,True,False,,,True,False,,True,,True,,True,,True,True,False,True,True,True
KNA,,0.5704827996,0.2952491622,0.6014170422,0.6929679721,0.5768572671,0.3274363564,0.4145309734,,0.4269364555,0.2462906343,,0.573779099,0.6427783043,0.4515708424,0.5550292446,0.5903812831,,0.5915072617,0.7484504007,0.5877410046,0.5829337693,0.7201633122,0.4884885556,,False,False,False,False,False,False,False,,True,True,,False,True,True,True,True,,True,True,False,True,True,False
KOR,0.7065202877,0.5183140886,0.6306301972,0.7433397096,0.6635299672,0.6859185571,0.6474401618,0.6384849758,0.5638967901,0.6750775418,0.6407472874,0.6811336208,0.6781652992,0.6762921543,0.6922480165,0.6571467871,0.6417118428,0.6896848353,0.6798094617,0.6151233632,0.619061016,0.63566002,0.5891971926,0.6733955763,False,False,False,False,False,False,False,False,False,False,False,False,False,False,False,False,False,False,False,False,False,False,False,False
KWT,0.4092436982,0.5979648468,0.4251544009,0.544444892,0.5663598668,0.5754669178,0.4895070844,0.4807026874,0.3657339873,0.5398551302,0.4074254022,0.6566910866,0.4774750522,0.5477149071,0.6145596498,0.5260405428,0.5760877897,0.5812175504,0.4246987761,0.3043259382,0.2958003372,0.4515624844,0.3836730306,0.4459619979,False,False,False,False,False,False,True,False,False,False,False,False,False,False,False,False,False,False,False,False,False,False,False,False
LAO,0.2960947615,0.591507445,0.4050047941,0.3765214973,0.3796930168,0.4000059523,0.4005694357,0.2557798563,0.2112859309,0.4667781088,0.4746526122,0.5482988545,0.4725769187,0.4002865541,0.3593901431,0.2543569374,0.3656327673,0.3449998715,0.3150823317,0.3219484885,0.2850948611,0.2105548988,0.2050305572,0.3676537167,False,False,False,False,False,False,False,False,False,False,False,False,False,False,False,False,False,False,False,False,False,False,False,False
LBN,0.3764367484,0.389440805,0.3608277715,0.3289298127,0.4250814487,0.3777490313,0.3676306064,0.5039041755,0.5762719205,0.3783460069,0.4320470005,0.256796744,0.3958035851,0.4093040538,0.4100422248,0.4096576462,0.3351711451,0.468734326,0.3797788871,0.4831293044,0.4027415667,0.4600707777,0.5187061258,0.4785495446,False,False,False,False,False,False,False,False,False,False,False,False,False,False,False,False,False,False,False,False,False,False,False,False
LBR,0.5380511558,0.5159098577,0.3514309416,0.3598726626,0.231464699,0.3564822578,0.5229442616,0.2648095641,0.5132712565,0.3349063543,0.3710568555,0.4623928001,0.5271768355,0.4612706611,0.4632643147,0.406473307,0.309000265,0.4888846955,0.5194176082,0.4675725057,0.501036847,0.5504567095,0.5737823908,0.5441299511,False,False,False,False,False,False,False,False,False,False,False,False,False,False,False,False,False,False,False,False,False,False,False,False
LBY,0.3606784925,0.3575324056,0.2254523329,0.2144486959,0.5081554484,0.1977429248,0.3610255753,,0.2799116542,0.3820502711,0.1711674139,0.09827032196,0.4466140892,0.4326228972,0.2649535704,0.3428995661,0.3223470475,0.4214507172,0.4144210149,0.4213814906,0.2376983542,0.4387545718,0.4280016989,0.4338576451,False,False,False,False,False,False,True,,False,False,True,False,False,False,False,False,False,False,False,False,False,False,False,False
LCA,,0.5706637148,0.4250936418,0.550347264,0.5547883634,0.5474041359,0.2963887694,0.418484721,,0.4612939682,0.3905611114,,0.578431602,0.5916282515,0.4172910929,0.5870689408,0.6222143981,,0.629771413,0.6954039254,0.5885730757,0.485531361,0.6936400745,0.3240293274,,False,False,False,False,False,False,False,,True,False,,False,True,True,True,False,,True,True,False,True,True,False
LIE,,0.6009288761,0.47386252,0.7882345106,0.6691118991,0.7638474272,,0.6463924708,,,0.8413038264,,0.6251367615,,0.5342997854,,0.878590926,,0.5915072617,0.7606671647,0.6793654484,0.5088755255,0.7262716942,0.3488195808,,False,False,True,False,True,,False,,,True,,True,,True,,True,,True,True,True,True,True,True
LKA,0.4915792817,0.4907448855,0.453862594,0.4834038065,0.5014736535,0.4547749238,0.4840276721,0.3789472456,0.5090926411,0.4924688947,0.4663579979,0.5383602816,0.4840602883,0.5641604146,0.4706459091,0.49031666,0.5252042357,0.505164875,0.6347403852,0.5626271761,0.4439654642,0.5896375246,0.5387770558,0.569230188,False,False,False,False,False,False,False,False,False,False,False,False,False,False,False,False,False,False,False,False,False,False,False,False
LSO,0.5935157894,0.5279505169,0.3756767607,0.4588729242,0.3543325462,0.416760254,0.4314801036,0.2942021721,0.5892899149,0.437767294,0.4531450802,0.4780110373,0.601211842,0.5693266314,0.4619532354,0.4650084055,0.4978010505,0.5024522104,0.5893859454,0.5643995926,0.5648738184,0.4730303969,0.5605073971,0.4527975562,False,False,False,False,False,False,False,False,False,False,False,False,False,False,False,False,False,False,False,False,False,False,False,False
LTU,0.7226249911,0.5377704384,0.593383778,0.6546174313,0.6356654809,0.7144811392,0.7547059044,0.5644057667,0.7268627934,0.6899422763,0.7394060631,0.6629118088,0.6100947001,0.6781768305,0.6680472415,0.6844063841,0.6507606861,0.6639017505,0.6512429614,0.6138529835,0.631174755,0.6249867124,0.616675617,0.639125981,False,False,False,False,False,False,False,False,False,False,False,False,False,False,False,False,False,False,False,False,False,False,False,False
LUX,0.7256941599,0.6263245252,0.572277169,0.829210582,0.651741695,0.8047628975,0.7122415311,0.7215136741,0.7332914325,0.7280854193,0.7806025553,0.6927454875,0.7898988881,0.666281245,0.6915744824,0.7384972305,0.7978203408,0.6369061263,0.6968681749,0.7141476204,0.6874455942,0.6576774067,0.7423357132,0.7220583144,False,False,False,False,False,False,False,False,False,False,False,False,False,False,False,False,False,False,False,False,False,False,False,False
LVA,0.6097308691,0.5476872054,0.6176680541,0.7295865263,0.6380888959,0.690762747,0.7580522886,0.8375211147,0.7405236516,0.6936502446,0.6671625504,0.6414998572,0.6931856152,0.6886844135,0.6578225633,0.6632380432,0.6643582431,0.5993901124,0.685101011,0.6381629989,0.6590109711,0.5994339746,0.6589171787,0.6437523797,False,False,False,False,False,False,False,False,False,False,False,False,False,False,False,False,False,False,False,False,False,False,False,False
MAC,,0.5786823379,0.3656800975,0.6883981722,0.640653843,0.7351012495,0.5917020788,0.684213571,,0.7402145037,0.2078040739,,,,0.9160628019,,,,,,0.6804874433,0.5037558685,,,,False,False,True,False,True,True,False,,True,True,,,,True,,,,,,True,True,,
MAF,,0.5457746479,,,0.6699282193,,,,,,0.0205399061,,,,0.08474235105,,,,,,,0.5037558685,,,,True,,,True,,,,,,True,,,,True,,,,,,,True,,
MAR,0.4246497921,0.4739659652,0.5370404047,0.4617438935,0.5475914017,0.4740217928,0.5178027681,0.5078579231,0.4991282503,0.5298049375,0.4126482734,0.4157679157,0.3549780979,0.5083499133,0.5099457139,0.5044259622,0.4359357295,0.5412468076,0.4573567252,0.4102916278,0.4286515213,0.4562034986,0.4142072399,0.4658293558,False,False,False,False,False,False,False,False,False,False,False,False,False,False,False,False,False,False,False,False,False,False,False,False
MCO,,0.5864630263,0.2220925185,0.7958240008,0.7646728988,0.6880724419,,0.4982340528,,,0.1445618153,,0.8023112691,,0.8466991413,,,,0.514978959,0.7352048565,0.6926669507,0.5230606244,0.7135405401,0.3777040639,,False,False,True,False,True,,False,,,True,,True,,True,,,,True,True,True,True,True,True
MDA,0.5642696937,0.5244529045,0.5981343545,0.5093961072,0.5787155492,0.440824466,0.6456912652,0.5819371321,0.5481466241,0.5255896719,0.4272789797,0.4953384946,0.5159244319,0.4967930357,0.5667112079,0.5146342531,0.4923485999,0.5357903342,0.5230260889,0.5536146111,0.5640148289,0.4396199656,0.5221829787,0.5934577525,False,False,False,False,False,False,False,False,False,False,False,False,False,False,False,False,False,False,False,False,False,False,False,False
MDG,0.4824824609,0.4175532852,0.3524087161,0.3126344814,0.2553767333,0.3691318174,0.3611091484,0.2924857969,0.548628772,0.4227349919,0.4049826769,0.3703726446,0.3186965449,0.3109874623,0.4422822611,0.4635355178,0.3032206636,0.4420411113,0.3286521853,0.4051870667,0.4723439818,0.4831163815,0.5141059902,0.344159727,False,False,False,False,False,False,False,False,False,False,False,False,False,False,False,False,False,False,False,False,False,False,False,False
MDV,0.4942556884,0.4918837733,0.4172096299,0.566484868,0.5338926,0.4544668668,0.4055966504,0.2857736799,0.4290560832,0.4294924212,0.3992169689,0.5721709949,0.3240328951,0.5201166957,0.6214061962,0.5800681093,0.5443828108,0.5611344789,0.4966532483,0.5036514766,0.3763537088,0.5215085067,0.4736172295,0.5556245562,False,False,False,False,False,True,False,False,False,False,False,False,False,False,False,True,False,False,False,False,False,False,False,False
MEX,0.4850434023,0.4171288429,0.6119038886,0.423086462,0.5254785816,0.4279489506,0.5662708486,0.5564982717,0.5206641916,0.6175985786,0.587899349,0.4382639988,0.358884612,0.2873476543,0.2643668811,0.4766729004,0.3880063542,0.3630607827,0.5076464021,0.4865628905,0.4378135641,0.4839260875,0.4215824257,0.5453919609,False,False,False,False,False,False,False,False,False,False,False,False,False,False,False,False,False,False,False,False,False,False,False,False
MHL,,0.5880841581,0.2867349295,0.4450722461,0.5095113529,0.3754816203,0.4798119589,0.5061415479,,,0.4222629518,,0.6251367615,,0.55613956,,0.5024434696,,0.6680355644,0.7484504007,0.5605739572,0.49297019,0.6984897309,0.2682870095,,False,False,True,False,True,False,False,,,False,,True,,True,,True,,True,True,False,True,True,True
MKD,0.4652760638,0.520550301,0.5581911448,0.4336382058,0.5594081506,0.5130454518,0.564275902,0.5327757864,0.603593637,0.5868746103,0.4461055266,0.5862766771,0.4519614947,0.4315811534,0.5726932392,0.5137938176,0.401179445,0.5231530638,0.5136351911,0.5219657004,0.543852376,0.4895634015,0.507029768,0.5330794554,False,False,False,False,False,False,False,False,False,False,False,False,False,False,False,False,False,False,False,False,False,False,False,False
MLI,0.4738957682,0.1655837444,0.4570450119,0.3403780622,0.2721269751,0.3853753721,0.5141004308,0.3043470395,0.6098615602,0.399194571,0.4188826854,0.3637448162,0.4780308712,0.5360338665,0.2924827844,0.4872473129,0.3793206487,0.2414479782,0.383261477,0.4169518432,0.4196788355,0.369489304,0.4187638268,0.3667401457,False,False,False,False,False,False,False,False,False,False,False,False,False,False,False,False,False,False,False,False,False,False,False,False
MLT,0.7163195971,0.6133445981,0.5440415244,0.5889513536,0.6536163082,0.5832318397,0.7420764047,0.5570192688,0.4971996586,0.6834941124,0.658128507,0.6730066978,0.6355694628,0.6232178229,0.7062465713,0.5961132193,0.6217692797,0.5103493637,0.6431448153,0.616307618,0.6394684049,0.5845855801,0.6447226216,0.5795037844,False,False,False,False,False,False,False,False,False,False,False,False,False,False,False,False,False,False,False,False,False,False,False,False
MMR,0.2164009917,0.2071854734,0.444476334,0.2683061406,0.3797330632,0.2913265392,0.4559700989,0.3241157772,0.1945714691,0.3994152711,0.42375972,0.2699483982,0.3107049753,0.2435184613,0.2717426834,0.1950369871,0.3795094634,0.329118863,0.2239085828,0.2529022416,0.18698846,0.1232728503,0.2026172807,0.2435132913,False,False,False,False,False,False,False,False,False,False,False,False,False,False,False,False,False,False,False,False,False,False,False,False
MNE,0.5328947721,0.5193503208,0.4898919131,0.5487390649,0.562922495,0.5008862107,0.5946735882,0.5423996567,0.6220759747,0.5933533906,0.6245510325,0.5759673466,0.5176456732,0.5086818599,0.6442285757,0.5670774536,0.4982765643,0.5591515403,0.5174869918,0.5780757575,0.5668886368,0.5569348001,0.5796384839,0.5751220589,False,False,False,False,False,False,False,False,False,False,False,False,False,False,False,False,False,False,False,False,False,False,False,False
MNG,0.5424197054,0.5031633213,0.5916785695,0.441536904,0.5725568796,0.4771134616,0.6254959599,0.4049071032,0.4716458178,0.5008257347,0.3786798963,0.6325100336,0.4376492183,0.5185147467,0.5251625854,0.4800537287,0.4127537593,0.6101740745,0.5154758771,0.493455776,0.5676642899,0.5384995065,0.5448701335,0.536309268,False,False,False,False,False,False,False,False,False,False,False,False,False,False,False,False,False,False,False,False,False,False,False,False
MNP,,0.5457746479,,,0.6518456388,,,,,,0.0205399061,,,,,,,,,,,0.5037558685,,,,True,,,True,,,,,,True,,,,,,,,,,,True,,
MOZ,0.4834865529,0.3890971266,0.4306304365,0.3367877591,0.3005651046,0.345392664,0.4601483034,0.3540293823,0.3798769935,0.4356460619,0.4502712507,0.3976482625,0.3796524379,0.4240640538,0.3126029194,0.2990753616,0.4012728106,0.4000167519,0.2698282774,0.4340077381,0.4365148745,0.4418322207,0.3981387158,0.3872415247,False,False,False,False,False,False,False,False,False,False,False,False,False,False,False,False,False,False,False,False,False,False,False,False
MRT,0.2979906287,0.4239470624,0.3698041279,0.3275970014,0.4281275681,0.325874974,0.4669898206,0.3698443724,0.4816102086,0.3771278785,0.3395064445,0.4411253422,0.2860283673,0.3080912062,0.4494433999,0.336194365,0.3624286165,0.3963131167,0.406787961,0.438743807,0.3185253031,0.4731975731,0.4602800467,0.324093772,False,False,False,False,False,False,False,False,False,False,False,False,False,False,False,False,False,False,False,False,False,False,False,False
MUS,0.5719528864,0.5167270131,0.517698428,0.600577862,0.5776755169,0.630308097,0.5608061092,0.5071835421,0.5140748364,0.6218560969,0.4306721708,0.585998852,0.6169473104,0.6023845155,0.557961315,0.5740632621,0.5553030122,0.6744378797,0.5845731271,0.6514148147,0.5573107196,0.5669473952,0.6426687127,0.4791842406,False,False,False,False,False,False,False,False,False,False,False,False,False,False,False,False,False,False,False,False,False,False,False,False
MWI,0.4750989623,0.4784223065,0.3973926846,0.4602149494,0.4275621058,0.4217813674,0.501898722,0.5241939103,0.5823791277,0.34919684,0.4744217884,0.5337944441,0.4657120044,0.5643006159,0.5160011361,0.5206967864,0.4338937987,0.6766520204,0.4836213055,0.5010617278,0.5192222446,0.5426326147,0.5693022737,0.5324597375,False,False,False,False,False,False,False,False,False,False,False,False,False,False,False,False,False,False,False,False,False,False,False,False
MYS,0.5349567254,0.5175267378,0.6203950016,0.5283404791,0.5746426279,0.5988695402,0.5525894991,0.7271837968,0.3059476429,0.6294558171,0.4400001526,0.4544197529,0.4988708821,0.5898069019,0.6055818964,0.4719301082,0.5587802342,0.4403623598,0.4932998524,0.5193750715,0.4492228612,0.4447956418,0.4899018602,0.4080176077,False,False,False,False,False,False,False,False,False,False,False,False,False,False,False,False,False,False,False,False,False,False,False,False
NAM,0.549218234,0.5869384539,0.3690959085,0.6161441384,0.4263614108,0.5009033897,0.4323917013,0.4513100794,0.4046272543,0.4686283792,0.4490865805,0.5856349052,0.5862688453,0.5866366482,0.4927945524,0.5908600749,0.5747028301,0.5742989681,0.4857662405,0.5858202674,0.5679141784,0.5859731038,0.591361374,0.5862991664,False,False,False,False,False,False,False,False,False,False,False,False,False,False,False,False,False,False,False,False,False,False,False,False
NCL,,0.5805239053,,,0.6294275537,,0.5566987084,,,,0.19995714,,,,0.4736312399,,,,,,,0.5037558685,,,,False,,,False,,True,,,,True,,,,True,,,,,,,True,,
NER,0.5096351561,0.2093842864,0.5096732663,0.3908942737,0.200658798,0.3979174618,0.5311260912,0.3241157772,0.4727708297,0.3345669733,0.4029672012,0.4370972544,0.5166891024,0.396104134,0.3550676329,0.4098177681,0.4434673502,0.3257034942,0.4001043504,0.4826623806,0.4517953622,0.4404182008,0.4997162217,0.4490821999,False,False,False,False,False,False,False,False,False,False,False,False,False,False,False,False,False,False,False,False,False,False,False,False
NGA,0.4129481883,0.2691830709,0.468718932,0.3425822441,0.2663909251,0.3982208319,0.4914245883,0.4049071032,0.6108258561,0.3137742475,0.4347898548,0.328643011,0.4944890769,0.4333707909,0.2417126214,0.4285525107,0.3524863115,0.4620994756,0.3903882986,0.4687974646,0.4540748181,0.5361253099,0.5033936368,0.4661785882,False,False,False,False,False,False,False,False,False,False,False,False,False,False,False,False,False,False,False,False,False,False,False,False
NIC,0.2460693127,0.5184033439,0.3471524356,0.1983142696,0.5247026503,0.3290503241,0.5504837608,0.5039041755,0.3826091651,0.5485763277,0.4961410299,0.3930993098,0.1954809025,0.1165602879,0.2780276954,0.2573124622,0.2644920914,0.1466473998,0.2615348472,0.2134531417,0.2905445685,0.1770712112,0.1620912099,0.2932989293,False,False,False,False,False,False,True,False,False,False,False,False,False,False,False,False,False,False,False,False,False,False,False,False
NLD,0.6823845012,0.6023663446,0.611246821,0.7479383258,0.7024559902,0.7766097209,0.7425358338,0.7204716799,0.611629436,0.7616529192,0.7252583152,0.6639094201,0.6899505516,0.7223201275,0.7244696577,0.7608351291,0.7801924945,0.7106520871,0.7137244905,0.6564294341,0.6443161402,0.6163080755,0.5950551187,0.6431745104,False,False,False,False,False,False,False,False,False,False,False,False,False,False,False,False,False,False,False,False,False,False,False,False
NOR,0.7499937195,0.6199838637,0.6578660767,0.7946097032,0.6860703009,0.7898839412,0.4795000238,0.6780224512,0.6543798866,0.701082098,0.7842139059,0.6475041142,0.7246668095,0.763164484,0.7456527188,0.7838121078,0.8318372143,0.7662235938,0.7155671857,0.7756997794,0.6320956694,0.6424275213,0.7473649313,0.739713584,False,False,False,False,False,False,False,False,False,False,False,False,False,False,False,False,False,False,False,False,False,False,False,False
NPL,0.4917763833,0.4985805865,0.3938595033,0.4329408681,0.5412756248,0.4607889629,0.4521746274,0.3727561257,0.548628772,0.351086623,0.5130797168,0.5523874765,0.4167397092,0.5612748637,0.4703580991,0.478122706,0.4310956192,0.5827622167,0.5490227294,0.5404865723,0.4545588521,0.549948944,0.5619156012,0.5362734538,False,False,False,False,False,False,False,False,False,False,False,False,False,False,False,False,False,False,False,False,False,False,False,False
NRU,,0.5808221707,0.279534593,0.4971268554,0.5057216542,0.4039597639,0.3936081368,0.5281476579,,0.2320356558,0.2772176397,,0.6251367615,,0.7020536771,,0.3295593048,,0.629771413,0.5576116871,0.6277890931,0.470653703,0.5597232116,0.2424594575,,False,False,True,False,True,False,False,,True,True,,True,,True,,True,,True,True,True,True,True,True
NZL,0.6831505236,0.6340187486,0.6226088682,0.797487383,0.663831584,0.8377500611,0.5167216819,0.6792178293,0.4591099714,0.7107305337,0.6828603159,0.6882663882,0.7406913659,0.7565228495,0.7274227144,0.7544342656,0.8209271224,0.6377223953,0.6953593609,0.6257629798,0.6800497292,0.6203446036,0.587958126,0.6503636956,False,False,False,False,False,False,False,False,False,False,False,False,False,False,False,False,False,False,False,False,False,False,False,False
OMN,0.4099274431,0.5951820407,0.4935321769,0.5460260992,0.6005033712,0.6089293442,0.4983070498,0.684213571,0.3171977615,0.6269922589,0.456870412,0.6245291246,0.4824897971,0.4775918639,0.6131891092,0.4388406066,0.6185379199,0.3537781095,0.4751903609,0.2768092802,0.3527493584,0.2906935969,0.2843765323,0.3060564151,False,False,False,False,False,False,True,False,False,False,False,False,False,False,False,False,False,False,False,False,False,False,False,False
PAK,0.3185663009,0.3355808988,0.4055747174,0.3407697837,0.362726582,0.3676265448,0.5073285636,0.3794682427,0.4591099714,0.4237238675,0.415650582,0.2697070795,0.3321946953,0.3611046376,0.2483450198,0.4501940445,0.327057804,0.4362599984,0.3127284559,0.4261256627,0.2979834409,0.4202325207,0.4486012422,0.4384325323,False,False,False,False,False,False,False,False,False,False,False,False,False,False,False,False,False,False,False,False,False,False,False,False
PAN,0.5181118037,0.5663044305,0.5124383313,0.5769196103,0.5499532604,0.4909640799,0.4230076055,0.5609730163,0.5775576483,0.6208457804,0.4884377687,0.4894839938,0.4856806417,0.5334206608,0.4962679911,0.5292657077,0.4459186521,0.6012057499,0.6084775785,0.5603077846,0.5252532842,0.5455912164,0.569738631,0.5631374129,False,False,False,False,False,False,False,False,False,False,False,False,False,False,False,False,False,False,False,False,False,False,False,False
PER,0.4416832164,0.5148830209,0.5261454875,0.4618989926,0.5628322515,0.4872296111,0.6252790856,0.6056596173,0.7466308588,0.640275218,0.5070332717,0.4208074596,0.5126908611,0.4607634953,0.4161876204,0.551631812,0.3584184877,0.5959033571,0.5730862297,0.4314479461,0.5262227702,0.507931725,0.4726408037,0.5209011994,False,False,False,False,False,False,False,False,False,False,False,False,False,False,False,False,False,False,False,False,False,False,False,False
PHL,0.3479844415,0.3936928391,0.5715182873,0.4280924028,0.4646586885,0.4823292713,0.5138428309,0.4592175745,0.6252902943,0.5791238712,0.4486423882,0.4247498581,0.3277708126,0.4812421038,0.3535339819,0.4653115611,0.3440163397,0.5498078373,0.3902984109,0.417042723,0.476145649,0.4143478669,0.4797943448,0.4452304876,False,False,False,False,False,False,False,False,False,False,False,False,False,False,False,False,False,False,False,False,False,False,False,False
PLW,,0.5864630263,0.3662129801,0.4971268554,0.5881849446,0.5796158969,0.4439410389,0.4248292248,,0.4000453897,0.159741784,,0.383547593,,0.4507651639,,0.2764972133,,0.6680355644,0.7484504007,0.5284342881,0.5129412196,0.6984897309,0.3813467016,,False,False,True,False,True,True,False,,False,True,,True,,True,,True,,True,True,False,True,True,True
PNG,0.5155646001,0.5014511058,0.2871569773,0.4021662924,0.2560129531,0.4387021028,0.5876341848,0.3564201385,0.4226274441,0.5106068031,0.402598166,0.3692495945,0.3357988401,0.6232308065,0.4402700721,0.3991378636,0.4330729535,0.5839327158,0.3947004326,0.4648295578,0.4759331545,0.5353075167,0.5614984601,0.4247588601,False,False,False,False,False,False,False,False,False,False,False,False,False,False,False,False,False,False,False,False,False,False,False,False
POL,0.6644957209,0.5403672557,0.647080812,0.6061168386,0.6472220421,0.5985995734,0.6854678448,0.522630919,0.5584324468,0.6978240468,0.6563288445,0.6469023221,0.5389834407,0.5701316662,0.6769357686,0.6391642216,0.6559809656,0.6708367126,0.6113639095,0.6304358149,0.6421320887,0.5883336014,0.5852897789,0.5912664819,False,False,False,False,False,False,False,False,False,False,False,False,False,False,False,False,False,False,False,False,False,False,False,False
PRI,,0.5527676422,,0.4512522882,0.5830852014,0.6095932045,,,,,0.1580126388,,,,0.1547906602,,0.671779079,,,,0.5999594834,0.5037558685,,,,False,,True,False,True,,,,,True,,,,True,,True,,,,True,True,,
PRT,0.6493894271,0.5249844411,0.6362990074,0.6056288917,0.6819148728,0.5899770702,0.6951386699,0.6560163411,0.588004187,0.7007934023,0.7406094831,0.70904519,0.4717808671,0.6480340001,0.6604210724,0.5530687208,0.6263281375,0.6535302397,0.6907314188,0.6634339028,0.5618315492,0.6092478458,0.6306402328,0.5905008171,False,False,False,False,False,False,False,False,False,False,False,False,False,False,False,False,False,False,False,False,False,False,False,False
PRY,0.4205140016,0.5566177985,0.5071582189,0.436210998,0.5021176983,0.4599373024,0.4981047736,0.5879325489,0.6550227505,0.4966223233,0.5124390664,0.3700883442,0.336010788,0.4426893788,0.461481779,0.4709926664,0.3228360799,0.4264165769,0.4961419884,0.4686483444,0.4972652009,0.5053657576,0.4660995187,0.5055824144,False,False,False,False,False,False,False,False,False,False,False,False,False,False,False,False,False,False,False,False,False,False,False,False
PSE,0.4194460833,0.4719147959,0.5228433153,0.3318393969,0.4856477814,0.4138978279,0.4929792798,,0.7037196923,0.682119073,0.2998133595,0.1674576337,0.3709682546,0.4284673801,0.5522742215,0.4301896,0.5397787656,0.314168304,0.4877580808,0.3691978978,0.3493834131,0.3561142928,0.3205124263,0.2546020807,False,False,False,False,False,True,True,,False,True,True,False,True,False,False,True,False,False,False,False,False,False,False,True
PYF,,0.5776917414,,,0.6732834556,,0.5110086785,,,0.5022106425,0.2158689687,,,,0.9486714976,,,,,,,0.5037558685,,,,False,,,False,,True,,,True,True,,,,True,,,,,,,True,,
QAT,0.3582320905,0.6228656783,0.4372559818,0.6271841042,0.6404595866,0.6417912314,0.3633160253,0.706219681,0.155999634,0.6370665079,0.3833001642,0.5960835596,0.4131330832,0.5234490153,0.6764432729,0.3753186132,0.619727003,0.1985301348,0.3786745629,0.245893608,0.2490910198,0.247319267,0.2364270033,0.3598408501,False,False,False,False,False,False,True,False,False,False,False,False,False,False,False,False,False,False,False,False,False,False,False,False
ROU,0.5660745859,0.5864171733,0.6172796679,0.5303279701,0.5384461963,0.5407764643,0.6428384583,0.5130070487,0.5346464818,0.6516602545,0.6911608707,0.6682208595,0.5078406093,0.5251963107,0.6674408192,0.6114220398,0.5009960331,0.5284244279,0.5223555954,0.5125189752,0.5596717131,0.5058562978,0.5365341868,0.5079018697,False,False,False,False,False,False,False,False,False,False,False,False,False,False,False,False,False,False,False,False,False,False,False,False
RUS,0.3070649997,0.3966829123,0.5287345394,0.388217192,0.6281022816,0.33192677,0.4948959462,0.6792178293,0.2416612511,0.4844295812,0.4556224888,0.5034032768,0.3290437638,0.3289290929,0.2247400304,0.4058683285,0.3645749742,0.2000597544,0.28505991,0.2938791871,0.3238401354,0.1381920579,0.1858649013,0.4540519564,False,False,False,False,False,False,False,False,False,False,False,False,False,False,False,False,False,False,False,False,False,False,False,False
RWA,0.2924774983,0.4828898814,0.4905222674,0.5203650717,0.4391046554,0.5643097914,0.5234571872,0.2845783018,0.1392851721,0.4607817866,0.4188818288,0.5165355922,0.4702068898,0.4027751647,0.4487795648,0.391827118,0.5853830579,0.3607467231,0.3610223917,0.3786540562,0.367773441,0.2892455692,0.2952480667,0.4732005876,False,False,False,False,False,False,False,False,False,False,False,False,False,False,False,False,False,False,False,False,False,False,False,False
SAU,0.2470048397,0.5643106873,0.5550961662,0.5056864743,0.6208270536,0.6011900112,0.4197530169,0.6039432421,0.132213669,0.5707591219,0.4054346179,0.5395851134,0.401005541,0.3724069366,0.449007138,0.3978654783,0.6001684538,0.2024755348,0.1686523985,0.2753220746,0.2417633299,0.1637811051,0.2367376853,0.3818994586,False,False,False,False,False,False,False,False,False,False,False,False,False,False,False,False,False,False,False,False,False,False,False,False
SDN,0.3312522131,0.1129425689,0.2984218559,0.2338879329,0.2169038968,0.2268542543,0.3436932833,,0.2296075526,0.4094958951,0.3929739602,0.194653144,0.3061839345,0.2491249799,0.2207491644,0.1239171168,0.3354191138,0.3480078995,0.3080072597,0.2321151094,0.169544265,0.2664717762,0.2358843449,0.3171039573,False,False,False,False,False,False,True,,False,False,False,False,False,False,False,False,False,False,False,False,False,False,False,False
SEN,0.5573609617,0.5554072826,0.5814222456,0.5297839555,0.3592846736,0.4881567523,0.5649644553,0.3794682427,0.4067165621,0.4116391801,0.4411978475,0.5440871098,0.6277674174,0.5164338232,0.4908705694,0.5488417214,0.5271020353,0.5531324335,0.5368971043,0.5612048843,0.5548260586,0.5521142937,0.5597481551,0.5274229857,False,False,False,False,False,False,False,False,False,False,False,False,False,False,False,False,False,False,False,False,False,False,False,False
SGP,0.6025550958,0.639702639,0.6286538594,0.8488520533,0.6870874979,0.8497405999,0.6163614595,0.7368076671,0.3395372826,0.8007343666,0.6180464073,0.6745185355,0.6106727308,0.6883944605,0.7439278316,0.640925395,0.8267032219,0.4502232713,0.5406362091,0.4283490378,0.4930821038,0.4304339749,0.3621367935,0.5098781967,False,False,False,False,False,False,False,False,False,False,False,False,False,False,False,False,False,False,False,False,False,False,False,False
SLB,0.5114523762,0.5603572272,0.3250080941,0.4323118991,0.3048664673,0.3403933951,0.4071337712,0.2484735768,0.5206641916,0.3831633686,0.3464814622,0.4979213234,0.4976938132,0.6445301534,0.5771628134,0.5387223137,0.4542221747,0.5185031813,0.5609061454,0.4793016055,0.5299265881,0.5457546631,0.5931990436,0.4037961139,False,False,False,False,False,True,False,False,False,False,False,False,False,False,False,True,False,False,False,False,False,False,False,False
SLE,0.5374877303,0.4686742542,0.3839258777,0.4449482645,0.4004434966,0.3199600348,0.4824297718,0.308300787,0.5700039973,0.3222812026,0.4550218672,0.5622316612,0.5062549587,0.4358490114,0.4527643233,0.3858853591,0.4378817477,0.5173941711,0.4134268419,0.5833564691,0.5241693627,0.5486866065,0.5722796773,0.5574011765,False,False,False,False,False,False,False,False,False,False,False,False,False,False,False,False,False,False,False,False,False,False,False,False
SLV,0.44064894,0.4843093381,0.4262123435,0.3847085636,0.5143196146,0.4475267897,0.5048865845,0.5149402866,0.3737697863,0.5730796714,0.4908093653,0.5702060318,0.3087013161,0.2513924078,0.3734058536,0.4380209454,0.3971328145,0.1983756857,0.3869548386,0.4064903803,0.4761979418,0.4216929168,0.3573824428,0.3917835483,False,False,False,False,False,False,False,False,False,False,False,False,False,False,False,False,False,False,False,False,False,False,False,False
SMR,,0.5921038903,0.271266347,0.6506410588,0.5504869031,0.6467137975,0.5594435867,0.6876463214,,,0.08106416275,,,,0.8466991413,,,,0.6680355644,0.7750057877,0.6649167023,0.5274277676,0.7334410057,0.4402261381,,False,False,True,False,True,True,False,,,True,,,,True,,,,True,True,False,True,True,True
SOM,0.3795402363,0.3591621146,0.3509196245,0.2774562615,0.1870139159,0.2020269267,0.5030178108,,0.682505183,0.3288142493,0.2621436721,0.3186698379,0.4083204731,0.361338183,0.2871202105,0.1292085041,0.2637193362,0.4903024497,0.2466309153,0.3314676417,0.2600476676,0.3455190502,0.4040158555,0.3981976787,False,False,False,False,False,False,False,,False,False,True,False,False,False,False,False,False,False,False,False,False,False,False,False
SRB,0.452962592,0.5118026944,0.5572676986,0.4967004243,0.5755983336,0.4625607309,0.6512904263,0.6854089491,0.5611646184,0.5772800272,0.4664294077,0.5813814283,0.4643555611,0.4099570143,0.568858537,0.5245719502,0.3819562737,0.3857217419,0.329162002,0.460204128,0.5454305485,0.3999031089,0.4094488342,0.5663713025,False,False,False,False,False,False,False,False,False,False,False,False,False,False,False,False,False,False,False,False,False,False,False,False
SSD,0.1912730845,0.3478575871,0.1855293003,0.1344928846,0.2588421845,0.1585626267,0.4536454738,,0.07628450811,,0.195854936,0.1147008555,0.1817560911,0.2562950422,0.2379274139,0.09339363948,0.2757256817,0.3308871854,0.2425348013,0.2110204099,0.2054729961,0.3213264287,0.2428956589,0.3853929047,False,False,False,False,False,True,True,,False,,True,False,True,False,False,True,False,False,True,False,False,False,False,False
STP,0.5307785569,0.4950007711,0.350139837,0.5132208956,0.4096055471,0.339971747,0.384982497,0.2393707036,0.4740565575,0.4320125255,0.3133797793,0.6047002954,0.5050855681,0.5291643293,0.5874066994,0.5662861774,0.5793553842,0.6072112773,0.5412825805,0.5248168063,0.5987599857,0.4990449702,0.5771129789,0.4364888691,False,False,False,False,False,True,False,False,False,False,False,False,False,False,False,True,False,False,False,False,False,False,False,False
SUR,0.558616062,0.4845075687,0.4237680745,0.4654455835,0.4696075868,0.3900967026,0.2844994576,0.2828619266,0.4203774203,0.3689517438,0.4735176864,0.4391230037,0.5428205375,0.5785848264,0.5249596176,0.5138174834,0.5493332621,0.5023412331,0.610951862,0.5858987782,0.5860643322,0.5675656178,0.646280139,0.4014748947,False,False,False,False,False,False,False,False,False,False,False,False,False,False,False,False,False,False,False,False,False,False,False,False
SVK,0.5899122202,0.532936315,0.587375208,0.5517157253,0.6664428316,0.5738770864,0.7154434123,0.5389669063,0.6485941113,0.6697305355,0.6773070855,0.689111582,0.5917928222,0.5870185936,0.6391028974,0.6155309284,0.5558946078,0.5294016888,0.6712265513,0.5203451994,0.5984998757,0.563561952,0.5341595086,0.5109832453,False,False,False,False,False,False,False,False,False,False,False,False,False,False,False,False,False,False,False,False,False,False,False,False
SVN,0.6812723268,0.5404642126,0.6420685189,0.6440675942,0.6491196683,0.6047355637,0.6678783046,0.588128252,0.4973603746,0.6736364844,0.6843682824,0.6370719173,0.5188972535,0.5496442338,0.7284199516,0.6012798551,0.6596644839,0.636974003,0.6469044386,0.6427823162,0.654941383,0.5021462058,0.6392031469,0.6538166325,False,False,False,False,False,False,False,False,False,False,False,False,False,False,False,False,False,False,False,False,False,False,False,False
SWE,0.7191891074,0.6094386672,0.6280632248,0.7953259194,0.7166833827,0.7781108733,0.6386175635,0.6757850788,0.6127544479,0.7383266911,0.7855787146,0.6687166557,0.6654505307,0.7554840516,0.7353422167,0.7585321705,0.817971126,0.7758666122,0.7167533359,0.7278302222,0.6784605293,0.6631207802,0.7080903109,0.707824782,False,False,False,False,False,False,False,False,False,False,False,False,False,False,False,False,False,False,False,False,False,False,False,False
SWZ,0.365680606,0.5413264468,0.3711828665,0.3399854282,0.4880146038,0.3794401097,0.4116397145,0.2156482184,0.2588578609,0.4299801473,0.4686451531,0.5383384496,0.4115224477,0.4378867642,0.2952584097,0.1015431063,0.4809234074,0.4032883678,0.3583100827,0.2686054768,0.3405007579,0.2650181001,0.2357632386,0.2642703709,False,False,False,False,False,False,True,False,False,False,False,False,False,False,False,False,False,False,False,False,False,False,False,False
SXM,,0.5457746479,,,0.7378373413,,,0.3297858999,,,0.0205399061,,,,,,,,,,,0.5037558685,,,,True,,,False,,,False,,,True,,,,,,,,,,,True,,
SYC,0.5907197086,0.5349263249,0.3983135163,0.6770683328,0.5984048954,0.5707391182,0.5399064782,0.3992369804,0.3453230579,0.6627938492,0.432919185,0.5945101275,0.5040899413,0.6897056104,0.6025756346,0.5299720631,0.7456395009,0.6051136632,0.6311704341,0.579557156,0.6233486319,0.556904612,0.5916463029,0.6764441492,False,False,False,False,False,False,False,False,False,False,False,False,False,False,False,False,False,False,False,False,False,False,False,False
SYR,0.3561999689,0.2964322664,0.2131583779,0.3371535888,0.3396307791,0.1333514795,0.3441915452,,0.4366097343,0.3451109073,0.1994278671,0.1656201805,0.4495781782,0.2805567913,0.3075688682,0.2719015023,0.3228815167,0.293347966,0.1948836519,0.281522919,0.2137715014,0.2720683059,0.2591029727,0.3531235647,False,False,False,False,False,False,True,,False,False,True,False,False,False,False,False,False,False,False,False,False,False,False,False
TCA,,0.5457746479,,,0.7190699848,,,0.5106162925,,,0.152584923,,,,0.001811594203,,,,,,,0.5037558685,,,,True,,,False,,,False,,,True,,,,True,,,,,,,True,,
TCD,0.2484194615,0.2217979292,0.3687631579,0.1996627462,0.1808947891,0.2655923805,0.4330323463,0.2393707036,0.548628772,0.2555098607,0.3499942796,0.2891751941,0.3129804105,0.1342943307,0.2704134643,0.4502279762,0.2777998001,0.2724104712,0.2215052285,0.3257248197,0.3200872853,0.3858162828,0.3138068703,0.2882715416,False,False,False,False,False,False,False,False,False,False,False,False,False,False,False,False,False,False,False,False,False,False,False,False
TGO,0.4256246872,0.4367888764,0.4346492007,0.4713968272,0.3673323929,0.4446412922,0.5626343491,0.2591394413,0.4530027642,0.3739933555,0.3918115083,0.3932248123,0.4521417867,0.4259289346,0.4320020454,0.4449344044,0.3831713297,0.3095475032,0.3539099405,0.4230224161,0.5122556195,0.4753693236,0.4011092941,0.4016731959,False,False,False,False,False,False,False,False,False,False,False,False,False,False,False,False,False,False,False,False,False,False,False,False
THA,0.3982614564,0.3927440744,0.5468664863,0.4611410393,0.6175383123,0.4826790539,0.4514951957,0.5288220389,0.5168070081,0.571058,0.4298520064,0.5040673665,0.3429760571,0.5048192759,0.3667292089,0.448979014,0.4418412988,0.6790992604,0.4312599092,0.4054638491,0.3851087026,0.4674744058,0.4204660322,0.4304826949,False,False,False,False,False,False,False,False,False,False,False,False,False,False,False,False,False,False,False,False,False,False,False,False
TJK,0.2335837498,0.5586850271,0.4295122854,0.2808501986,0.4947639102,0.4021606918,0.5391005938,0.5564982717,0.0653558215,0.4785568017,0.4747960695,0.4782460919,0.239192878,0.2779635934,0.4217590861,0.35621913,0.3205436974,0.2667034594,0.2674269176,0.2551053838,0.3268274645,0.142771078,0.1895117304,0.3274938042,False,False,False,False,False,False,False,False,False,False,False,False,False,False,False,False,False,False,False,False,False,False,False,False
TLS,0.5094719979,0.5725850325,0.3719604565,0.4366704618,0.4579882592,0.442896302,0.4820968854,0.3367598321,0.3593053481,0.4729027936,0.3989328385,0.5336171606,0.4544081642,0.5527080289,0.5859226445,0.4333717961,0.5596230571,0.5161104917,0.6125041381,0.5666522032,0.5376586014,0.5692240446,0.6009963307,0.497026701,False,False,False,False,False,False,False,False,False,False,False,False,False,False,False,False,False,False,False,False,False,False,False,False
TON,,0.587139639,0.3839978628,0.4889452352,0.601466406,0.4616044582,0.3836001424,0.1936389616,,0.4014497887,0.3635552824,,0.6251367615,,0.7492756308,,0.5591763021,,0.4085214073,0.6864020993,0.5144322812,0.478092532,0.6674655802,0.2476249679,,False,False,True,False,True,False,False,,False,False,,True,,True,,True,,True,True,False,True,True,True
TTO,0.618797557,0.4875962219,0.3959761122,0.5064680571,0.565091068,0.4675129903,0.4517548759,0.5224775351,0.4666636225,0.4516699034,0.3219970643,0.4280286416,0.5916100595,0.5638923454,0.4588150347,0.558855235,0.5764634899,0.6208000054,0.6196220935,0.6222877674,0.5601599815,0.5976658729,0.6543908508,0.5324201086,False,False,False,False,False,False,False,False,False,False,False,False,False,False,False,False,False,False,False,False,False,False,False,False
TUN,0.5407255841,0.4605938287,0.5102638728,0.4382761225,0.5096181009,0.4239520706,0.482719524,0.4456399567,0.3842163249,0.4505812639,0.4240729035,0.5194862407,0.5699193348,0.4276617633,0.4799288765,0.5427400457,0.5006422474,0.4338030502,0.4096835032,0.418963833,0.4587026002,0.466538881,0.363823108,0.4918108719,False,False,False,False,False,False,False,False,False,False,False,False,False,False,False,False,False,False,False,False,False,False,False,False
TUR,0.4126288664,0.3046144985,0.5094511969,0.3668141443,0.5818697274,0.4110418133,0.6207096264,0.5785043817,0.5422001328,0.5844430085,0.4963803524,0.51337145,0.4071453722,0.3055176672,0.3467824925,0.4008024497,0.3907817066,0.2886374471,0.4297830723,0.3890846133,0.3881318686,0.2526417602,0.3162551522,0.3725688027,False,False,False,False,False,False,False,False,False,False,False,False,False,False,False,False,False,False,False,False,False,False,False,False
TUV,,0.5961473516,0.2802626781,0.3758829114,0.5420061453,0.425323214,0.443322907,,,0.4637926964,0.1948748044,,0.6251367615,,0.8466991413,,0.5803123581,,0.6680355644,0.7352048565,0.623696267,0.49297019,0.7135405401,0.26431354,,False,False,True,False,True,True,,,True,True,,True,,True,,True,,True,True,True,True,True,True
TZA,0.5853315897,0.5497228181,0.4643712334,0.4547128389,0.3163324035,0.435425351,0.5125583658,0.3021096672,0.4652171786,0.4072717182,0.4319991046,0.5915997525,0.5281281939,0.5113358154,0.4563329179,0.4337608066,0.4998327505,0.5290697068,0.3601373491,0.4895566357,0.4708237371,0.4298112441,0.4433589377,0.4849890047,False,False,False,False,False,False,False,False,False,False,False,False,False,False,False,False,False,False,False,False,False,False,False,False
UGA,0.3457837623,0.5119386854,0.4657100296,0.428588508,0.3094503435,0.4118862159,0.5264297177,0.3658906249,0.45477064,0.3981013758,0.4956893807,0.4634732497,0.3672406687,0.3591533568,0.3302748034,0.3953614931,0.3082358271,0.534722805,0.3005890804,0.3518974008,0.3638477088,0.4519409069,0.3639612466,0.4917564463,False,False,False,False,False,False,False,False,False,False,False,False,False,False,False,False,False,False,False,False,False,False,False,False
UKR,0.4421395352,0.4217015861,0.5030441883,0.4203195274,0.5395957088,0.3771728215,0.618047209,0.5649126574,0.603915069,0.4877063642,0.592149211,0.1983301167,0.4469167371,0.4143318589,0.4418110489,0.4279190936,0.3971615377,0.5091816282,0.4992927441,0.506071824,0.456298369,0.3828604846,0.4963651156,0.5029820254,False,False,False,False,False,False,False,False,False,False,False,False,False,False,False,False,False,False,False,False,False,False,False,False
URY,0.6904564387,0.6023019946,0.5015185865,0.638534696,0.6323360518,0.6333700616,0.5613876843,0.5919876746,0.5775576483,0.5537499086,0.6815468914,0.6531908898,0.713951751,0.674315923,0.5539893719,0.6263288692,0.7345175724,0.6719678234,0.7057468233,0.7012727949,0.6394671249,0.6220687711,0.6468260822,0.6588542366,False,False,False,False,False,False,False,False,False,False,False,False,False,False,False,False,False,False,False,False,False,False,False,False
USA,0.4875299961,0.4731983738,0.6174172074,0.6621673334,0.6358736999,0.7303285477,0.5316914746,0.7120431877,0.6741479521,0.6988567066,0.5281779301,0.6128860392,0.5937947518,0.6005019448,0.4658499693,0.6255002539,0.7054598039,0.4961591418,0.6468480292,0.6024645265,0.5637307151,0.5285197725,0.6461302673,0.6022249568,False,False,False,False,False,False,False,False,False,False,False,False,False,False,False,False,False,False,False,False,False,False,False,False
UZB,0.3358081167,0.5131031178,0.5808103327,0.4238356868,0.5425955997,0.4019987183,0.6802164882,0.640201351,0.2384469315,0.4463568248,0.4632432513,0.5556984773,0.3495161944,0.3362043555,0.4935886513,0.3156638486,0.3796710507,0.2200612427,0.3734043868,0.3366807572,0.3477628695,0.3311569788,0.286287129,0.3927799899,False,False,False,False,False,False,False,False,False,False,False,False,False,False,False,False,False,False,False,False,False,False,False,False
VCT,,0.5723971878,0.3580240271,0.526207506,0.6196405172,0.5045881202,0.3615048296,0.5429206538,,0.4366190273,0.4357821812,,0.5785183949,0.6059192459,0.4198076686,0.4998679506,0.6596021233,,0.629771413,0.7352048565,0.5660636764,0.485531361,0.7135405401,0.3187367122,,False,False,False,False,False,False,False,,True,False,,False,True,True,True,False,,True,True,False,True,True,False
VEN,0.3062004872,0.4530588245,0.2374428486,0.1808788921,0.4444921102,0.1140740803,0.3947007985,0.2173645936,0.1061776803,0.3126818621,0.4904400995,0.3307302638,0.1989047343,0.2795479257,0.2160906185,0.2467284179,0.2499536758,0.167713214,0.2307826163,0.2924922509,0.4096708525,0.3711665024,0.2595158089,0.2504200962,False,False,False,False,False,False,True,False,False,False,False,False,False,False,False,False,False,False,False,False,False,False,False,False
VGB,,0.5457746479,,,0.452776585,,,0.4518310765,,,0.1450286192,,,,0.2602657005,,,,,,,0.5037558685,,,,True,,,False,,,False,,,True,,,,True,,,,,,,True,,
VIR,,0.5752009694,,0.5602147909,0.6566870455,0.6880724419,,,,,0.1510292138,,,,0.01630434783,,,,,,,0.5037558685,,,,False,,True,False,True,,,,,True,,,,True,,,,,,,True,,
VNM,0.3787235575,0.5053262802,0.4360081461,0.4162443714,0.6271112645,0.429771183,0.4389053929,0.3406051483,0.3298943239,0.5730570361,0.43825131,0.5724250333,0.439538012,0.3437106601,0.4947108677,0.4265672965,0.4685676754,0.4149725428,0.421451687,0.4137183884,0.4320831354,0.2427351722,0.3052387978,0.4557646581,False,False,False,False,False,False,False,False,False,False,False,False,False,False,False,False,False,False,False,False,False,False,False,False
VUT,0.607294076,0.6053761247,0.3327804623,0.4746607292,0.4765628662,0.4388520897,0.5316400013,0.4014743527,0.4909317354,0.4543516234,0.4080280241,0.5313497881,0.545330757,0.6855064376,0.7051660812,0.4982378887,0.5734314046,0.5731704178,0.6067134169,0.5374033305,0.5557897544,0.6127320578,0.6547481211,0.4708984104,False,False,False,False,False,True,False,False,False,False,False,False,False,False,False,True,False,False,False,False,False,False,False,False
WSM,0.5739665284,0.5864522794,0.3861203962,0.5705399684,0.5354030771,0.4778037717,0.2795104242,0.419159102,,0.3801602689,0.4435444436,0.6381250095,0.6251367615,,0.5105477725,,0.6842901153,,0.4947654183,0.6926390788,0.5762999118,0.478092532,0.6922576512,0.2424594575,True,False,False,True,False,True,True,False,,False,False,True,True,,True,,True,,True,True,False,True,True,True
XKX,0.5366999283,0.5480719615,0.3912504883,0.4792046203,0.565959594,0.4377916782,0.7047641246,,0.5415572689,,0.2510491713,0.4167995327,0.5066272495,0.5067757143,0.6334600437,0.4002296255,0.5237334751,0.5315539623,0.5240663789,0.5048525642,0.5021696277,0.5246866003,0.5032992294,0.5211981678,False,False,False,False,False,False,False,,False,,True,False,False,False,False,False,False,False,False,False,False,False,False,False
YEM,0.2343832169,0.2767367027,0.2532152674,0.1356098576,0.2587157394,0.1459257951,0.3879323344,,0.289554613,0.3090775417,0.2334260868,0.09518518065,0.171278764,0.282088425,0.2079920293,0.3372429117,0.255170614,0.2670010658,0.3739614923,0.281296636,0.1455415014,0.3216919947,0.2925346933,0.3682042462,False,False,False,False,False,False,False,,False,False,True,False,True,False,False,False,False,False,False,False,False,False,False,False
ZAF,0.5044339179,0.4715802819,0.5070496346,0.5081248148,0.4776729725,0.4856545009,0.5922606088,0.4784653151,0.6053615128,0.5997655806,0.6182812189,0.5231509654,0.5198251033,0.5889098926,0.3959548852,0.5522344963,0.4850554682,0.6296623642,0.6066928328,0.5990617832,0.5578587182,0.5805114691,0.6008846694,0.6429830206,False,False,False,False,False,False,False,False,False,False,False,False,False,False,False,False,False,False,False,False,False,False,False,False
ZMB,0.4749124278,0.4730986372,0.3896581949,0.4253885554,0.3574388174,0.3948560624,0.4640991725,0.499950428,0.6064865247,0.4022596772,0.5005505111,0.5512149158,0.4780220233,0.4287160103,0.4479505619,0.417017084,0.4640587739,0.5754659196,0.4338473902,0.5733742644,0.521851298,0.5360492543,0.5937568345,0.482305753,False,False,False,False,False,False,False,False,False,False,False,False,False,False,False,False,False,False,False,False,False,False,False,False
ZWE,0.2921209945,0.4380833092,0.4309434385,0.3307280298,0.3499469563,0.3055775808,0.3951641098,0.4365370835,0.2382862155,0.2675676029,0.4948867121,0.4718169065,0.2556522268,0.4102770442,0.3635030575,0.2835904663,0.3215489722,0.4573942431,0.2992220042,0.3974367188,0.4370926774,0.4156164339,0.3533604877,0.4124381493,False,False,False,False,False,False,False,False,False,False,False,False,False,False,False,False,False,False,False,False,False,False,False,False
