iso3,country_name,pop_year,population,is_territory
ABW,Aruba,2025,108785.0,True
AFG,Afghanistan,2025,43844111.0,False
AGO,Angola,2025,39040039.0,False
ALB,Albania,2025,2349580.0,False
AND,Andorra,2025,82904.0,False
ARE,United Arab Emirates,2025,11513149.0,False
ARG,Argentina,2025,45851378.0,False
ARM,Armenia,2025,3086700.0,False
ASM,American Samoa,2025,46029.0,True
ATG,Antigua and Barbuda,2025,94209.0,False
AUS,Australia,2025,27614411.0,False
AUT,Austria,2025,9208163.0,False
AZE,Azerbaijan,2025,10246996.0,False
BDI,Burundi,2025,14390003.0,False
BEL,Belgium,2025,11941781.0,False
BEN,Benin,2025,14814460.0,False
BFA,Burkina Faso,2025,24074580.0,False
BGD,Bangladesh,2025,175686899.0,False
BGR,Bulgaria,2025,6433302.0,False
BHR,Bahrain,2025,1600366.0,False
BHS,"Bahamas, The",2025,403033.0,False
BIH,Bosnia and Herzegovina,2025,3140095.0,False
BLR,Belarus,2025,9085991.0,False
BLZ,Belize,2025,422924.0,False
BMU,Bermuda,2025,64555.0,True
BOL,Bolivia,2025,12581843.0,False
BRA,Brazil,2025,212812405.0,False
BRB,Barbados,2025,282623.0,False
BRN,Brunei Darussalam,2025,466330.0,False
BTN,Bhutan,2025,796682.0,False
BWA,Botswana,2025,2562122.0,False
CAF,Central African Republic,2025,5513282.0,False
CAN,Canada,2025,41651653.0,False
CHE,Switzerland,2025,9092436.0,False
CHL,Chile,2025,19859921.0,False
CHN,China,2025,1406585000.0,False
CIV,Cote d'Ivoire,2025,32711547.0,False
CMR,Cameroon,2025,29879337.0,False
COD,"Congo, Dem. Rep.",2025,112832473.0,False
COG,"Congo, Rep.",2025,6484437.0,False
COL,Colombia,2025,53425635.0,False
COM,Comoros,2025,882847.0,False
CPV,Cabo Verde,2025,527326.0,False
CRI,Costa Rica,2025,5152950.0,False
CUB,Cuba,2025,10937203.0,False
CUW,Curacao,2025,156263.0,True
CYM,Cayman Islands,2025,75844.0,True
CYP,Cyprus,2025,1370754.0,False
CZE,Czechia,2025,10886878.0,False
DEU,Germany,2025,83491249.0,False
DJI,Djibouti,2025,1184076.0,False
DMA,Dominica,2025,65871.0,False
DNK,Denmark,2025,6009169.0,False
DOM,Dominican Republic,2025,11520487.0,False
DZA,Algeria,2025,47435312.0,False
ECU,Ecuador,2025,18289896.0,False
EGY,"Egypt, Arab Rep.",2025,118365995.0,False
ESP,Spain,2025,49355143.0,False
EST,Estonia,2025,1366475.0,False
ETH,Ethiopia,2025,135472051.0,False
FIN,Finland,2025,5646436.0,False
FJI,Fiji,2025,933154.0,False
FRA,France,2025,68720337.0,False
FRO,Faroe Islands,2025,54900.0,True
FSM,"Micronesia, Fed. Sts.",2025,113683.0,False
GAB,Gabon,2025,2593130.0,False
GBR,United Kingdom,2025,69487000.0,False
GEO,Georgia,2025,3935766.0,False
GHA,Ghana,2025,35064272.0,False
GIB,Gibraltar,2025,40126.0,True
GIN,Guinea,2025,15099727.0,False
GMB,"Gambia, The",2025,2822093.0,False
GNB,Guinea-Bissau,2025,2249515.0,False
GNQ,Equatorial Guinea,2025,1938431.0,False
GRC,Greece,2025,10413962.0,False
GRD,Grenada,2025,117303.0,False
GRL,Greenland,2025,56831.0,True
GTM,Guatemala,2025,18687881.0,False
GUM,Guam,2025,168999.0,True
GUY,Guyana,2025,835986.0,False
HKG,"Hong Kong SAR, China",2025,7498900.0,True
HND,Honduras,2025,11005850.0,False
HRV,Croatia,2025,3876200.0,False
HTI,Haiti,2025,11906095.0,False
HUN,Hungary,2025,9514251.0,False
IDN,Indonesia,2025,285721236.0,False
IMN,Isle of Man,2025,84118.0,True
IND,India,2025,1463865525.0,False
IRL,Ireland,2025,5484367.0,False
IRN,"Iran, Islamic Rep.",2025,92417681.0,False
IRQ,Iraq,2025,47020774.0,False
ISL,Iceland,2025,392404.0,False
ISR,Israel,2025,10122800.0,False
ITA,Italy,2025,58915656.0,False
JAM,Jamaica,2025,2837077.0,False
JOR,Jordan,2025,11520684.0,False
JPN,Japan,2025,123366734.0,False
KAZ,Kazakhstan,2025,20843754.0,False
KEN,Kenya,2025,57532493.0,False
KGZ,Kyrgyz Republic,2025,7343064.0,False
KHM,Cambodia,2025,17847982.0,False
KIR,Kiribati,2025,136488.0,False
KNA,St. Kitts and Nevis,2025,46922.0,False
KOR,"Korea, Rep.",2025,51684564.0,False
KWT,Kuwait,2025,4865298.0,False
LAO,Lao PDR,2025,7873046.0,False
LBN,Lebanon,2025,5849421.0,False
LBR,Liberia,2025,5731206.0,False
LBY,Libya,2025,7458555.0,False
LCA,St. Lucia,2025,180149.0,False
LIE,Liechtenstein,2025,41024.0,False
LKA,Sri Lanka,2025,21756000.0,False
LSO,Lesotho,2025,2363325.0,False
LTU,Lithuania,2025,2888774.0,False
LUX,Luxembourg,2025,686970.0,False
LVA,Latvia,2025,1847785.0,False
MAC,"Macao SAR, China",2025,685900.0,True
MAF,St. Martin (French part),2025,24941.0,True
MAR,Morocco,2025,38430770.0,False
MCO,Monaco,2025,38341.0,False
MDA,Moldova,2025,2360527.0,False
MDG,Madagascar,2025,32740678.0,False
MDV,Maldives,2025,529676.0,False
MEX,Mexico,2025,131946900.0,False
MHL,Marshall Islands,2025,36282.0,False
MKD,North Macedonia,2025,1820909.0,False
MLI,Mali,2025,25198821.0,False
MLT,Malta,2025,579704.0,False
MMR,Myanmar,2025,54850648.0,False
MNE,Montenegro,2025,623129.0,False
MNG,Mongolia,2025,3568978.0,False
MNP,Northern Mariana Islands,2025,43541.0,True
MOZ,Mozambique,2025,35631653.0,False
MRT,Mauritania,2025,5315065.0,False
MUS,Mauritius,2025,1243741.0,False
MWI,Malawi,2025,22216120.0,False
MYS,Malaysia,2025,35977838.0,False
NAM,Namibia,2025,3092816.0,False
NCL,New Caledonia,2025,295333.0,True
NER,Niger,2025,27917831.0,False
NGA,Nigeria,2025,237527782.0,False
NIC,Nicaragua,2025,7007502.0,False
NLD,Netherlands,2025,18087633.0,False
NOR,Norway,2025,5610870.0,False
NPL,Nepal,2025,29618118.0,False
NRU,Nauru,2025,12025.0,False
NZL,New Zealand,2025,5324700.0,False
OMN,Oman,2025,5494691.0,False
PAK,Pakistan,2025,255219554.0,False
PAN,Panama,2025,4571189.0,False
PER,Peru,2025,34576665.0,False
PHL,Philippines,2025,116786962.0,False
PLW,Palau,2025,17663.0,False
PNG,Papua New Guinea,2025,10762817.0,False
POL,Poland,2025,36435861.0,False
PRI,Puerto Rico (US),2025,3184835.0,True
PRT,Portugal,2025,10804871.0,False
PRY,Paraguay,2025,7013078.0,False
PSE,West Bank and Gaza,2025,5413596.0,False
PYF,French Polynesia,2025,282465.0,True
QAT,Qatar,2025,2972215.0,False
ROU,Romania,2025,19020271.0,False
RUS,Russian Federation,2025,143513328.0,False
RWA,Rwanda,2025,14569341.0,False
SAU,Saudi Arabia,2025,36973555.0,False
SDN,Sudan,2025,51662147.0,False
SEN,Senegal,2025,18931966.0,False
SGP,Singapore,2025,6111175.0,False
SLB,Solomon Islands,2025,838645.0,False
SLE,Sierra Leone,2025,8819794.0,False
SLV,El Salvador,2025,6365503.0,False
SMR,San Marino,2025,34109.0,False
SOM,"Somalia, Fed. Rep.",2025,19654739.0,False
SRB,Serbia,2025,6549143.0,False
SSD,South Sudan,2025,12188788.0,False
STP,Sao Tome and Principe,2025,240254.0,False
SUR,Suriname,2025,639850.0,False
SVK,Slovak Republic,2025,5413813.0,False
SVN,Slovenia,2025,2130986.0,False
SWE,Sweden,2025,10596620.0,False
SWZ,Eswatini,2025,1256174.0,False
SXM,Sint Maarten (Dutch part),2025,43923.0,True
SYC,Seychelles,2025,122730.0,False
SYR,Syrian Arab Republic,2025,25620427.0,False
TCA,Turks and Caicos Islands,2025,46855.0,True
TCD,Chad,2025,21003705.0,False
TGO,Togo,2025,8591626.0,False
THA,Thailand,2025,71619863.0,False
TJK,Tajikistan,2025,10786734.0,False
TLS,Timor-Leste,2025,1418517.0,False
TON,Tonga,2025,103742.0,False
TTO,Trinidad and Tobago,2025,1367764.0,False
TUN,Tunisia,2025,12348573.0,False
TUR,Turkiye,2025,85878556.0,False
TUV,Tuvalu,2025,9492.0,False
TZA,Tanzania,2025,70545865.0,False
UGA,Uganda,2025,51384894.0,False
UKR,Ukraine,2025,38980376.0,False
URY,Uruguay,2025,3384688.0,False
USA,United States,2025,341784857.0,False
UZB,Uzbekistan,2025,37053428.0,False
VCT,St. Vincent and the Grenadines,2025,99924.0,False
VEN,"Venezuela, RB",2025,28516896.0,False
VGB,British Virgin Islands,2025,39732.0,True
VIR,Virgin Islands (U.S.),2025,103792.0,True
VNM,Viet Nam,2025,101598527.0,False
VUT,Vanuatu,2025,335169.0,False
WSM,Samoa,2025,219306.0,False
XKX,Kosovo,2025,1576876.0,False
YEM,"Yemen, Rep.",2025,41773878.0,False
ZAF,South Africa,2025,64747319.0,False
ZMB,Zambia,2025,21913874.0,False
ZWE,Zimbabwe,2025,16950795.0,False
