country_code_epi,country_code,country_name,epi_epi,epi_cch,epi_eco,epi_hlt,epi_bdh,epi_agr,epi_fsh,epi_wrs,year,epi_mkp,epi_mpe,epi_mhp
4,AFG,Afghanistan,43.6,65.6,36.9,16.0,30.7,44.2,,0.0,2022,,,
4,AFG,Afghanistan,31.0,40.2,31.9,18.2,31.7,41.1,,11.2,2024,,,
8,ALB,Albania,47.1,52.5,45.5,40.0,63.9,28.9,17.3,1.9,2022,,,
8,ALB,Albania,52.2,59.4,51.9,44.1,50.3,50.4,15.8,39.6,2024,25.5,96.7,24.4
12,DZA,Algeria,29.6,20.9,31.6,42.0,22.7,63.3,18.5,33.1,2022,,,
12,DZA,Algeria,41.7,36.2,41.8,48.2,33.0,46.7,51.6,55.7,2024,0.0,100.0,0.0
24,AGO,Angola,30.5,37.7,28.6,20.5,30.1,24.9,24.3,0.0,2022,,,
24,AGO,Angola,40.1,49.4,44.1,21.8,41.5,41.0,37.6,15.8,2024,0.0,,0.0
28,ATG,Antigua and Barbuda,52.4,60.2,43.6,55.8,54.2,5.1,19.7,15.7,2022,,,
28,ATG,Antigua and Barbuda,55.6,46.4,53.2,69.6,52.5,31.4,97.3,48.3,2024,74.7,88.5,33.1
32,ARG,Argentina,41.1,35.5,38.9,56.3,42.4,74.1,5.8,5.9,2022,,,
32,ARG,Argentina,47.0,41.4,46.7,54.3,34.7,81.4,38.5,46.8,2024,17.1,89.1,33.0
51,ARM,Armenia,48.3,41.4,58.1,40.7,73.3,45.5,,4.5,2022,,,
51,ARM,Armenia,44.9,42.8,48.1,41.8,47.6,35.5,,34.0,2024,,,
36,AUS,Australia,60.1,43.8,62.3,86.4,82.1,67.9,14.6,92.9,2022,,,
36,AUS,Australia,63.1,46.6,62.5,84.0,55.2,65.3,48.1,87.2,2024,57.2,57.2,42.5
40,AUT,Austria,66.5,50.3,73.9,81.7,86.0,70.6,,94.0,2022,,,
40,AUT,Austria,68.9,54.1,77.6,71.0,74.3,72.5,,87.3,2024,,,
31,AZE,Azerbaijan,38.6,36.4,44.4,30.7,46.2,51.4,,3.9,2022,,,
31,AZE,Azerbaijan,40.5,34.7,44.7,40.4,36.7,63.0,,29.7,2024,0.8,50.0,20.0
44,BHS,Bahamas,56.2,61.8,52.1,54.0,80.4,14.0,16.3,17.4,2022,,,
44,BHS,Bahamas,55.9,47.6,53.3,69.9,46.4,50.2,91.7,60.9,2024,25.1,77.8,17.4
48,BHR,Bahrain,42.0,39.9,42.3,45.3,15.3,33.2,12.9,88.0,2022,,,
48,BHR,Bahrain,35.3,27.9,36.9,41.6,25.8,42.5,68.9,78.5,2024,67.3,30.8,59.4
50,BGD,Bangladesh,23.1,18.8,29.4,18.1,37.4,41.4,35.1,0.0,2022,,,
50,BGD,Bangladesh,28.1,33.0,31.9,15.2,29.1,72.2,63.2,14.7,2024,32.6,91.2,61.1
52,BRB,Barbados,53.2,79.9,24.9,61.8,13.6,11.9,19.3,0.0,2022,,,
52,BRB,Barbados,53.1,56.7,34.4,77.6,12.2,47.9,80.4,49.0,2024,0.0,100.0,0.0
112,BLR,Belarus,48.5,39.6,55.4,51.1,66.9,36.4,,55.8,2022,,,
112,BLR,Belarus,58.2,44.5,68.2,56.7,70.4,45.2,,61.7,2024,,,
56,BEL,Belgium,58.2,48.1,57.9,77.9,82.4,33.1,16.4,68.2,2022,,,
56,BEL,Belgium,66.8,59.7,68.5,72.2,66.2,68.5,8.0,81.7,2024,45.5,47.1,80.0
84,BLZ,Belize,50.0,47.1,57.8,39.0,91.9,21.5,20.7,0.4,2022,,,
84,BLZ,Belize,47.4,35.8,57.4,43.4,57.8,60.9,86.7,38.1,2024,25.9,97.4,36.7
204,BEN,Benin,29.6,26.2,36.2,22.2,63.6,35.3,11.3,9.6,2022,,,
204,BEN,Benin,37.8,22.9,56.1,26.0,63.9,54.0,88.3,12.4,2024,,,0.0
64,BTN,Bhutan,42.5,36.8,54.9,27.2,79.6,37.3,,0.0,2022,,,
64,BTN,Bhutan,43.3,35.3,59.9,22.5,65.7,44.7,,24.9,2024,,,
68,BOL,Bolivia,40.1,28.3,52.9,35.8,82.6,66.1,,3.5,2022,,,
68,BOL,Bolivia,45.3,41.4,56.6,29.7,63.5,59.6,,25.2,2024,,,
70,BIH,Bosnia and Herzegovina,39.4,45.1,34.8,38.0,34.1,21.3,,1.1,2022,,,
70,BIH,Bosnia and Herzegovina,46.0,45.9,52.1,36.1,45.8,52.3,89.9,23.9,2024,,,31.0
72,BWA,Botswana,54.0,63.1,61.4,21.3,89.3,10.7,,0.9,2022,,,
72,BWA,Botswana,49.2,25.1,74.9,31.9,85.6,35.3,,42.2,2024,,,
76,BRA,Brazil,43.6,29.6,55.2,46.0,78.2,56.5,22.3,52.4,2022,,,
76,BRA,Brazil,53.0,45.5,63.9,42.4,62.3,81.0,47.9,53.6,2024,66.4,73.4,39.9
96,BRN,Brunei Darussalam,45.7,41.7,38.6,68.1,58.5,14.8,8.4,5.8,2022,,,
96,BRN,Brunei Darussalam,48.3,29.2,48.3,71.0,47.3,24.1,41.4,66.0,2024,0.0,57.9,1.1
100,BGR,Bulgaria,51.9,49.8,58.0,43.2,75.1,55.8,23.8,13.9,2022,,,
100,BGR,Bulgaria,56.2,45.7,70.8,42.6,69.2,74.2,20.9,66.1,2024,86.7,33.0,0.0
854,BFA,Burkina Faso,35.5,27.6,49.6,20.9,78.5,40.6,,0.0,2022,,,
854,BFA,Burkina Faso,42.2,24.9,58.6,33.3,73.3,64.0,,14.8,2024,,,
108,BDI,Burundi,30.5,29.4,35.5,22.0,42.3,18.5,,0.0,2022,,,
108,BDI,Burundi,33.5,26.6,49.3,13.1,51.6,45.4,,13.8,2024,,,
132,CPV,Cabo Verde,41.9,51.4,37.9,32.6,12.1,16.7,100.0,24.7,2022,,,
132,CPV,Cabo Verde,38.0,43.4,22.7,54.8,19.2,28.0,70.2,30.3,2024,0.1,100.0,0.0
116,KHM,Cambodia,30.1,23.3,37.5,27.6,65.8,45.9,11.3,0.0,2022,,,
116,KHM,Cambodia,31.2,16.7,44.7,24.3,56.9,64.6,31.8,13.4,2024,63.1,50.0,17.6
120,CMR,Cameroon,30.2,35.4,33.0,14.3,42.0,44.2,10.4,0.0,2022,,,
120,CMR,Cameroon,38.6,39.4,49.3,19.7,45.2,50.4,81.6,12.7,2024,,100.0,75.6
124,CAN,Canada,50.0,28.2,52.5,85.9,62.9,42.1,12.8,67.4,2022,,,
124,CAN,Canada,61.1,48.2,60.4,77.7,52.9,72.3,33.1,77.7,2024,21.7,60.8,26.9
140,CAF,Central African Republic,44.9,49.5,55.9,13.1,80.2,15.9,,0.0,2022,,,
140,CAF,Central African Republic,39.0,31.0,57.9,14.6,71.5,38.3,,12.5,2024,,,
148,TCD,Chad,28.1,18.5,42.3,16.7,62.4,28.4,,0.0,2022,,,
148,TCD,Chad,35.9,21.0,51.1,26.5,60.3,42.7,,12.5,2024,,,
152,CHL,Chile,46.7,35.8,51.2,58.0,61.3,47.4,23.3,71.9,2022,,,
152,CHL,Chile,49.6,41.5,57.4,45.1,42.5,66.3,81.9,85.5,2024,28.4,87.7,37.8
156,CHN,China,28.4,30.4,24.5,32.8,9.4,42.4,17.7,9.4,2022,,,
156,CHN,China,35.4,39.8,35.6,29.7,9.5,69.0,39.6,48.2,2024,24.0,54.8,2.5
170,COL,Colombia,42.4,30.2,49.6,50.3,77.4,31.2,6.6,25.9,2022,,,
170,COL,Colombia,49.7,42.2,57.0,45.7,55.5,59.3,46.2,28.6,2024,97.2,75.6,51.0
174,COM,Comoros,42.5,41.2,49.1,31.1,53.9,37.3,78.4,10.1,2022,,,
174,COM,Comoros,38.2,25.2,45.1,41.4,49.0,50.6,73.4,11.5,2024,70.1,100.0,23.3
188,CRI,Costa Rica,46.3,41.5,46.4,55.4,68.5,21.8,17.5,7.2,2022,,,
188,CRI,Costa Rica,55.5,46.3,62.6,53.7,63.3,57.0,35.7,37.3,2024,86.1,100.0,37.5
384,CIV,Cote d'Ivoire,32.8,25.1,46.0,19.8,58.2,19.7,29.3,1.2,2022,,,
384,CIV,Cote d'Ivoire,42.9,40.9,49.9,33.7,56.2,42.2,46.4,13.6,2024,,100.0,2.4
191,HRV,Croatia,60.2,56.6,65.6,55.7,81.5,68.9,26.0,69.0,2022,,,
191,HRV,Croatia,62.3,56.0,72.3,51.8,69.6,67.9,62.1,74.1,2024,66.7,55.3,33.4
192,CUB,Cuba,47.5,61.1,35.1,47.9,46.1,22.7,13.9,1.7,2022,,,
192,CUB,Cuba,52.5,56.4,50.1,52.1,42.8,47.0,81.4,19.7,2024,80.8,26.4,33.9
196,CYP,Cyprus,58.0,53.8,54.2,73.8,78.3,13.9,6.2,50.0,2022,,,
196,CYP,Cyprus,53.9,42.6,56.5,62.8,51.2,35.7,43.6,70.2,2024,7.8,36.4,16.0
203,CZE,Czech Republic,59.9,52.8,64.5,63.5,83.3,37.4,,61.5,2022,,,
203,CZE,Czech Republic,65.5,52.2,78.0,58.9,78.9,74.0,,79.1,2024,,,
180,COD,Dem. Rep. Congo,36.9,35.1,46.1,21.1,68.6,26.4,,0.1,2022,,,
180,COD,Dem. Rep. Congo,39.5,40.1,54.5,14.0,52.0,39.0,73.0,12.5,2024,,,59.6
208,DNK,Denmark,77.9,92.4,61.3,85.5,76.9,75.7,10.9,100.0,2022,,,
208,DNK,Denmark,67.7,67.1,62.7,77.5,53.1,77.8,44.7,83.3,2024,29.0,21.4,17.3
262,DJI,Djibouti,47.5,73.7,36.2,21.6,10.8,49.0,6.5,0.0,2022,,,
262,DJI,Djibouti,32.3,47.9,24.4,29.2,17.5,65.0,96.4,16.3,2024,0.0,,0.0
212,DMA,Dominica,51.2,68.8,37.6,46.2,54.5,17.8,12.4,0.9,2022,,,
212,DMA,Dominica,49.3,53.6,40.5,57.7,27.7,45.7,49.6,44.5,2024,0.0,78.3,3.2
214,DOM,Dominican Republic,42.2,36.5,51.8,33.0,80.7,23.3,51.4,5.8,2022,,,
214,DOM,Dominican Republic,47.7,37.3,57.1,43.4,57.0,78.7,95.7,24.8,2024,82.6,50.0,43.5
218,ECU,Ecuador,46.5,43.2,49.2,46.9,75.2,23.1,19.2,0.0,2022,,,
218,ECU,Ecuador,51.3,48.5,56.9,44.7,49.8,50.1,69.9,38.5,2024,84.2,47.8,66.3
818,EGY,Egypt,35.5,28.5,43.7,31.5,42.5,38.6,10.6,42.0,2022,,,
818,EGY,Egypt,43.7,40.4,51.5,33.5,47.5,48.9,32.4,55.9,2024,30.2,100.0,27.5
222,SLV,El Salvador,40.8,50.2,33.0,39.3,31.4,20.6,12.0,0.1,2022,,,
222,SLV,El Salvador,41.6,46.4,44.8,30.1,35.5,62.3,21.6,21.5,2024,13.4,84.2,38.9
226,GNQ,Equatorial Guinea,44.8,53.6,44.1,29.5,62.5,25.4,21.9,1.2,2022,,,
226,GNQ,Equatorial Guinea,41.7,45.5,43.8,33.4,45.3,43.7,44.7,35.2,2024,3.5,10.5,25.3
232,ERI,Eritrea,31.7,40.4,30.6,17.5,8.8,14.9,22.7,0.0,2022,,,
232,ERI,Eritrea,29.0,38.1,25.6,24.8,16.6,31.9,66.0,9.5,2024,0.0,,0.0
233,EST,Estonia,61.4,52.0,65.0,71.8,86.0,61.8,40.8,70.4,2022,,,
233,EST,Estonia,75.7,82.8,76.6,65.8,78.8,71.0,70.4,69.6,2024,94.9,69.3,82.6
748,SWZ,Eswatini,44.9,67.9,37.0,17.9,28.7,43.2,,70.0,2022,,,
748,SWZ,Eswatini,38.7,52.9,39.1,22.1,29.8,51.7,,15.9,2024,,,
231,ETH,Ethiopia,31.8,19.9,45.6,25.3,59.2,56.9,,0.1,2022,,,
231,ETH,Ethiopia,36.3,28.9,47.0,25.2,45.8,58.8,,13.2,2024,,,
242,FJI,Fiji,31.3,40.0,21.0,36.3,16.4,11.1,32.3,3.9,2022,,,
242,FJI,Fiji,46.0,51.1,37.2,55.9,17.0,63.0,75.8,42.4,2024,4.3,99.5,16.9
246,FIN,Finland,76.5,83.6,62.0,93.4,71.1,62.7,42.4,100.0,2022,,,
246,FIN,Finland,73.8,71.8,68.1,86.6,59.1,66.6,90.4,82.5,2024,64.9,64.2,44.7
250,FRA,France,62.5,49.5,64.0,83.9,86.5,49.5,19.5,88.0,2022,,,
250,FRA,France,67.0,61.3,67.8,72.3,61.5,72.8,43.2,82.5,2024,48.0,44.1,58.0
266,GAB,Gabon,49.7,56.3,53.3,29.4,85.1,26.2,7.0,0.0,2022,,,
266,GAB,Gabon,53.3,52.8,65.4,32.3,64.0,28.2,47.5,42.9,2024,2.2,45.0,50.0
270,GMB,Gambia,36.4,46.5,34.6,21.3,42.2,36.4,12.5,7.9,2022,,,
270,GMB,Gambia,37.6,37.2,36.4,40.2,38.3,33.7,91.1,11.8,2024,0.7,,56.4
268,GEO,Georgia,39.1,43.6,35.7,37.5,40.4,22.0,13.2,46.6,2022,,,
268,GEO,Georgia,47.3,46.0,50.6,42.9,44.4,26.0,61.2,38.5,2024,46.4,67.3,14.3
276,DEU,Germany,62.4,47.2,66.8,82.0,88.5,60.9,26.9,97.0,2022,,,
276,DEU,Germany,74.5,64.9,80.1,76.1,82.4,78.8,36.4,89.1,2024,85.3,43.2,95.1
288,GHA,Ghana,27.7,23.8,34.7,20.5,52.9,22.1,12.8,3.0,2022,,,
288,GHA,Ghana,36.9,24.7,47.8,32.1,45.0,70.7,58.6,15.9,2024,0.0,56.7,0.1
300,GRC,Greece,56.2,50.8,53.9,71.5,69.1,38.9,15.6,81.7,2022,,,
300,GRC,Greece,67.3,71.3,67.0,63.1,62.4,61.4,47.8,83.1,2024,72.2,47.2,39.7
308,GRD,Grenada,47.9,65.7,33.1,45.0,29.0,28.9,14.6,15.1,2022,,,
308,GRD,Grenada,45.8,36.7,39.9,66.0,21.0,51.0,84.0,46.0,2024,0.0,100.0,3.4
320,GTM,Guatemala,28.0,26.7,29.0,28.1,41.3,23.7,25.5,6.8,2022,,,
320,GTM,Guatemala,32.5,30.6,38.4,24.2,36.0,56.8,39.0,28.4,2024,53.8,20.6,19.2
324,GIN,Guinea,31.6,30.0,38.7,19.5,60.6,31.2,22.0,0.0,2022,,,
324,GIN,Guinea,36.5,22.2,48.2,32.6,61.0,45.9,38.2,12.0,2024,81.4,100.0,7.7
624,GNB,Guinea-Bissau,40.2,40.5,51.2,16.6,76.2,34.1,33.0,0.0,2022,,,
624,GNB,Guinea-Bissau,42.0,41.8,45.6,35.6,53.8,42.2,67.0,12.5,2024,47.7,100.0,21.4
328,GUY,Guyana,38.5,40.0,40.2,32.3,46.1,52.6,14.6,0.0,2022,,,
328,GUY,Guyana,49.0,30.6,57.2,56.0,56.5,74.0,31.1,27.9,2024,,,0.0
332,HTI,Haiti,26.1,27.9,26.9,21.1,35.4,15.7,33.5,7.1,2022,,,
332,HTI,Haiti,36.4,47.7,37.2,22.4,30.0,50.6,86.8,12.8,2024,52.6,50.0,26.8
340,HND,Honduras,36.5,35.0,40.9,30.0,60.7,24.2,26.8,3.1,2022,,,
340,HND,Honduras,40.2,41.2,49.1,23.0,50.4,38.6,45.3,28.7,2024,76.9,11.1,25.6
348,HUN,Hungary,55.1,48.1,65.0,47.6,78.0,53.0,,55.3,2022,,,
348,HUN,Hungary,59.8,49.2,73.2,48.3,66.9,69.2,,86.2,2024,,,
352,ISL,Iceland,62.8,56.4,53.4,94.7,57.0,18.5,19.2,15.3,2022,,,
352,ISL,Iceland,64.3,48.2,60.4,90.2,54.8,36.5,47.5,75.0,2024,46.1,40.9,29.2
356,IND,India,18.9,21.7,19.3,12.5,5.8,40.0,24.5,2.2,2022,,,
356,IND,India,27.6,35.0,30.4,13.5,11.2,65.1,37.0,30.8,2024,1.9,100.0,0.2
360,IDN,Indonesia,28.2,23.2,34.1,25.3,51.2,36.7,16.3,0.0,2022,,,
360,IDN,Indonesia,33.6,32.1,38.9,25.8,30.7,72.2,39.9,36.7,2024,28.6,96.1,13.0
364,IRN,Iran,34.5,24.0,40.6,41.9,27.3,47.7,23.4,3.7,2022,,,
364,IRN,Iran,41.8,35.1,46.3,41.8,42.8,37.8,63.3,29.2,2024,66.4,100.0,22.2
368,IRQ,Iraq,27.8,8.8,41.6,35.0,28.3,51.4,,13.1,2022,,,
368,IRQ,Iraq,30.3,24.6,32.7,32.9,20.0,49.6,72.7,43.9,2024,0.0,,0.4
372,IRL,Ireland,57.4,48.2,50.9,88.3,59.6,48.7,18.2,87.0,2022,,,
372,IRL,Ireland,65.8,51.1,66.9,81.6,62.5,72.9,40.6,72.5,2024,33.1,60.7,46.9
376,ISR,Israel,48.2,39.8,42.5,76.0,39.7,28.8,27.6,81.7,2022,,,
376,ISR,Israel,48.0,43.3,42.0,64.4,29.6,45.3,27.5,88.7,2024,0.0,100.0,50.0
380,ITA,Italy,57.7,48.2,57.2,76.9,76.5,38.8,16.8,58.8,2022,,,
380,ITA,Italy,60.3,53.2,62.8,64.2,58.5,56.4,34.0,72.7,2024,66.8,45.3,41.8
388,JAM,Jamaica,45.6,54.1,39.8,41.8,53.2,25.3,16.9,3.0,2022,,,
388,JAM,Jamaica,48.5,54.3,49.5,39.7,38.2,55.1,83.2,40.5,2024,76.0,50.0,20.3
392,JPN,Japan,57.2,41.2,59.6,82.5,80.8,33.4,15.6,74.8,2022,,,
392,JPN,Japan,61.4,59.7,59.2,67.3,47.4,63.3,48.5,76.5,2024,42.9,37.0,58.7
400,JOR,Jordan,43.6,42.8,40.3,52.2,24.1,48.9,,18.6,2022,,,
400,JOR,Jordan,47.3,44.6,49.3,47.2,32.8,38.1,95.7,72.4,2024,,,0.0
398,KAZ,Kazakhstan,40.9,34.9,48.1,37.5,48.6,60.5,,27.5,2022,,,
398,KAZ,Kazakhstan,47.8,42.3,49.7,51.0,50.2,44.7,,32.1,2024,87.6,50.0,41.7
404,KEN,Kenya,30.8,29.0,34.6,26.2,46.4,27.1,16.4,1.1,2022,,,
404,KEN,Kenya,36.9,26.5,49.2,27.1,43.8,44.2,77.1,37.8,2024,58.6,59.9,20.3
296,KIR,Kiribati,49.0,56.3,52.7,27.2,72.6,26.5,21.5,4.5,2022,,,
296,KIR,Kiribati,44.3,40.9,45.6,46.4,30.5,58.6,91.4,21.0,2024,23.6,100.0,8.0
414,KWT,Kuwait,42.4,32.3,47.1,51.5,60.0,39.5,18.6,43.1,2022,,,
414,KWT,Kuwait,44.4,24.9,53.7,50.4,50.5,59.0,23.3,85.7,2024,0.0,100.0,7.4
417,KGZ,Kyrgyzstan,35.7,34.0,40.4,29.1,28.5,49.0,,8.6,2022,,,
417,KGZ,Kyrgyzstan,42.8,45.4,44.4,37.1,37.0,51.9,,23.9,2024,,,
418,LAO,Laos,30.7,16.2,46.9,24.2,74.9,49.1,,0.0,2022,,,
418,LAO,Laos,26.3,9.6,40.5,19.4,50.6,78.5,,21.6,2024,,,
428,LVA,Latvia,61.1,58.6,65.4,56.9,84.3,64.4,38.4,90.7,2022,,,
428,LVA,Latvia,60.2,52.4,68.5,54.6,68.4,64.4,69.0,68.0,2024,86.8,37.2,42.9
422,LBN,Lebanon,32.2,37.9,20.4,46.3,12.8,17.5,15.4,38.2,2022,,,
422,LBN,Lebanon,39.9,38.0,37.5,46.5,23.6,50.6,96.2,46.8,2024,5.0,50.0,0.0
426,LSO,Lesotho,32.3,53.3,23.5,10.9,13.7,45.5,,0.3,2022,,,
426,LSO,Lesotho,36.9,41.7,46.9,13.0,59.1,34.3,,11.7,2024,,,
430,LBR,Liberia,24.9,30.5,20.9,22.9,26.8,22.4,20.7,0.0,2022,,,
430,LBR,Liberia,34.3,38.4,30.3,36.4,25.7,34.0,68.8,12.4,2024,,100.0,4.5
440,LTU,Lithuania,55.9,47.1,61.0,61.8,84.4,65.6,13.4,52.3,2022,,,
440,LTU,Lithuania,64.1,52.4,74.3,59.8,74.9,67.0,80.1,72.7,2024,61.1,68.8,100.0
442,LUX,Luxembourg,72.3,67.4,70.0,86.7,84.8,55.9,,98.0,2022,,,
442,LUX,Luxembourg,75.1,62.4,83.1,76.1,84.8,62.8,,90.6,2024,,,
450,MDG,Madagascar,28.0,28.4,29.5,24.4,31.0,35.9,30.2,0.0,2022,,,
450,MDG,Madagascar,30.1,36.1,28.0,26.7,26.4,48.2,49.3,12.5,2024,19.8,55.2,14.8
454,MWI,Malawi,40.6,33.1,54.1,26.7,82.4,36.7,,0.0,2022,,,
454,MWI,Malawi,35.1,17.7,54.5,21.0,68.1,46.6,,30.7,2024,,,
458,MYS,Malaysia,35.0,27.2,36.0,48.0,51.9,40.5,14.3,12.6,2022,,,
458,MYS,Malaysia,41.0,39.9,38.9,45.8,28.0,63.6,52.0,46.8,2024,6.2,86.1,12.4
462,MDV,Maldives,37.4,33.5,35.7,48.5,11.3,14.1,56.7,3.8,2022,,,
462,MDV,Maldives,38.1,27.9,39.3,48.0,12.0,55.8,90.5,40.4,2024,0.0,26.8,1.3
466,MLI,Mali,28.5,21.9,38.4,20.4,46.9,30.7,,0.0,2022,,,
466,MLI,Mali,34.5,16.5,44.7,37.7,51.0,66.4,,11.2,2024,,,
470,MLT,Malta,75.2,82.3,68.2,76.5,72.9,28.3,47.8,0.0,2022,,,
470,MLT,Malta,66.9,63.6,65.6,73.0,67.1,43.5,56.9,52.3,2024,99.3,36.8,57.9
584,MHL,Marshall Islands,36.2,55.8,18.7,35.8,8.0,1.7,44.2,,2022,,,
584,MHL,Marshall Islands,42.5,41.0,34.3,55.6,12.6,77.8,86.9,40.0,2024,0.2,100.0,5.1
478,MRT,Mauritania,28.1,27.8,30.2,24.0,10.7,27.2,18.2,0.0,2022,,,
478,MRT,Mauritania,34.6,24.8,34.5,46.5,36.2,42.1,77.1,14.0,2024,45.4,100.0,20.7
480,MUS,Mauritius,44.8,46.4,37.2,57.6,18.0,20.0,18.5,2.8,2022,,,
480,MUS,Mauritius,47.3,45.8,33.5,70.4,13.4,68.6,75.7,37.4,2024,0.8,1.7,17.1
484,MEX,Mexico,45.5,38.9,53.7,40.9,69.8,50.6,19.8,25.2,2022,,,
484,MEX,Mexico,44.2,46.4,46.6,37.1,31.7,56.8,38.4,69.5,2024,55.5,53.7,48.6
583,FSM,Micronesia,37.4,49.2,29.4,31.9,3.6,19.4,0.0,,2022,,,
583,FSM,Micronesia,40.8,44.4,27.4,56.8,4.4,47.0,85.3,25.5,2024,0.0,88.5,0.0
498,MDA,Moldova,42.7,42.9,42.9,42.0,49.8,36.0,,9.2,2022,,,
498,MDA,Moldova,46.1,45.4,49.1,41.8,53.3,49.9,,22.4,2024,,,
496,MNG,Mongolia,29.6,14.6,45.9,23.8,67.7,22.7,,3.3,2022,,,
496,MNG,Mongolia,37.2,17.6,55.2,28.5,64.2,29.0,,43.8,2024,,,
499,MNE,Montenegro,46.9,52.3,44.7,41.3,52.6,34.7,14.4,8.4,2022,,,
499,MNE,Montenegro,47.7,43.1,50.2,48.7,42.1,43.0,47.9,43.6,2024,14.5,75.1,0.0
504,MAR,Morocco,28.4,29.5,27.2,28.6,16.6,49.0,21.2,5.4,2022,,,
504,MAR,Morocco,39.5,34.9,40.0,44.1,30.1,35.6,49.6,57.1,2024,5.2,100.0,6.6
508,MOZ,Mozambique,31.7,19.3,44.5,28.3,65.2,30.4,57.1,20.0,2022,,,
508,MOZ,Mozambique,39.0,35.7,48.8,25.2,57.1,40.1,66.9,12.0,2024,34.2,54.7,16.6
104,MMR,Myanmar,19.4,17.3,20.2,21.6,21.8,43.0,15.1,0.0,2022,,,
104,MMR,Myanmar,27.1,35.6,26.9,17.2,23.0,59.6,36.0,13.6,2024,5.1,98.1,2.1
516,NAM,Namibia,50.9,64.6,51.3,24.2,73.9,14.8,26.5,5.0,2022,,,
516,NAM,Namibia,44.0,30.3,62.7,26.8,69.5,25.5,34.2,30.0,2024,7.5,73.4,7.7
524,NPL,Nepal,28.3,24.1,37.5,17.1,51.1,27.1,,0.0,2022,,,
524,NPL,Nepal,33.1,25.8,47.9,14.7,54.2,65.6,,13.2,2024,,,
528,NLD,Netherlands,62.6,54.5,60.0,83.3,80.1,29.3,13.0,100.0,2022,,,
528,NLD,Netherlands,66.9,60.7,66.7,74.8,60.5,68.0,22.5,89.2,2024,77.7,32.6,53.2
554,NZL,New Zealand,56.7,40.4,57.9,84.9,76.6,64.9,7.4,79.9,2022,,,
554,NZL,New Zealand,57.3,47.6,50.0,82.1,38.5,72.9,31.4,70.7,2024,27.2,61.2,24.5
558,NIC,Nicaragua,37.7,34.5,40.9,37.1,60.1,31.9,14.4,0.0,2022,,,
558,NIC,Nicaragua,47.4,37.6,58.5,39.3,65.5,51.6,48.9,40.7,2024,97.1,100.0,40.6
562,NER,Niger,37.7,17.9,64.7,18.8,77.1,21.6,,0.0,2022,,,
562,NER,Niger,40.0,19.4,59.0,30.6,69.9,55.9,,12.5,2024,,,
566,NGA,Nigeria,28.3,29.6,33.3,15.2,45.7,28.6,23.3,0.2,2022,,,
566,NGA,Nigeria,37.9,43.9,44.2,20.3,47.1,47.9,63.4,15.0,2024,,,0.4
807,MKD,North Macedonia,54.3,69.8,48.7,36.5,57.9,41.9,,0.8,2022,,,
807,MKD,North Macedonia,50.3,51.3,55.7,39.3,53.0,46.7,,42.2,2024,,,
578,NOR,Norway,59.3,43.9,57.6,92.2,71.2,25.5,39.7,64.3,2022,,,
578,NOR,Norway,69.9,52.6,72.2,86.7,71.6,52.3,54.2,80.8,2024,93.9,62.0,11.3
512,OMN,Oman,30.7,23.2,33.5,39.0,20.2,67.3,35.6,13.4,2022,,,
512,OMN,Oman,51.3,32.6,64.5,50.1,56.2,70.7,88.8,85.7,2024,73.7,100.0,65.8
586,PAK,Pakistan,24.6,16.9,37.8,11.4,37.4,28.6,23.6,0.1,2022,,,
586,PAK,Pakistan,25.5,30.0,29.5,13.1,25.3,46.8,62.2,21.8,2024,0.0,50.0,0.7
591,PAN,Panama,50.5,43.5,57.5,49.0,83.7,33.2,33.2,23.1,2022,,,
591,PAN,Panama,52.9,41.9,59.1,55.1,56.6,50.0,71.6,42.0,2024,76.8,88.1,23.5
598,PNG,Papua New Guinea,24.8,25.4,21.9,29.9,16.3,15.6,35.5,0.0,2022,,,
598,PNG,Papua New Guinea,36.9,37.7,36.3,37.2,19.8,61.8,88.6,11.1,2024,0.0,100.0,3.5
600,PRY,Paraguay,40.9,30.1,48.9,44.9,64.3,69.4,,0.7,2022,,,
600,PRY,Paraguay,39.5,31.9,44.4,39.7,47.5,71.6,,12.4,2024,,,
604,PER,Peru,39.8,32.2,45.2,43.1,54.5,30.7,45.2,41.0,2022,,,
604,PER,Peru,46.5,40.7,56.0,36.1,48.6,45.3,85.0,63.3,2024,92.1,53.4,16.6
608,PHL,Philippines,28.9,16.9,38.6,31.1,54.2,29.6,34.8,0.8,2022,,,
608,PHL,Philippines,32.1,32.2,33.9,28.7,24.6,72.3,76.4,12.6,2024,19.4,53.1,12.5
616,POL,Poland,50.6,38.8,60.0,53.0,87.3,42.7,11.0,61.5,2022,,,
616,POL,Poland,64.2,53.5,79.2,50.1,81.4,68.3,57.8,77.5,2024,82.2,58.5,79.5
620,PRT,Portugal,50.4,37.6,49.6,76.6,70.5,23.5,14.7,59.2,2022,,,
620,PRT,Portugal,61.9,55.3,62.4,68.9,59.8,49.7,31.1,85.5,2024,70.1,26.4,30.5
634,QAT,Qatar,33.0,21.5,34.5,51.7,50.1,13.3,5.7,70.0,2022,,,
634,QAT,Qatar,46.8,28.0,56.4,51.3,50.1,35.7,88.6,84.7,2024,42.9,84.9,36.2
178,COG,Republic of Congo,40.1,44.9,45.6,19.7,67.5,34.5,14.9,8.8,2022,,,
178,COG,Republic of Congo,41.6,29.3,65.1,17.7,71.6,48.1,61.0,23.0,2024,,100.0,22.7
642,ROU,Romania,56.0,51.3,65.4,45.2,81.1,53.8,66.3,25.7,2022,,,
642,ROU,Romania,57.3,49.3,68.7,46.6,71.9,67.8,24.5,51.4,2024,98.8,53.7,90.0
643,RUS,Russia,37.5,29.1,39.0,50.6,44.4,48.9,13.7,18.5,2022,,,
643,RUS,Russia,46.7,36.9,48.4,55.4,41.6,62.9,63.0,52.5,2024,11.4,85.6,4.4
646,RWA,Rwanda,32.8,32.6,37.7,22.7,47.6,31.5,,0.0,2022,,,
646,RWA,Rwanda,33.9,32.3,45.8,14.4,49.9,41.6,,10.5,2024,,,
662,LCA,Saint Lucia,49.4,64.8,36.4,47.3,36.7,6.4,26.2,14.0,2022,,,
662,LCA,Saint Lucia,51.1,47.5,45.1,65.0,30.0,39.3,94.0,38.5,2024,12.0,70.2,13.2
670,VCT,Saint Vincent and the Grenadines,53.2,61.0,51.1,42.5,45.6,35.4,72.5,14.0,2022,,,
670,VCT,Saint Vincent and the Grenadines,54.2,49.9,50.6,64.5,35.1,76.9,86.1,41.5,2024,9.6,100.0,10.7
882,WSM,Samoa,36.4,44.2,25.6,44.0,26.9,27.7,15.5,0.9,2022,,,
882,WSM,Samoa,47.1,51.3,37.7,57.8,25.6,57.1,75.9,18.9,2024,7.0,100.0,5.2
678,STP,Sao Tome and Principe,52.9,63.2,54.5,30.1,59.1,18.2,19.7,10.9,2022,,,
678,STP,Sao Tome and Principe,36.2,38.6,32.0,39.8,33.2,31.7,72.6,21.3,2024,10.1,100.0,0.0
682,SAU,Saudi Arabia,37.9,24.8,47.7,42.4,29.3,59.4,19.5,37.7,2022,,,
682,SAU,Saudi Arabia,42.5,33.2,50.0,40.5,45.4,53.8,56.0,56.9,2024,50.4,100.0,5.8
686,SEN,Senegal,33.9,33.6,40.2,21.3,65.1,39.9,23.9,0.5,2022,,,
686,SEN,Senegal,43.8,32.0,52.0,43.1,56.5,71.1,58.4,14.4,2024,8.9,44.9,18.4
688,SRB,Serbia,43.9,41.7,47.0,41.6,46.7,45.3,,0.7,2022,,,
688,SRB,Serbia,49.8,43.6,57.4,43.6,53.4,71.4,,16.0,2024,,,
690,SYC,Seychelles,55.6,53.9,57.8,54.2,76.1,8.8,20.3,19.5,2022,,,
690,SYC,Seychelles,47.9,27.3,47.4,71.7,50.5,58.0,75.8,50.9,2024,94.7,50.5,50.2
694,SLE,Sierra Leone,32.7,35.5,36.4,19.7,51.2,33.2,34.0,0.0,2022,,,
694,SLE,Sierra Leone,39.9,46.8,39.4,33.3,45.3,40.1,75.3,12.5,2024,5.5,100.0,39.1
702,SGP,Singapore,50.9,46.5,42.5,77.0,25.3,22.0,100.0,100.0,2022,,,
702,SGP,Singapore,53.0,41.2,53.8,66.0,35.0,61.3,97.1,90.5,2024,,,0.0
703,SVK,Slovakia,60.0,53.5,66.3,59.0,82.7,68.0,,44.7,2022,,,
703,SVK,Slovakia,65.1,48.9,78.3,60.7,81.9,67.4,,58.3,2024,,,
705,SVN,Slovenia,67.3,62.9,72.7,64.4,84.5,55.0,,92.2,2022,,,
705,SVN,Slovenia,62.4,57.5,67.4,59.2,64.9,56.7,36.4,70.7,2024,12.0,100.0,27.8
90,SLB,Solomon Islands,35.0,63.9,14.6,22.8,8.3,8.6,12.7,1.2,2022,,,
90,SLB,Solomon Islands,42.2,52.8,30.8,50.8,13.2,44.6,84.8,11.7,2024,9.5,99.6,7.3
710,ZAF,South Africa,37.2,34.1,44.2,28.1,54.7,61.1,29.9,21.7,2022,,,
710,ZAF,South Africa,42.7,48.0,49.3,24.4,39.5,57.2,47.8,51.5,2024,35.2,70.3,54.6
410,KOR,South Korea,46.9,30.9,48.8,73.3,61.0,44.1,12.8,76.8,2022,,,
410,KOR,South Korea,50.6,47.0,48.8,58.0,32.8,61.8,34.9,84.3,2024,41.4,27.0,15.1
724,ESP,Spain,56.6,41.3,60.3,78.1,85.8,31.8,16.4,91.1,2022,,,
724,ESP,Spain,64.0,57.2,67.8,65.6,66.9,54.1,33.7,78.7,2024,91.4,33.3,47.4
144,LKA,Sri Lanka,34.7,26.4,40.1,39.0,57.5,31.6,31.8,0.0,2022,,,
144,LKA,Sri Lanka,38.8,44.1,39.7,31.0,32.9,62.5,63.4,13.0,2024,2.5,44.8,1.5
729,SDN,Sudan,27.6,25.1,34.5,17.6,37.0,33.1,16.0,0.0,2022,,,
729,SDN,Sudan,39.1,36.2,43.4,34.7,39.2,48.5,95.8,11.2,2024,95.5,65.6,28.0
740,SUR,Suriname,45.9,50.3,46.6,36.0,59.5,42.2,40.9,13.2,2022,,,
740,SUR,Suriname,56.9,43.6,64.6,59.0,64.8,62.8,38.9,44.2,2024,57.9,100.0,43.4
752,SWE,Sweden,72.7,75.4,60.6,93.1,68.8,74.0,15.3,100.0,2022,,,
752,SWE,Sweden,70.3,62.9,66.8,85.5,60.0,73.2,52.4,84.5,2024,54.8,48.9,47.5
756,CHE,Switzerland,65.9,60.5,60.2,88.4,62.5,41.1,,97.0,2022,,,
756,CHE,Switzerland,67.8,59.4,68.6,76.3,59.8,59.6,,83.4,2024,,,
158,TWN,Taiwan,45.3,38.1,46.4,56.7,58.0,33.8,25.3,6.5,2022,,,
158,TWN,Taiwan,50.1,48.4,51.5,49.9,38.4,60.3,46.4,38.2,2024,2.2,88.3,10.5
762,TJK,Tajikistan,37.1,27.3,55.7,16.6,57.6,50.1,,2.2,2022,,,
762,TJK,Tajikistan,32.3,18.5,47.3,21.9,53.7,57.0,,19.6,2024,,,
834,TZA,Tanzania,34.2,25.3,45.2,28.2,70.1,31.1,19.1,2.9,2022,,,
834,TZA,Tanzania,43.6,32.5,60.7,25.1,65.3,48.5,71.7,18.2,2024,67.5,100.0,37.8
764,THA,Thailand,38.1,36.0,37.3,43.8,51.4,33.0,12.9,1.8,2022,,,
764,THA,Thailand,45.7,46.0,51.3,35.2,45.9,58.8,44.2,21.7,2024,68.3,33.0,28.6
626,TLS,Timor-Leste,35.1,32.8,39.9,29.6,54.9,18.5,33.3,0.6,2022,,,
626,TLS,Timor-Leste,49.9,65.2,47.9,36.4,44.4,48.8,95.5,20.2,2024,59.9,100.0,17.7
768,TGO,Togo,34.0,34.4,41.1,18.2,59.2,39.2,7.1,0.0,2022,,,
768,TGO,Togo,35.7,28.5,47.1,25.5,54.8,40.3,58.9,12.5,2024,,,0.0
776,TON,Tonga,43.8,46.0,40.9,45.6,31.9,34.1,54.8,,2022,,,
776,TON,Tonga,40.4,32.5,34.3,58.4,15.7,49.9,95.7,35.1,2024,0.2,100.0,3.7
780,TTO,Trinidad and Tobago,47.8,49.3,44.0,52.7,65.3,4.1,16.5,3.0,2022,,,
780,TTO,Trinidad and Tobago,52.5,36.1,49.6,77.2,49.5,22.5,58.1,12.8,2024,0.0,100.0,3.4
788,TUN,Tunisia,40.7,48.3,32.7,43.2,26.4,24.8,22.1,43.0,2022,,,
788,TUN,Tunisia,45.3,41.4,47.3,46.6,38.1,40.2,50.3,74.5,2024,15.7,100.0,25.7
792,TUR,Turkey,26.3,21.5,20.3,47.8,7.5,39.1,9.5,30.5,2022,,,
792,TUR,Turkiye,37.2,37.0,34.7,41.9,20.0,59.2,49.6,67.9,2024,2.1,61.5,21.0
795,TKM,Turkmenistan,37.0,30.2,40.7,42.3,22.9,51.8,,9.8,2022,,,
795,TKM,Turkmenistan,40.6,29.6,40.6,54.0,39.2,48.1,,39.2,2024,72.8,50.0,12.5
800,UGA,Uganda,35.8,26.8,49.2,24.9,75.8,21.3,,0.4,2022,,,
800,UGA,Uganda,35.8,35.7,45.6,18.5,51.9,48.3,,15.0,2024,,,
804,UKR,Ukraine,49.6,54.7,48.0,43.6,61.7,44.7,23.7,14.1,2022,,,
804,UKR,Ukraine,54.6,53.9,58.9,47.9,53.8,76.4,33.4,40.8,2024,81.5,44.1,34.2
784,ARE,United Arab Emirates,52.4,34.0,70.4,49.4,80.3,17.4,26.2,92.1,2022,,,
784,ARE,United Arab Emirates,51.6,35.6,62.4,51.3,59.0,37.5,80.0,89.8,2024,90.2,100.0,31.1
826,GBR,United Kingdom,77.7,91.5,62.3,83.9,81.5,45.0,17.0,99.0,2022,,,
826,GBR,United Kingdom,72.6,67.8,72.8,78.1,71.5,76.9,38.1,78.3,2024,80.0,70.4,54.2
840,USA,United States of America,51.1,37.2,51.4,76.8,60.6,61.4,17.2,58.9,2022,,,
840,USA,United States of America,57.2,50.1,53.5,72.3,40.7,83.0,46.5,63.9,2024,58.7,76.9,46.1
858,URY,Uruguay,37.4,37.0,25.8,62.7,17.8,70.7,5.7,2.1,2022,,,
858,URY,Uruguay,44.1,40.6,39.0,57.6,28.9,58.2,34.4,34.7,2024,15.1,54.2,22.1
860,UZB,Uzbekistan,38.2,41.3,41.0,26.5,33.8,47.2,,0.0,2022,,,
860,UZB,Uzbekistan,42.6,37.5,48.4,38.2,44.0,57.4,,60.7,2024,,,
548,VUT,Vanuatu,36.9,50.1,28.0,30.4,20.0,33.0,21.0,4.5,2022,,,
548,VUT,Vanuatu,45.0,53.7,37.0,49.5,18.1,42.7,84.0,19.1,2024,0.6,98.1,1.8
862,VEN,Venezuela,46.4,42.1,52.0,42.9,71.5,43.6,27.7,6.4,2022,,,
862,VEN,Venezuela,53.3,43.5,61.7,50.1,61.3,46.1,82.5,32.0,2024,10.3,76.4,14.9
704,VNM,Viet Nam,20.1,10.1,22.1,35.1,27.9,39.6,24.2,0.3,2022,,,
704,VNM,Viet Nam,24.6,17.9,27.8,27.0,24.8,73.0,29.4,16.1,2024,27.5,40.0,7.0
894,ZMB,Zambia,38.4,25.6,58.2,21.2,91.0,53.2,,4.5,2022,,,
894,ZMB,Zambia,46.7,39.4,67.0,19.1,83.7,44.1,,17.3,2024,,,
716,ZWE,Zimbabwe,46.2,41.9,61.7,21.9,83.7,42.8,,37.2,2022,,,
716,ZWE,Zimbabwe,51.6,53.5,66.3,23.0,70.2,35.5,,55.5,2024,,,
