iso3,jurisdiction,methodology_round,report_type,report_date,assessment_body,IO1,IO2,IO3,IO4,IO5,IO6,IO7,IO8,IO9,IO10,IO11,R1,R2,R3,R4,R5,R6,R7,R8,R9,R10,R11,R12,R13,R14,R15,R16,R17,R18,R19,R20,R21,R22,R23,R24,R25,R26,R27,R28,R29,R30,R31,R32,R33,R34,R35,R36,R37,R38,R39,R40,IO1_num,IO2_num,IO3_num,IO4_num,IO5_num,IO6_num,IO7_num,IO8_num,IO9_num,IO10_num,IO11_num,R1_num,R2_num,R3_num,R4_num,R5_num,R6_num,R7_num,R8_num,R9_num,R10_num,R11_num,R12_num,R13_num,R14_num,R15_num,R16_num,R17_num,R18_num,R19_num,R20_num,R21_num,R22_num,R23_num,R24_num,R25_num,R26_num,R27_num,R28_num,R29_num,R30_num,R31_num,R32_num,R33_num,R34_num,R35_num,R36_num,R37_num,R38_num,R39_num,R40_num,n_upgrades,n_downgrades
ALB,Albania,2013,MER+FUR(s),2023-05,MONEYVAL,ME,ME,ME,SE,ME,SE,ME,ME,LE,ME,LE,LC,LC,LC,LC,LC,C,PC,LC,LC,LC,LC,LC,LC,C,PC,LC,,LC,C,LC,C,LC,LC,LC,LC,LC,LC,LC,LC,C,LC,LC,LC,LC,LC,LC,LC,C,LC,LC,1,1,1,2,1,2,1,1,0,1,0,2,2,2,2,2,3,1,2,2,2,2,2,2.0,3,1,2,,2,3,2,3,2,2,2,2.0,2,2,2,2,3,2,2,2,2,2,2,2,3,2,2,2,1
DZA,Algeria,2013,MER+FUR(s),2026-05,MENAFATF,LE,ME,LE,LE,LE,ME,ME,SE,SE,LE,LE,LC,C,LC,LC,C,LC,LC,NC,C,LC,LC,C,C,LC,NC,LC,,LC,C,LC,LC,PC,PC,NC,NC,LC,LC,LC,LC,LC,LC,PC,C,PC,C,C,LC,LC,LC,NC,0,1,0,0,0,1,1,2,2,0,0,2,3,2,2,3,2,2,0,3,2,2,3,3.0,2,0,2,,2,3,2,2,1,1,0,0.0,2,2,2,2,2,2,1,3,1,3,3,2,2,2,0,10,
AND,Andorra,2013,MER+FUR(s),2021-12,MONEYVAL,SE,SE,ME,ME,ME,SE,ME,ME,SE,ME,ME,LC,C,LC,C,LC,LC,C,LC,LC,LC,C,LC,LC,LC,PC,LC,LC,LC,C,C,C,LC,LC,LC,LC,LC,LC,LC,LC,C,PC,C,LC,LC,LC,PC,LC,LC,LC,LC,2,2,1,1,1,2,1,1,2,1,1,2,3,2,3,2,2,3,2,2,2,3,2,2.0,2,1,2,2.0,2,3,3,3,2,2,2,2.0,2,2,2,2,3,1,3,2,2,2,1,2,2,2,2,1,1
AGO,Angola,2013,MER+FUR(s),2026-03,ESAAMLG,LE,LE,LE,LE,LE,ME,LE,ME,ME,LE,LE,LC,PC,PC,LC,LC,PC,PC,NC,LC,LC,C,C,LC,C,PC,LC,LC,LC,C,PC,LC,PC,PC,PC,NC,C,C,LC,LC,LC,LC,LC,PC,C,PC,PC,PC,LC,LC,PC,0,0,0,0,0,1,0,1,1,0,0,2,1,1,2,2,1,1,0,2,2,3,3,2.0,3,1,2,2.0,2,3,1,2,1,1,1,0.0,3,3,2,2,2,2,2,1,3,1,1,1,2,2,1,3,
AIA,Anguilla,2013,MER,2024-07,CFATF,ME,ME,ME,ME,ME,ME,ME,ME,ME,ME,ME,PC,C,C,C,LC,LC,LC,LC,C,LC,C,LC,C,C,LC,LC,C,LC,C,C,C,PC,PC,LC,PC,LC,LC,PC,C,C,C,LC,C,C,PC,LC,LC,PC,LC,LC,1,1,1,1,1,1,1,1,1,1,1,1,3,3,3,2,2,2,2,3,2,3,2,3.0,3,2,2,3.0,2,3,3,3,1,1,2,1.0,2,2,1,3,3,3,2,3,3,1,2,2,1,2,2,,
ATG,Antigua and Barbuda,2013,MER+FUR(s),2021-11,CFATF,ME,ME,LE,ME,ME,ME,LE,ME,ME,LE,LE,LC,C,LC,LC,C,PC,PC,NC,C,LC,LC,LC,C,LC,LC,LC,C,C,C,C,LC,LC,LC,LC,LC,LC,LC,C,LC,LC,LC,LC,LC,C,PC,LC,C,LC,LC,LC,1,1,0,1,1,1,0,1,1,0,0,2,3,2,2,3,1,1,0,3,2,2,2,3.0,2,2,2,3.0,3,3,3,2,2,2,2,2.0,2,2,3,2,2,2,2,2,3,1,2,3,2,2,2,6,1
ARG,Argentina,2013,MER,2024-12,FATF/GAFILAT,ME,SE,ME,ME,ME,ME,ME,ME,ME,ME,LE,LC,C,LC,LC,LC,PC,NC,PC,C,LC,C,C,C,PC,PC,PC,PC,PC,C,C,LC,PC,PC,PC,PC,LC,C,LC,C,LC,LC,LC,LC,LC,C,LC,C,LC,C,PC,1,2,1,1,1,1,1,1,1,1,0,2,3,2,2,2,1,0,1,3,2,3,3,3.0,1,1,1,1.0,1,3,3,2,1,1,1,1.0,2,3,2,3,2,2,2,2,2,3,2,3,2,3,1,,
ARM,Armenia,2013,MER+FUR(s),2018-07,MONEYVAL,ME,SE,ME,SE,SE,ME,LE,LE,SE,SE,SE,LC,LC,LC,LC,LC,LC,LC,C,C,LC,C,PC,C,C,C,C,C,C,C,C,C,LC,C,LC,LC,LC,C,PC,C,LC,PC,C,C,C,LC,LC,LC,LC,LC,C,1,2,1,2,2,1,0,0,2,2,2,2,2,2,2,2,2,2,3,3,2,3,1,3.0,3,3,3,3.0,3,3,3,3,2,3,2,2.0,2,3,1,3,2,1,3,3,3,2,2,2,2,2,3,3,
ABW,Aruba,2013,MER,2022-07,CFATF,SE,SE,SE,SE,ME,SE,ME,SE,ME,ME,LE,LC,LC,LC,C,C,LC,PC,PC,C,LC,C,C,C,C,PC,C,C,C,LC,C,C,LC,LC,PC,PC,C,C,PC,C,C,C,LC,PC,C,LC,LC,LC,LC,LC,LC,2,2,2,2,1,2,1,2,1,1,0,2,2,2,3,3,2,1,1,3,2,3,3,3.0,3,1,3,3.0,3,2,3,3,2,2,1,1.0,3,3,1,3,3,3,2,1,3,2,2,2,2,2,2,,
AUS,Australia,2013,MER+FUR(s),2024-03,FATF,SE,HE,ME,ME,ME,SE,ME,ME,SE,ME,SE,PC,LC,C,C,C,C,C,LC,C,LC,LC,LC,C,LC,PC,PC,C,LC,LC,C,C,NC,NC,PC,NC,LC,PC,NC,C,C,LC,C,LC,LC,PC,C,C,C,C,C,2,3,1,1,1,2,1,1,2,1,2,1,2,3,3,3,3,3,2,3,2,2,2,3.0,2,1,1,3.0,2,2,3,3,0,0,1,0.0,2,1,0,3,3,2,3,2,2,1,3,3,3,3,3,5,1
AUT,Austria,2022,MER,2026-04,FATF,ME,ME,SE,ME,HE,ME,ME,ME,SE,ME,ME,LC,LC,LC,LC,C,LC,LC,C,C,LC,LC,C,LC,LC,LC,LC,LC,C,LC,C,C,LC,PC,LC,LC,C,C,LC,LC,C,LC,LC,LC,C,LC,C,C,LC,C,LC,1,1,2,1,3,1,1,1,2,1,1,2,2,2,2,3,2,2,3,3,2,2,3,2.0,2,2,2,2.0,3,2,3,3,2,1,2,2.0,3,3,2,2,3,2,2,2,3,2,3,3,2,3,2,2,
AZE,Azerbaijan,2013,MER+FUR(s),2025-12,MONEYVAL,ME,SE,LE,ME,ME,ME,ME,ME,SE,ME,ME,LC,C,LC,LC,LC,LC,LC,LC,LC,LC,C,C,C,LC,PC,LC,C,LC,LC,C,LC,LC,LC,LC,LC,LC,PC,PC,C,LC,LC,LC,C,LC,NC,LC,LC,LC,LC,LC,1,2,0,1,1,1,1,1,2,1,1,2,3,2,2,2,2,2,2,2,2,3,3,3.0,2,1,2,3.0,2,2,3,2,2,2,2,2.0,2,1,1,3,2,2,2,3,2,0,2,2,2,2,2,7,
BHS,Bahamas,2013,MER+FUR(s),2022-12,CFATF,LE,ME,ME,ME,ME,ME,LE,LE,LE,LE,LE,LC,LC,C,C,LC,LC,LC,C,C,C,LC,C,C,C,C,LC,C,LC,C,C,C,C,LC,LC,LC,C,C,C,C,C,LC,LC,LC,LC,LC,LC,LC,LC,LC,LC,0,1,1,1,1,1,0,0,0,0,0,2,2,3,3,2,2,2,3,3,3,2,3,3.0,3,3,2,3.0,2,3,3,3,3,2,2,2.0,3,3,3,3,3,2,2,2,2,2,2,2,2,2,2,2,2
BHR,Bahrain,2013,MER+FUR(s),2022-05,MENAFATF,ME,SE,SE,ME,ME,SE,ME,ME,ME,ME,ME,LC,C,LC,C,LC,LC,LC,LC,C,LC,C,LC,LC,LC,LC,LC,C,C,LC,LC,LC,PC,LC,LC,LC,LC,LC,LC,C,C,C,LC,LC,LC,LC,LC,LC,LC,LC,LC,1,2,2,1,1,2,1,1,1,1,1,2,3,2,3,2,2,2,2,3,2,3,2,2.0,2,2,2,3.0,3,2,2,2,1,2,2,2.0,2,2,2,3,3,3,2,2,2,2,2,2,2,2,2,7,1
GGY,Bailiwick of Guernsey,2013,MER,2024-12,MONEYVAL,SE,SE,ME,ME,SE,ME,LE,ME,SE,HE,HE,LC,C,C,C,C,LC,LC,LC,C,LC,C,LC,C,C,LC,C,LC,LC,C,C,C,LC,LC,LC,C,LC,C,LC,C,C,C,C,C,C,LC,C,C,C,C,C,2,2,1,1,2,1,0,1,2,3,3,2,3,3,3,3,2,2,2,3,2,3,2,3.0,3,2,3,2.0,2,3,3,3,2,2,2,3.0,2,3,2,3,3,3,3,3,3,2,3,3,3,3,3,,
BGD,Bangladesh,2013,MER+FUR(s),2020-12,APG,ME,SE,ME,LE,LE,ME,LE,LE,SE,ME,SE,PC,LC,LC,LC,LC,C,LC,LC,LC,LC,C,LC,LC,LC,PC,C,LC,C,LC,C,C,LC,LC,PC,PC,LC,LC,LC,LC,C,LC,LC,C,LC,PC,LC,LC,LC,LC,LC,1,2,1,0,0,1,0,0,2,1,2,1,2,2,2,2,3,2,2,2,2,3,2,2.0,2,1,3,2.0,3,2,3,3,2,2,1,1.0,2,2,2,2,3,2,2,3,2,1,2,2,2,2,2,2,1
BRB,Barbados,2013,MER+FUR(s),2021-02,CFATF,LE,ME,ME,ME,ME,LE,LE,LE,LE,LE,LE,LC,LC,LC,C,LC,LC,LC,PC,C,LC,C,LC,LC,LC,PC,LC,LC,LC,LC,C,PC,LC,PC,PC,LC,C,C,LC,LC,LC,PC,LC,LC,LC,LC,PC,LC,LC,LC,LC,0,1,1,1,1,0,0,0,0,0,0,2,2,2,3,2,2,2,1,3,2,3,2,2.0,2,1,2,2.0,2,2,3,1,2,1,1,2.0,3,3,2,2,2,1,2,2,2,2,1,2,2,2,2,11,2
BLR,Belarus,2013,MER,2019-12,EAG,SE,SE,ME,ME,LE,SE,ME,ME,SE,ME,SE,LC,LC,C,C,C,LC,LC,PC,C,LC,LC,LC,LC,C,PC,LC,LC,LC,LC,C,C,LC,LC,LC,LC,LC,LC,PC,C,C,C,LC,LC,C,LC,C,LC,LC,LC,LC,2,2,1,1,0,2,1,1,2,1,2,2,2,3,3,3,2,2,1,3,2,2,2,2.0,3,1,2,2.0,2,2,3,3,2,2,2,2.0,2,2,1,3,3,3,2,2,3,2,3,2,2,2,2,,
BEL,Belgium,2022,MER,2025-12,FATF,ME,ME,ME,ME,ME,SE,ME,ME,SE,ME,ME,LC,PC,LC,LC,C,PC,LC,PC,C,C,LC,C,PC,C,NC,LC,LC,LC,C,LC,C,LC,LC,PC,LC,C,C,LC,LC,C,C,PC,LC,LC,C,C,LC,LC,LC,LC,1,1,1,1,1,2,1,1,2,1,1,2,1,2,2,3,1,2,1,3,3,2,3,1.0,3,0,2,2.0,2,3,2,3,2,2,1,2.0,3,3,2,2,3,3,1,2,2,3,3,2,2,2,2,15,
BLZ,Belize,2013,MER,2025-01,CFATF,SE,SE,ME,ME,ME,ME,LE,ME,SE,SE,SE,C,C,C,C,C,C,C,LC,C,C,C,C,C,C,C,C,C,C,C,C,C,C,C,LC,C,C,C,C,C,C,C,C,C,C,C,C,C,C,C,C,2,2,1,1,1,1,0,1,2,2,2,3,3,3,3,3,3,3,2,3,3,3,3,3.0,3,3,3,3.0,3,3,3,3,3,3,2,3.0,3,3,3,3,3,3,3,3,3,3,3,3,3,3,3,,
BEN,Benin,2013,MER+FUR(s),2025-05,GIABA,LE,LE,LE,LE,LE,LE,LE,LE,LE,LE,LE,LC,LC,LC,PC,C,LC,LC,NC,C,LC,LC,PC,LC,PC,NC,PC,LC,LC,LC,LC,C,PC,LC,NC,NC,LC,C,NC,C,C,C,LC,LC,LC,LC,LC,C,LC,LC,LC,0,0,0,0,0,0,0,0,0,0,0,2,2,2,1,3,2,2,0,3,2,2,1,2.0,1,0,1,2.0,2,2,2,3,1,2,0,0.0,2,3,0,3,3,3,2,2,2,2,2,3,2,2,2,7,1
BMU,Bermuda,2013,MER,2020-01,CFATF,HE,SE,SE,ME,SE,SE,ME,LE,SE,SE,ME,C,C,C,LC,C,LC,LC,C,C,C,C,LC,C,C,C,C,C,C,C,C,C,C,C,LC,LC,LC,C,C,C,C,C,PC,C,LC,LC,C,LC,LC,C,C,3,2,2,1,2,2,1,0,2,2,1,3,3,3,2,3,2,2,3,3,3,3,2,3.0,3,3,3,3.0,3,3,3,3,3,3,2,2.0,2,3,3,3,3,3,1,3,2,2,3,2,2,3,3,,
BTN,Bhutan,2013,MER+FUR(s),2023-08,APG,LE,ME,LE,LE,LE,LE,LE,LE,ME,LE,LE,LC,LC,LC,LC,LC,LC,LC,PC,C,C,C,C,C,LC,NC,LC,LC,LC,LC,LC,LC,C,LC,PC,LC,LC,C,PC,LC,LC,PC,LC,LC,LC,LC,PC,NC,LC,LC,PC,0,1,0,0,0,0,0,0,1,0,0,2,2,2,2,2,2,2,1,3,3,3,3,3.0,2,0,2,2.0,2,2,2,2,3,2,1,2.0,2,3,1,2,2,1,2,2,2,2,1,0,2,2,1,2,1
BOL,Bolivia,2013,MER+FUR(s),2025-08,GAFILAT,ME,SE,ME,LE,ME,ME,LE,ME,ME,ME,ME,LC,C,LC,C,LC,LC,C,PC,C,LC,C,C,LC,C,PC,LC,C,LC,LC,LC,PC,C,LC,LC,C,LC,C,C,C,C,PC,LC,C,LC,LC,LC,LC,LC,LC,LC,1,2,1,0,1,1,0,1,1,1,1,2,3,2,3,2,2,3,1,3,2,3,3,2.0,3,1,2,3.0,2,2,2,1,3,2,2,3.0,2,3,3,3,3,1,2,3,2,2,2,2,2,2,2,3,
BIH,Bosnia and Herzegovina,2013,MER,2024-12,MONEYVAL,ME,ME,ME,ME,ME,ME,ME,ME,ME,LE,LE,PC,PC,LC,LC,LC,LC,PC,NC,LC,LC,LC,PC,C,LC,NC,LC,LC,LC,LC,LC,C,LC,LC,PC,LC,PC,LC,NC,C,C,LC,LC,PC,PC,PC,PC,LC,PC,LC,PC,1,1,1,1,1,1,1,1,1,0,0,1,1,2,2,2,2,1,0,2,2,2,1,3.0,2,0,2,2.0,2,2,2,3,2,2,1,2.0,1,2,0,3,3,2,2,1,1,1,1,2,1,2,1,,
BWA,Botswana,2013,MER+FUR(s),2023-01,ESAAMLG,LE,ME,LE,LE,LE,ME,LE,LE,LE,LE,LE,LC,PC,C,LC,C,LC,LC,PC,C,LC,LC,LC,LC,NC,PC,LC,,LC,LC,C,LC,LC,LC,PC,LC,LC,C,PC,LC,LC,LC,LC,LC,LC,PC,C,LC,C,LC,LC,0,1,0,0,0,1,0,0,0,0,0,2,1,3,2,3,2,2,1,3,2,2,2,2.0,0,1,2,,2,2,3,2,2,2,1,2.0,2,3,1,2,2,2,2,2,2,1,3,2,3,2,2,4,
BRA,Brazil,2013,MER,2023-12,FATF/GAFILAT,SE,SE,ME,ME,ME,ME,ME,ME,ME,ME,ME,LC,LC,LC,LC,PC,PC,LC,PC,C,LC,C,LC,C,C,PC,C,LC,LC,PC,LC,C,PC,PC,PC,PC,LC,C,PC,C,C,C,PC,LC,LC,LC,LC,LC,LC,LC,LC,2,2,1,1,1,1,1,1,1,1,1,2,2,2,2,1,1,2,1,3,2,3,2,3.0,3,1,3,2.0,2,1,2,3,1,1,1,1.0,2,3,1,3,3,3,1,2,2,2,2,2,2,2,2,,
VGB,British Virgin Islands,2013,MER+FUR(s),2025-10,CFATF,ME,ME,LE,LE,ME,LE,LE,LE,ME,LE,LE,LC,C,LC,LC,C,LC,LC,LC,C,LC,LC,LC,C,LC,LC,LC,LC,LC,LC,C,C,LC,LC,LC,LC,LC,C,C,C,C,LC,LC,C,LC,LC,LC,LC,LC,C,LC,1,1,0,0,1,0,0,0,1,0,0,2,3,2,2,3,2,2,2,3,2,2,2,3.0,2,2,2,2.0,2,2,3,3,2,2,2,2.0,2,3,3,3,3,2,2,3,2,2,2,2,2,3,2,4,
BRN,Brunei Darussalam,2013,MER+FUR(s),2024-06,APG,SE,SE,ME,ME,ME,SE,ME,ME,SE,SE,LE,LC,LC,LC,C,LC,LC,NC,LC,C,LC,LC,LC,LC,LC,PC,LC,LC,C,LC,LC,LC,LC,LC,PC,NC,LC,C,LC,C,C,LC,C,LC,LC,LC,LC,LC,LC,LC,LC,2,2,1,1,1,2,1,1,2,2,0,2,2,2,3,2,2,0,2,3,2,2,2,2.0,2,1,2,2.0,3,2,2,2,2,2,1,0.0,2,3,2,3,3,2,3,2,2,2,2,2,2,2,2,8,
BGR,Bulgaria,2013,MER+FUR(s),2025-06,MONEYVAL,ME,ME,ME,ME,LE,LE,LE,LE,ME,ME,LE,LC,LC,LC,PC,PC,C,PC,PC,LC,LC,LC,LC,PC,C,PC,LC,C,LC,LC,LC,LC,LC,LC,C,LC,LC,LC,LC,LC,LC,C,C,C,C,PC,LC,LC,PC,LC,LC,1,1,1,1,0,0,0,0,1,1,0,2,2,2,1,1,3,1,1,2,2,2,2,1.0,3,1,2,3.0,2,2,2,2,2,2,3,2.0,2,2,2,2,2,3,3,3,3,1,2,2,1,2,2,5,
BFA,Burkina Faso,2013,MER+FUR(s),2025-05,GIABA,LE,ME,LE,LE,LE,ME,LE,LE,LE,LE,LE,LC,LC,C,LC,C,PC,PC,LC,C,LC,LC,LC,LC,PC,PC,LC,LC,LC,PC,LC,C,PC,LC,LC,LC,PC,C,PC,C,C,C,C,LC,LC,LC,C,LC,LC,LC,LC,0,1,0,0,0,1,0,0,0,0,0,2,2,3,2,3,1,1,2,3,2,2,2,2.0,1,1,2,2.0,2,1,2,3,1,2,2,2.0,1,3,1,3,3,3,3,2,2,2,3,2,2,2,2,4,1
CPV,Cabo Verde,2013,MER+FUR(s),2025-05,GIABA,LE,LE,LE,LE,LE,LE,LE,LE,LE,LE,LE,PC,LC,C,C,LC,PC,PC,PC,C,PC,LC,LC,LC,LC,NC,PC,PC,PC,PC,PC,LC,PC,LC,LC,LC,PC,PC,PC,LC,C,C,PC,C,LC,LC,LC,C,LC,C,LC,0,0,0,0,0,0,0,0,0,0,0,1,2,3,3,2,1,1,1,3,1,2,2,2.0,2,0,1,1.0,1,1,1,2,1,2,2,2.0,1,1,1,2,3,3,1,3,2,2,2,3,2,3,2,1,1
KHM,Cambodia,2013,MER+FUR(s),2023-10,APG,ME,ME,LE,LE,LE,LE,LE,LE,SE,ME,LE,LC,LC,LC,LC,LC,LC,LC,PC,C,LC,LC,LC,C,LC,NC,LC,LC,LC,LC,LC,LC,LC,LC,PC,PC,PC,LC,PC,LC,LC,LC,LC,LC,LC,LC,LC,LC,LC,LC,PC,1,1,0,0,0,0,0,0,2,1,0,2,2,2,2,2,2,2,1,3,2,2,2,3.0,2,0,2,2.0,2,2,2,2,2,2,1,1.0,1,2,1,2,2,2,2,2,2,2,2,2,2,2,1,1,2
CMR,Cameroon,2013,MER+FUR(s),2025-11,GABAC,LE,LE,LE,LE,LE,ME,LE,LE,ME,LE,LE,LC,C,LC,PC,LC,LC,LC,NC,C,LC,LC,LC,LC,LC,PC,LC,LC,LC,LC,LC,C,LC,LC,LC,LC,LC,LC,NC,LC,C,C,LC,PC,LC,LC,LC,LC,PC,C,LC,0,0,0,0,0,1,0,0,1,0,0,2,3,2,1,2,2,2,0,3,2,2,2,2.0,2,1,2,2.0,2,2,2,3,2,2,2,2.0,2,2,0,2,3,3,2,1,2,2,2,2,1,3,2,9,
CAN,Canada,2013,MER+FUR(s),2021-09,FATF,SE,SE,SE,ME,LE,ME,ME,ME,SE,SE,ME,LC,C,C,LC,LC,LC,LC,PC,C,LC,LC,LC,LC,C,LC,LC,C,LC,C,LC,LC,PC,LC,PC,NC,LC,C,PC,PC,C,LC,LC,C,LC,LC,C,LC,LC,C,LC,2,2,2,1,0,1,1,1,2,2,1,2,3,3,2,2,2,2,1,3,2,2,2,2.0,3,2,2,3.0,2,3,2,2,1,2,1,0.0,2,3,1,1,3,2,2,3,2,2,3,2,2,3,2,7,1
CYM,Cayman Islands,2013,MER+FUR(s),2021-10,CFATF,ME,ME,LE,LE,ME,LE,LE,ME,LE,ME,ME,LC,C,C,LC,C,LC,LC,LC,C,LC,C,C,C,LC,LC,LC,LC,C,C,C,C,C,C,LC,LC,C,C,C,LC,LC,LC,C,C,C,C,LC,C,LC,C,LC,1,1,0,0,1,0,0,1,0,1,1,2,3,3,2,3,2,2,2,3,2,3,3,3.0,2,2,2,2.0,3,3,3,3,3,3,2,2.0,3,3,3,2,2,2,3,3,3,3,2,3,2,3,2,1,1
CAF,Central African Republic,2013,MER,2023-11,GABAC,LE,LE,LE,LE,LE,LE,LE,LE,LE,LE,LE,NC,PC,LC,PC,LC,NC,NC,NC,LC,PC,LC,PC,LC,NC,NC,PC,LC,LC,PC,PC,C,PC,PC,NC,PC,PC,LC,NC,PC,C,C,PC,NC,PC,PC,LC,LC,PC,LC,PC,0,0,0,0,0,0,0,0,0,0,0,0,1,2,1,2,0,0,0,2,1,2,1,2.0,0,0,1,2.0,2,1,1,3,1,1,0,1.0,1,2,0,1,3,3,1,0,1,1,2,2,1,2,1,,
TCD,Chad,2013,MER+FUR(s),2026-03,GABAC,LE,LE,LE,LE,LE,LE,LE,LE,LE,LE,LE,NC,NC,C,PC,LC,PC,PC,NC,PC,LC,LC,LC,LC,LC,NC,PC,LC,PC,PC,C,C,PC,PC,NC,PC,PC,LC,NC,LC,LC,C,PC,NC,PC,PC,LC,LC,PC,C,LC,0,0,0,0,0,0,0,0,0,0,0,0,0,3,1,2,1,1,0,1,2,2,2,2.0,2,0,1,2.0,1,1,3,3,1,1,0,1.0,1,2,0,2,2,3,1,0,1,1,2,2,1,3,2,6,
CHL,Chile,2013,MER,2021-09,GAFILAT,SE,SE,ME,ME,LE,SE,ME,ME,ME,ME,ME,LC,C,LC,LC,PC,PC,PC,PC,C,LC,LC,LC,LC,C,PC,LC,,LC,C,LC,C,PC,PC,PC,LC,LC,C,PC,C,C,C,LC,C,LC,LC,LC,C,C,LC,LC,2,2,1,1,0,2,1,1,1,1,1,2,3,2,2,1,1,1,1,3,2,2,2,2.0,3,1,2,,2,3,2,3,1,1,1,2.0,2,3,1,3,3,3,2,3,2,2,2,3,3,2,2,,
CHN,China (People’s Republic of),2013,MER+FUR(s),2022-11,FATF,SE,ME,ME,LE,LE,ME,ME,SE,SE,LE,LE,LC,C,LC,C,LC,PC,PC,LC,C,LC,C,PC,LC,LC,LC,LC,LC,C,C,LC,LC,NC,NC,PC,NC,LC,LC,NC,LC,C,C,LC,LC,LC,PC,LC,LC,C,LC,LC,2,1,1,0,0,1,1,2,2,0,0,2,3,2,3,2,1,1,2,3,2,3,1,2.0,2,2,2,2.0,3,3,2,2,0,0,1,0.0,2,2,0,2,3,3,2,2,2,1,2,2,3,2,2,2,
TWN,Chinese Taipei,2013,MER,2019-10,APG,SE,SE,ME,ME,ME,SE,ME,SE,SE,SE,SE,LC,LC,LC,LC,LC,LC,LC,LC,C,LC,LC,C,C,C,C,C,C,LC,C,LC,LC,PC,LC,LC,PC,LC,LC,PC,LC,C,LC,LC,LC,C,PC,LC,LC,LC,LC,LC,2,2,1,1,1,2,1,2,2,2,2,2,2,2,2,2,2,2,2,3,2,2,3,3.0,3,3,3,3.0,2,3,2,2,1,2,2,1.0,2,2,1,2,3,2,2,2,3,1,2,2,2,2,2,,
COL,Colombia,2013,MER+FUR(s),2023-01,GAFILAT,SE,SE,ME,ME,ME,SE,LE,SE,LE,ME,LE,LC,LC,LC,C,LC,PC,NC,PC,C,LC,C,LC,C,C,PC,C,,C,C,LC,C,PC,PC,PC,LC,LC,LC,PC,LC,C,C,LC,C,C,PC,LC,LC,C,LC,LC,2,2,1,1,1,2,0,2,0,1,0,2,2,2,3,2,1,0,1,3,2,3,2,3.0,3,1,3,,3,3,2,3,1,1,1,2.0,2,2,1,2,3,3,2,3,3,1,2,2,3,2,2,2,
COM,Comoros,2013,MER,2024-05,GIABA,LE,LE,LE,LE,LE,LE,LE,LE,LE,LE,LE,PC,PC,C,LC,C,PC,PC,NC,C,PC,C,C,C,LC,NC,LC,PC,C,LC,C,C,PC,LC,PC,LC,PC,LC,NC,PC,C,C,LC,LC,PC,PC,LC,LC,PC,LC,PC,0,0,0,0,0,0,0,0,0,0,0,1,1,3,2,3,1,1,0,3,1,3,3,3.0,2,0,2,1.0,3,2,3,3,1,2,1,2.0,1,2,0,1,3,3,2,2,1,1,2,2,1,2,1,,
COG,Congo,2013,MER+FUR(s),2026-03,GABAC,LE,LE,LE,LE,LE,LE,LE,LE,LE,LE,LE,PC,LC,PC,PC,LC,PC,PC,NC,LC,LC,LC,LC,LC,PC,NC,PC,LC,LC,PC,C,C,PC,PC,PC,PC,PC,LC,NC,LC,PC,C,LC,NC,PC,PC,PC,PC,PC,LC,LC,0,0,0,0,0,0,0,0,0,0,0,1,2,1,1,2,1,1,0,2,2,2,2,2.0,1,0,1,2.0,2,1,3,3,1,1,1,1.0,1,2,0,2,1,3,2,0,1,1,1,1,1,2,2,5,
COK,Cook Islands,2013,MER,2018-09,APG,SE,SE,SE,ME,SE,ME,LE,LE,ME,SE,ME,LC,C,LC,LC,LC,LC,PC,LC,C,LC,LC,LC,LC,C,LC,LC,LC,LC,LC,LC,C,LC,LC,LC,LC,LC,LC,LC,LC,LC,LC,LC,LC,LC,PC,LC,LC,LC,C,LC,2,2,2,1,2,1,0,0,1,2,1,2,3,2,2,2,2,1,2,3,2,2,2,2.0,3,2,2,2.0,2,2,2,3,2,2,2,2.0,2,2,2,2,2,2,2,2,2,1,2,2,2,3,2,,
CRI,Costa Rica,2013,MER+FUR(s),2024-02,GAFILAT,ME,SE,ME,ME,LE,ME,ME,ME,ME,LE,LE,LC,C,C,LC,C,LC,C,PC,C,LC,C,LC,LC,C,NC,LC,C,LC,C,C,C,LC,LC,LC,LC,LC,LC,LC,C,LC,LC,C,LC,LC,PC,C,C,LC,C,C,1,2,1,1,0,1,1,1,1,0,0,2,3,3,2,3,2,3,1,3,2,3,2,2.0,3,0,2,3.0,2,3,3,3,2,2,2,2.0,2,2,2,3,2,2,3,2,2,1,3,3,2,3,3,3,1
HRV,Croatia,2013,MER+FUR(s),2025-12,MONEYVAL,ME,SE,ME,ME,ME,ME,LE,ME,ME,LE,ME,LC,LC,LC,LC,LC,C,C,LC,C,LC,LC,LC,C,LC,LC,LC,LC,PC,LC,LC,LC,LC,LC,PC,LC,LC,LC,LC,C,C,LC,LC,LC,C,LC,LC,LC,PC,LC,LC,1,2,1,1,1,1,0,1,1,0,1,2,2,2,2,2,3,3,2,3,2,2,2,3.0,2,2,2,2.0,1,2,2,2,2,2,1,2.0,2,2,2,3,3,2,2,2,3,2,2,2,1,2,2,1,
CUB,Cuba,2013,MER+FUR(s),2024-02,GAFILAT,ME,ME,SE,ME,SE,ME,ME,SE,SE,SE,ME,LC,C,LC,LC,C,C,C,PC,C,LC,C,C,C,C,LC,C,C,C,C,C,C,LC,LC,LC,C,LC,LC,C,LC,LC,C,C,LC,LC,LC,LC,LC,LC,LC,LC,1,1,2,1,2,1,1,2,2,2,1,2,3,2,2,3,3,3,1,3,2,3,3,3.0,3,2,3,3.0,3,3,3,3,2,2,2,3.0,2,2,3,2,2,3,3,2,2,2,2,2,2,2,2,2,1
CUW,Curaçao,2013,MER,2025-07,CFATF,ME,SE,LE,ME,LE,ME,ME,ME,ME,LE,LE,PC,LC,LC,C,LC,PC,PC,NC,LC,LC,C,C,C,LC,PC,PC,LC,LC,C,C,LC,LC,LC,PC,PC,LC,LC,PC,LC,C,C,LC,LC,C,PC,C,LC,LC,LC,LC,1,2,0,1,0,1,1,1,1,0,0,1,2,2,3,2,1,1,0,2,2,3,3,3.0,2,1,1,2.0,2,3,3,2,2,2,1,1.0,2,2,1,2,3,3,2,2,3,1,3,2,2,2,2,,
CYP,Cyprus,2013,MER+FUR(s),2025-06,MONEYVAL,SE,SE,ME,ME,ME,ME,ME,ME,SE,ME,ME,LC,LC,C,C,LC,LC,LC,PC,C,LC,C,LC,LC,C,LC,LC,C,LC,LC,C,C,LC,LC,LC,LC,LC,C,LC,C,LC,PC,LC,C,LC,C,C,LC,C,C,C,2,2,1,1,1,1,1,1,2,1,1,2,2,3,3,2,2,2,1,3,2,3,2,2.0,3,2,2,3.0,2,2,3,3,2,2,2,2.0,2,3,2,3,2,1,2,3,2,3,3,2,3,3,3,1,1
CZE,Czechia,2013,MER+FUR(s),2022-12,MONEYVAL,ME,SE,ME,ME,ME,ME,ME,SE,SE,ME,ME,LC,LC,LC,C,LC,PC,PC,LC,C,LC,LC,LC,C,C,PC,LC,LC,LC,LC,LC,C,LC,LC,LC,LC,LC,LC,LC,LC,LC,C,PC,PC,LC,LC,LC,LC,LC,LC,LC,1,2,1,1,1,1,1,2,2,1,1,2,2,2,3,2,1,1,2,3,2,2,2,3.0,3,1,2,2.0,2,2,2,3,2,2,2,2.0,2,2,2,2,2,3,1,1,2,2,2,2,2,2,2,6,1
CIV,Côte d’Ivoire,2013,MER+FUR(s),2025-05,IMF/GIABA,ME,LE,LE,LE,LE,LE,ME,ME,LE,LE,LE,LC,LC,LC,C,C,LC,LC,LC,LC,LC,C,LC,LC,PC,NC,LC,NC,C,LC,C,LC,LC,LC,LC,LC,LC,LC,NC,LC,C,LC,PC,PC,LC,PC,PC,LC,PC,LC,PC,1,0,0,0,0,0,1,1,0,0,0,2,2,2,3,3,2,2,2,2,2,3,2,2.0,1,0,2,0.0,3,2,3,2,2,2,2,2.0,2,2,0,2,3,2,1,1,2,1,1,2,1,2,1,12,
COD,Democratic Republic of the Congo,2013,MER+FUR(s),2026-03,GABAC,LE,LE,LE,LE,LE,LE,LE,LE,LE,LE,LE,PC,C,C,LC,LC,C,LC,NC,C,LC,LC,C,C,C,PC,NC,NC,LC,NC,C,LC,PC,PC,NC,NC,PC,PC,LC,C,C,LC,PC,NC,PC,LC,C,PC,PC,LC,PC,0,0,0,0,0,0,0,0,0,0,0,1,3,3,2,2,3,2,0,3,2,2,3,3.0,3,1,0,0.0,2,0,3,2,1,1,0,0.0,1,1,2,3,3,2,1,0,1,2,3,1,1,2,1,6,
DNK,Denmark,2013,MER+FUR(s),2021-02,FATF,ME,SE,LE,LE,ME,ME,ME,ME,SE,ME,SE,LC,LC,LC,LC,C,LC,LC,LC,LC,LC,LC,C,PC,LC,PC,LC,LC,LC,LC,C,C,LC,LC,LC,LC,LC,LC,LC,LC,C,LC,LC,LC,C,LC,LC,LC,LC,LC,LC,1,2,0,0,1,1,1,1,2,1,2,2,2,2,2,3,2,2,2,2,2,2,3,1.0,2,1,2,2.0,2,2,3,3,2,2,2,2.0,2,2,2,2,3,2,2,2,3,2,2,2,2,2,2,5,1
DJI,Djibouti,2013,MER,2024-11,MENAFATF,LE,ME,LE,LE,LE,LE,LE,LE,LE,LE,LE,PC,PC,LC,LC,PC,LC,PC,PC,C,PC,LC,LC,C,C,NC,LC,,LC,PC,C,C,PC,PC,PC,PC,PC,LC,PC,LC,C,C,C,PC,PC,PC,PC,PC,PC,LC,PC,0,1,0,0,0,0,0,0,0,0,0,1,1,2,2,1,2,1,1,3,1,2,2,3.0,3,0,2,,2,1,3,3,1,1,1,1.0,1,2,1,2,3,3,3,1,1,1,1,1,1,2,1,,
DMA,Dominica,2013,MER+FUR(s),2026-05,CFATF,ME,SE,ME,ME,ME,SE,LE,ME,ME,LE,LE,LC,LC,C,C,C,C,NC,PC,C,LC,C,LC,C,LC,PC,LC,C,C,LC,C,C,C,LC,PC,LC,LC,LC,LC,C,C,LC,C,LC,C,LC,C,LC,C,LC,LC,1,2,1,1,1,2,0,1,1,0,0,2,2,3,3,3,3,0,1,3,2,3,2,3.0,2,1,2,3.0,3,2,3,3,3,2,1,2.0,2,2,2,3,3,2,3,2,3,2,3,2,3,2,2,3,
DOM,Dominican Republic,2013,MER+FUR(s),2019-09,GAFILAT,ME,SE,LE,ME,ME,ME,ME,ME,SE,ME,ME,LC,C,C,C,C,LC,LC,PC,C,LC,LC,LC,C,PC,C,LC,LC,LC,PC,C,LC,LC,C,LC,LC,PC,C,LC,C,LC,LC,PC,C,LC,C,C,LC,LC,PC,LC,1,2,0,1,1,1,1,1,2,1,1,2,3,3,3,3,2,2,1,3,2,2,2,3.0,1,3,2,2.0,2,1,3,2,2,3,2,2.0,1,3,2,3,2,2,1,3,2,3,3,2,2,1,2,1,
ECU,Ecuador,2013,MER,2023-01,GAFILAT,ME,SE,ME,ME,ME,ME,ME,ME,ME,ME,ME,LC,LC,C,C,LC,PC,PC,LC,LC,LC,PC,LC,PC,LC,PC,LC,NC,PC,LC,C,PC,PC,LC,LC,LC,LC,C,PC,C,C,C,PC,C,C,PC,C,LC,LC,LC,LC,1,2,1,1,1,1,1,1,1,1,1,2,2,3,3,2,1,1,2,2,2,1,2,1.0,2,1,2,0.0,1,2,3,1,1,2,2,2.0,2,3,1,3,3,3,1,3,3,1,3,2,2,2,2,,
EGY,Egypt,2013,MER+FUR(s),2025-05,MENAFATF,SE,SE,ME,ME,ME,SE,LE,ME,SE,ME,ME,LC,C,LC,LC,LC,LC,LC,LC,C,LC,LC,C,C,C,LC,LC,C,C,C,LC,LC,LC,C,PC,LC,LC,C,PC,C,LC,LC,LC,LC,LC,LC,PC,LC,LC,LC,LC,2,2,1,1,1,2,0,1,2,1,1,2,3,2,2,2,2,2,2,3,2,2,3,3.0,3,2,2,3.0,3,3,2,2,2,3,1,2.0,2,3,1,3,2,2,2,2,2,2,1,2,2,2,2,1,
SLV,El Salvador,2013,MER,2024-08,GAFILAT,ME,SE,LE,ME,ME,ME,ME,ME,ME,ME,ME,LC,C,LC,LC,LC,LC,PC,PC,LC,LC,C,LC,LC,C,PC,PC,,LC,C,C,LC,LC,LC,PC,LC,LC,LC,NC,LC,LC,LC,LC,LC,C,PC,LC,LC,PC,LC,LC,1,2,0,1,1,1,1,1,1,1,1,2,3,2,2,2,2,1,1,2,2,3,2,2.0,3,1,1,,2,3,3,2,2,2,1,2.0,2,2,0,2,2,2,2,2,3,1,2,2,1,2,2,,
GNQ,Equatorial Guinea,2013,MER,2024-11,GABAC,LE,LE,LE,LE,LE,LE,LE,LE,LE,LE,LE,PC,PC,C,PC,LC,PC,PC,NC,LC,PC,LC,PC,LC,LC,NC,PC,LC,LC,PC,PC,C,PC,PC,NC,PC,PC,C,NC,PC,C,C,PC,NC,PC,PC,PC,LC,PC,LC,PC,0,0,0,0,0,0,0,0,0,0,0,1,1,3,1,2,1,1,0,2,1,2,1,2.0,2,0,1,2.0,2,1,1,3,1,1,0,1.0,1,3,0,1,3,3,1,0,1,1,1,2,1,2,1,,
ERI,Eritrea,2013,MER,2025-07,ESAAMLG,LE,LE,LE,LE,LE,LE,LE,LE,LE,LE,LE,NC,NC,NC,PC,PC,NC,NC,NC,PC,PC,LC,PC,PC,PC,NC,NC,,LC,NC,NC,LC,NC,NC,NC,,PC,LC,NC,NC,PC,PC,NC,NC,PC,PC,PC,NC,PC,PC,PC,0,0,0,0,0,0,0,0,0,0,0,0,0,0,1,1,0,0,0,1,1,2,1,1.0,1,0,0,,2,0,0,2,0,0,0,,1,2,0,0,1,1,0,0,1,1,1,0,1,1,1,,
EST,Estonia,2013,MER+FUR(s),2025-12,MONEYVAL,ME,SE,ME,ME,ME,SE,ME,ME,ME,ME,SE,PC,C,LC,C,LC,LC,LC,PC,C,LC,C,LC,PC,LC,LC,C,LC,LC,PC,PC,PC,LC,PC,PC,PC,LC,LC,PC,LC,C,C,LC,PC,LC,PC,LC,LC,LC,LC,LC,1,2,1,1,1,2,1,1,1,1,2,1,3,2,3,2,2,2,1,3,2,3,2,1.0,2,2,3,2.0,2,1,1,1,2,1,1,1.0,2,2,1,2,3,3,2,1,2,1,2,2,2,2,2,2,
SWZ,Eswatini,2013,MER,2022-08,ESAAMLG,LE,LE,LE,LE,LE,LE,LE,LE,LE,LE,LE,PC,PC,LC,LC,PC,NC,NC,NC,LC,PC,LC,PC,LC,PC,NC,NC,PC,PC,NC,C,LC,PC,PC,NC,PC,PC,C,PC,LC,C,LC,PC,PC,PC,LC,LC,PC,LC,PC,PC,0,0,0,0,0,0,0,0,0,0,0,1,1,2,2,1,0,0,0,2,1,2,1,2.0,1,0,0,1.0,1,0,3,2,1,1,0,1.0,1,3,1,2,3,2,1,1,1,2,2,1,2,1,1,,
ETH,Ethiopia,2013,MER+FUR(s),2022-08,ESAAMLG,LE,ME,LE,LE,ME,LE,LE,LE,LE,LE,LE,C,LC,LC,LC,LC,LC,LC,LC,C,LC,C,C,C,C,PC,C,C,LC,LC,C,LC,LC,LC,LC,,LC,C,LC,LC,LC,LC,PC,LC,LC,LC,C,LC,LC,LC,PC,0,1,0,0,1,0,0,0,0,0,0,3,2,2,2,2,2,2,2,3,2,3,3,3.0,3,1,3,3.0,2,2,3,2,2,2,2,,2,3,2,2,2,2,1,2,2,2,3,2,2,2,1,1,1
FJI,Fiji,2013,MER+FUR(s),2023-05,APG,ME,ME,ME,ME,LE,ME,ME,LE,LE,LE,LE,LC,LC,LC,C,C,PC,PC,PC,C,LC,C,C,C,C,PC,LC,LC,LC,C,LC,LC,LC,LC,PC,PC,LC,LC,LC,C,C,LC,LC,C,LC,LC,LC,LC,C,C,LC,1,1,1,1,0,1,1,0,0,0,0,2,2,2,3,3,1,1,1,3,2,3,3,3.0,3,1,2,2.0,2,3,2,2,2,2,1,1.0,2,2,2,3,3,2,2,3,2,2,2,2,3,3,2,1,1
FIN,Finland,2013,MER+FUR(s),2023-10,FATF,SE,HE,LE,ME,ME,SE,SE,ME,ME,ME,ME,LC,LC,LC,LC,LC,LC,LC,PC,C,LC,C,LC,LC,C,PC,C,LC,LC,LC,C,C,LC,LC,LC,LC,LC,LC,PC,C,C,LC,LC,LC,C,LC,LC,LC,LC,LC,LC,2,3,0,1,1,2,2,1,1,1,1,2,2,2,2,2,2,2,1,3,2,3,2,2.0,3,1,3,2.0,2,2,3,3,2,2,2,2.0,2,2,1,3,3,2,2,2,3,2,2,2,2,2,2,4,1
FRA,France,2013,MER,2022-05,FATF,SE,HE,ME,ME,SE,SE,SE,HE,HE,SE,SE,LC,C,C,C,C,LC,C,PC,C,LC,C,PC,PC,C,LC,LC,C,LC,LC,LC,C,LC,LC,LC,LC,LC,C,LC,LC,C,C,LC,LC,C,C,C,C,C,C,LC,2,3,1,1,2,2,2,3,3,2,2,2,3,3,3,3,2,3,1,3,2,3,1,1.0,3,2,2,3.0,2,2,2,3,2,2,2,2.0,2,3,2,2,3,3,2,2,3,3,3,3,3,3,2,,
GAB,Gabon,2013,MER+FUR(s),2026-03,GABAC,LE,LE,LE,LE,LE,LE,LE,LE,LE,LE,LE,PC,PC,LC,PC,LC,PC,PC,NC,LC,LC,LC,PC,LC,PC,NC,PC,LC,LC,PC,C,C,PC,PC,NC,NC,LC,LC,NC,PC,C,C,PC,NC,PC,PC,LC,LC,PC,LC,LC,0,0,0,0,0,0,0,0,0,0,0,1,1,2,1,2,1,1,0,2,2,2,1,2.0,1,0,1,2.0,2,1,3,3,1,1,0,0.0,2,2,0,1,3,3,1,0,1,1,2,2,1,2,2,7,
GMB,Gambia,2013,MER,2022-10,GIABA,LE,LE,LE,LE,LE,LE,LE,ME,LE,LE,LE,PC,LC,PC,LC,PC,NC,NC,PC,C,PC,C,PC,PC,PC,NC,NC,PC,LC,PC,C,C,PC,LC,PC,PC,LC,LC,PC,LC,LC,LC,LC,LC,PC,PC,LC,LC,PC,LC,LC,0,0,0,0,0,0,0,1,0,0,0,1,2,1,2,1,0,0,1,3,1,3,1,1.0,1,0,0,1.0,2,1,3,3,1,2,1,1.0,2,2,1,2,2,2,2,2,1,1,2,2,1,2,2,,
GEO,Georgia,2013,MER+FUR(s),2025-12,MONEYVAL,ME,SE,ME,ME,ME,ME,ME,ME,SE,LE,ME,LC,LC,C,LC,LC,PC,PC,NC,C,LC,LC,C,C,LC,LC,LC,LC,LC,LC,LC,C,PC,PC,PC,PC,LC,LC,PC,LC,C,LC,LC,LC,LC,PC,LC,LC,LC,C,LC,1,2,1,1,1,1,1,1,2,0,1,2,2,3,2,2,1,1,0,3,2,2,3,3.0,2,2,2,2.0,2,2,2,3,1,1,1,1.0,2,2,1,2,3,2,2,2,2,1,2,2,2,3,2,2,
DEU,Germany,2013,MER+FUR(s),2023-12,FATF,SE,SE,ME,ME,ME,ME,ME,SE,SE,ME,ME,LC,LC,C,C,LC,LC,LC,LC,C,LC,C,LC,PC,LC,LC,C,LC,LC,C,C,C,LC,C,PC,LC,LC,C,LC,C,C,C,C,PC,LC,LC,LC,C,C,C,LC,2,2,1,1,1,1,1,2,2,1,1,2,2,3,3,2,2,2,2,3,2,3,2,1.0,2,2,3,2.0,2,3,3,3,2,3,1,2.0,2,3,2,3,3,3,3,1,2,2,2,3,3,3,2,2,
GHA,Ghana,2013,MER+FUR(s),2022-08,GIABA,ME,SE,ME,LE,LE,ME,ME,LE,LE,LE,LE,LC,LC,C,LC,LC,LC,LC,PC,C,LC,C,C,C,C,PC,LC,LC,LC,C,C,LC,LC,LC,LC,PC,LC,LC,PC,C,C,C,LC,LC,LC,C,C,LC,LC,PC,LC,1,2,1,0,0,1,1,0,0,0,0,2,2,3,2,2,2,2,1,3,2,3,3,3.0,3,1,2,2.0,2,3,3,2,2,2,2,1.0,2,2,1,3,3,3,2,2,2,3,3,2,2,1,2,3,2
GIB,Gibraltar,2013,MER+FUR(s),2024-05,MONEYVAL,ME,SE,ME,ME,ME,LE,LE,LE,ME,ME,ME,C,LC,C,LC,C,LC,LC,LC,C,LC,C,C,C,LC,LC,C,LC,LC,LC,C,C,C,LC,LC,C,C,C,C,C,C,LC,LC,C,C,LC,LC,C,C,C,LC,1,2,1,1,1,0,0,0,1,1,1,3,2,3,2,3,2,2,2,3,2,3,3,3.0,2,2,3,2.0,2,2,3,3,3,2,2,3.0,3,3,3,3,3,2,2,3,3,2,2,3,3,3,2,1,1
GRC,Greece,2013,MER,2019-09,FATF,SE,SE,ME,ME,ME,SE,ME,ME,SE,ME,SE,LC,LC,C,LC,LC,LC,LC,PC,C,C,C,C,PC,C,LC,LC,LC,C,LC,C,C,LC,LC,LC,LC,LC,C,LC,C,C,C,PC,LC,LC,LC,LC,LC,C,C,LC,2,2,1,1,1,2,1,1,2,1,2,2,2,3,2,2,2,2,1,3,3,3,3,1.0,3,2,2,2.0,3,2,3,3,2,2,2,2.0,2,3,2,3,3,3,1,2,2,2,2,2,3,3,2,,
GRD,Grenada,2013,MER+FUR(s),2026-05,CFATF,ME,LE,ME,LE,LE,ME,ME,ME,LE,LE,LE,LC,LC,C,LC,LC,PC,NC,LC,C,LC,C,C,LC,PC,NC,LC,LC,C,LC,C,C,PC,LC,PC,PC,PC,C,PC,LC,LC,LC,LC,C,C,LC,LC,LC,C,C,LC,1,0,1,0,0,1,1,1,0,0,0,2,2,3,2,2,1,0,2,3,2,3,3,2.0,1,0,2,2.0,3,2,3,3,1,2,1,1.0,1,3,1,2,2,2,2,3,3,2,2,2,3,3,2,11,
GTM,Guatemala,2013,MER+FUR(s),2018-10,GAFILAT,ME,SE,ME,ME,ME,SE,SE,SE,ME,ME,ME,LC,C,LC,LC,PC,PC,PC,LC,C,LC,C,LC,C,PC,C,LC,PC,C,C,LC,C,PC,PC,LC,LC,C,LC,PC,C,C,C,C,C,C,PC,C,LC,LC,LC,LC,1,2,1,1,1,2,2,2,1,1,1,2,3,2,2,1,1,1,2,3,2,3,2,3.0,1,3,2,1.0,3,3,2,3,1,1,2,2.0,3,2,1,3,3,3,3,3,3,1,3,2,2,2,2,2,
GIN,Guinea,2013,MER,2024-01,GIABA,LE,LE,LE,LE,LE,LE,LE,LE,LE,LE,LE,PC,PC,C,C,C,PC,PC,NC,C,LC,C,PC,C,PC,PC,LC,LC,LC,PC,C,C,LC,LC,PC,PC,LC,C,PC,LC,C,C,LC,PC,PC,LC,C,LC,LC,LC,LC,0,0,0,0,0,0,0,0,0,0,0,1,1,3,3,3,1,1,0,3,2,3,1,3.0,1,1,2,2.0,2,1,3,3,2,2,1,1.0,2,3,1,2,3,3,2,1,1,2,3,2,2,2,2,,
GNB,Guinea-Bissau,2013,MER,2022-05,GIABA,LE,LE,LE,LE,LE,LE,LE,LE,LE,LE,LE,PC,PC,PC,LC,PC,PC,PC,NC,C,PC,LC,PC,LC,PC,NC,PC,LC,LC,PC,PC,C,PC,PC,PC,PC,PC,C,NC,LC,C,C,PC,PC,PC,LC,LC,PC,LC,LC,LC,0,0,0,0,0,0,0,0,0,0,0,1,1,1,2,1,1,1,0,3,1,2,1,2.0,1,0,1,2.0,2,1,1,3,1,1,1,1.0,1,3,0,2,3,3,1,1,1,2,2,1,2,2,2,,
GUY,Guyana,2013,MER,2024-07,CFATF,SE,ME,ME,ME,ME,SE,ME,ME,ME,ME,ME,LC,C,C,C,C,LC,PC,PC,LC,LC,LC,C,LC,C,PC,LC,C,LC,C,C,C,LC,LC,PC,PC,LC,LC,LC,C,C,LC,C,C,C,LC,LC,LC,C,C,C,2,1,1,1,1,2,1,1,1,1,1,2,3,3,3,3,2,1,1,2,2,2,3,2.0,3,1,2,3.0,2,3,3,3,2,2,1,1.0,2,2,2,3,3,2,3,3,3,2,2,2,3,3,3,,
HTI,Haiti,2013,MER+FUR(s),2024-07,CFATF,LE,LE,LE,LE,LE,LE,LE,LE,LE,LE,LE,PC,PC,LC,LC,LC,NC,NC,NC,LC,LC,LC,LC,C,PC,PC,LC,PC,LC,PC,LC,LC,LC,PC,NC,NC,NC,LC,NC,LC,LC,C,PC,C,PC,PC,LC,PC,LC,PC,NC,0,0,0,0,0,0,0,0,0,0,0,1,1,2,2,2,0,0,0,2,2,2,2,3.0,1,1,2,1.0,2,1,2,2,2,1,0,0.0,0,2,0,2,2,3,1,3,1,1,2,1,2,1,0,23,
VAT,Holy See,2013,MER+FUR(s),2024-05,MONEYVAL,ME,SE,SE,SE,SE,ME,ME,ME,SE,ME,ME,LC,LC,LC,LC,LC,PC,PC,PC,C,LC,LC,LC,C,LC,LC,LC,,LC,LC,C,LC,LC,LC,LC,LC,LC,PC,LC,LC,LC,LC,LC,C,LC,LC,C,LC,LC,LC,LC,1,2,2,2,2,1,1,1,2,1,1,2,2,2,2,2,1,1,1,3,2,2,2,3.0,2,2,2,,2,2,3,2,2,2,2,2.0,2,1,2,2,2,2,2,3,2,2,3,2,2,2,2,3,
HND,Honduras,2013,MER+FUR(s),2020-01,GAFILAT,ME,SE,ME,ME,LE,ME,ME,HE,SE,ME,LE,PC,LC,C,C,LC,LC,PC,NC,C,C,C,LC,C,C,C,PC,LC,LC,C,C,C,LC,C,NC,LC,LC,C,PC,C,C,C,C,PC,C,PC,LC,LC,LC,LC,LC,1,2,1,1,0,1,1,3,2,1,0,1,2,3,3,2,2,1,0,3,3,3,2,3.0,3,3,1,2.0,2,3,3,3,2,3,0,2.0,2,3,1,3,3,3,3,1,3,1,2,2,2,2,2,6,1
HKG,Hong Kong (China),2013,MER+FUR(s),2023-02,FATF,SE,SE,ME,ME,ME,SE,ME,SE,SE,SE,ME,LC,LC,LC,LC,LC,C,C,C,C,LC,LC,PC,C,LC,PC,LC,LC,LC,LC,LC,C,PC,LC,LC,PC,LC,LC,LC,C,C,C,C,C,LC,LC,LC,LC,LC,LC,LC,2,2,1,1,1,2,1,2,2,2,1,2,2,2,2,2,3,3,3,3,2,2,1,3.0,2,1,2,2.0,2,2,2,3,1,2,2,1.0,2,2,2,3,3,3,3,3,2,2,2,2,2,2,2,1,1
HUN,Hungary,2013,MER+FUR(s),2024-05,MONEYVAL,LE,SE,ME,ME,LE,SE,LE,LE,ME,ME,ME,LC,LC,LC,C,LC,LC,LC,PC,C,LC,LC,LC,LC,LC,LC,LC,LC,LC,LC,C,LC,LC,LC,LC,LC,LC,LC,LC,C,C,LC,PC,LC,LC,LC,LC,LC,LC,LC,LC,0,2,1,1,0,2,0,0,1,1,1,2,2,2,3,2,2,2,1,3,2,2,2,2.0,2,2,2,2.0,2,2,3,2,2,2,2,2.0,2,2,2,3,3,2,1,2,2,2,2,2,2,2,2,1,1
ISL,Iceland,2013,MER+FUR(s),2021-09,FATF,LE,SE,LE,LE,LE,ME,ME,ME,ME,LE,LE,C,C,C,LC,LC,C,C,LC,C,C,C,C,PC,LC,PC,C,C,LC,C,C,C,C,LC,LC,C,LC,C,C,LC,C,C,C,LC,C,LC,LC,LC,LC,LC,LC,0,2,0,0,0,1,1,1,1,0,0,3,3,3,2,2,3,3,2,3,3,3,3,1.0,2,1,3,3.0,2,3,3,3,3,2,2,3.0,2,3,3,2,3,3,3,2,3,2,2,2,2,2,2,1,
IND,India,2013,MER,2024-09,FATF/APG/EAG,SE,SE,ME,ME,SE,SE,ME,SE,ME,ME,SE,LC,C,LC,LC,LC,LC,LC,PC,C,LC,C,PC,C,LC,LC,C,LC,LC,LC,LC,C,LC,LC,LC,LC,LC,C,PC,C,LC,LC,LC,C,LC,LC,C,LC,LC,C,LC,2,2,1,1,2,2,1,2,1,1,2,2,3,2,2,2,2,2,1,3,2,3,1,3.0,2,2,3,2.0,2,2,2,3,2,2,2,2.0,2,3,1,3,2,2,2,3,2,2,3,2,2,3,2,,
IDN,Indonesia,2013,MER+FUR(s),2026-06,FATF,SE,SE,ME,ME,ME,SE,ME,ME,SE,ME,ME,LC,LC,C,LC,LC,C,LC,PC,LC,LC,LC,LC,LC,C,LC,LC,LC,C,LC,C,LC,LC,LC,LC,PC,LC,LC,PC,C,C,LC,LC,LC,LC,LC,LC,LC,LC,LC,LC,2,2,1,1,1,2,1,1,2,1,1,2,2,3,2,2,3,2,1,2,2,2,2,2.0,3,2,2,2.0,3,2,3,2,2,2,2,1.0,2,2,1,3,3,2,2,2,2,2,2,2,2,2,2,1,
IRQ,Iraq,2013,MER,2024-05,MENAFATF,ME,SE,ME,ME,ME,ME,LE,SE,ME,ME,LE,LC,LC,LC,LC,PC,LC,LC,PC,C,C,C,C,C,PC,NC,C,C,C,LC,C,LC,C,PC,PC,PC,PC,C,PC,LC,C,LC,LC,C,LC,PC,PC,LC,C,PC,PC,1,2,1,1,1,1,0,2,1,1,0,2,2,2,2,1,2,2,1,3,3,3,3,3.0,1,0,3,3.0,3,2,3,2,3,1,1,1.0,1,3,1,2,3,2,2,3,2,1,1,2,3,1,1,,
IRL,Ireland,2013,MER+FUR(s),2022-02,FATF,SE,SE,SE,ME,ME,SE,ME,ME,ME,ME,SE,LC,C,C,C,LC,PC,PC,PC,C,LC,LC,C,PC,LC,LC,C,LC,LC,LC,C,C,LC,LC,LC,LC,C,C,LC,C,C,C,PC,PC,C,LC,C,C,LC,C,LC,2,2,2,1,1,2,1,1,1,1,2,2,3,3,3,2,1,1,1,3,2,2,3,1.0,2,2,3,2.0,2,2,3,3,2,2,2,2.0,3,3,2,3,3,3,1,1,3,2,3,3,2,3,2,1,
IMN,Isle of Man,2013,MER+FUR(s),2022-12,MONEYVAL,SE,SE,ME,ME,ME,LE,LE,LE,ME,ME,ME,LC,C,C,LC,C,C,LC,LC,C,LC,C,C,C,LC,LC,C,C,LC,C,C,LC,LC,PC,LC,C,LC,LC,LC,C,C,C,C,C,LC,LC,LC,LC,LC,C,LC,2,2,1,1,1,0,0,0,1,1,1,2,3,3,2,3,3,2,2,3,2,3,3,3.0,2,2,3,3.0,2,3,3,2,2,1,2,3.0,2,2,2,3,3,3,3,3,2,2,2,2,2,3,2,4,1
ISR,Israel,2013,MER+FUR(s),2022-05,FATF/MONEYVAL,SE,SE,ME,ME,SE,HE,SE,HE,HE,SE,ME,LC,C,LC,LC,C,LC,LC,LC,C,LC,LC,LC,C,C,LC,LC,,PC,LC,C,C,PC,PC,LC,LC,LC,C,PC,C,C,C,C,C,C,LC,C,LC,LC,C,LC,2,2,1,1,2,3,2,3,3,2,1,2,3,2,2,3,2,2,2,3,2,2,2,3.0,3,2,2,,1,2,3,3,1,1,2,2.0,2,3,1,3,3,3,3,3,3,2,3,2,2,3,2,1,1
ITA,Italy,2022,MER,2026-04,FATF,SE,SE,SE,ME,ME,SE,SE,SE,SE,ME,SE,LC,C,LC,LC,C,LC,LC,PC,C,LC,C,PC,PC,C,LC,LC,LC,LC,LC,C,C,LC,LC,PC,LC,C,C,C,C,C,C,C,C,LC,C,C,LC,LC,C,LC,2,2,2,1,1,2,2,2,2,1,2,2,3,2,2,3,2,2,1,3,2,3,1,1.0,3,2,2,2.0,2,2,3,3,2,2,1,2.0,3,3,3,3,3,3,3,3,2,3,3,2,2,3,2,8,
JAM,Jamaica,2013,MER+FUR(s),2024-01,CFATF,ME,ME,ME,LE,LE,ME,LE,SE,LE,LE,LE,LC,LC,LC,LC,LC,LC,PC,PC,C,LC,LC,C,C,LC,PC,LC,LC,LC,C,C,C,LC,LC,C,C,LC,LC,LC,LC,LC,LC,LC,C,LC,LC,LC,C,LC,C,LC,1,1,1,0,0,1,0,2,0,0,0,2,2,2,2,2,2,1,1,3,2,2,3,3.0,2,1,2,2.0,2,3,3,3,2,2,3,3.0,2,2,2,2,2,2,2,3,2,2,2,3,2,3,2,5,1
JPN,Japan,2013,MER+FUR(s),2024-10,FATF/APG,SE,SE,ME,ME,ME,SE,ME,ME,ME,ME,ME,LC,LC,LC,LC,LC,LC,LC,LC,C,LC,LC,LC,LC,LC,LC,LC,,LC,LC,LC,C,LC,LC,LC,LC,LC,LC,LC,C,C,LC,LC,LC,LC,LC,LC,LC,LC,LC,LC,2,2,1,1,1,2,1,1,1,1,1,2,2,2,2,2,2,2,2,3,2,2,2,2.0,2,2,2,,2,2,2,3,2,2,2,2.0,2,2,2,3,3,2,2,2,2,2,2,2,2,2,2,6,
JEY,Jersey,2013,MER,2024-05,MONEYVAL,HE,SE,ME,ME,SE,ME,ME,SE,SE,SE,SE,C,C,LC,C,C,LC,LC,C,C,LC,C,LC,C,LC,LC,LC,LC,PC,C,C,C,LC,LC,LC,LC,LC,C,LC,LC,C,C,C,C,C,C,C,C,C,C,C,3,2,1,1,2,1,1,2,2,2,2,3,3,2,3,3,2,2,3,3,2,3,2,3.0,2,2,2,2.0,1,3,3,3,2,2,2,2.0,2,3,2,2,3,3,3,3,3,3,3,3,3,3,3,,
JOR,Jordan,2013,MER+FUR(s),2025-05,MENAFATF,ME,SE,ME,ME,LE,ME,LE,ME,SE,LE,LE,LC,LC,LC,LC,LC,C,C,LC,C,LC,LC,LC,C,LC,PC,LC,LC,LC,LC,C,LC,NC,NC,LC,LC,LC,LC,LC,LC,C,C,C,LC,C,LC,LC,LC,LC,PC,LC,1,2,1,1,0,1,0,1,2,0,0,2,2,2,2,2,3,3,2,3,2,2,2,3.0,2,1,2,2.0,2,2,3,2,0,0,2,2.0,2,2,2,2,3,3,3,2,3,2,2,2,2,1,2,4,1
KAZ,Kazakhstan,2013,MER,2023-07,EAG,SE,SE,ME,ME,ME,SE,SE,ME,SE,SE,SE,LC,C,LC,LC,LC,PC,PC,LC,LC,LC,LC,LC,LC,LC,PC,LC,LC,LC,LC,C,C,LC,LC,PC,LC,PC,LC,PC,C,C,LC,LC,LC,LC,PC,LC,LC,LC,LC,LC,2,2,1,1,1,2,2,1,2,2,2,2,3,2,2,2,1,1,2,2,2,2,2,2.0,2,1,2,2.0,2,2,3,3,2,2,1,2.0,1,2,1,3,3,2,2,2,2,1,2,2,2,2,2,,
KEN,Kenya,2013,MER+FUR(s),2024-08,ESAAMLG,LE,ME,LE,LE,LE,LE,LE,ME,LE,LE,LE,PC,PC,C,C,C,PC,PC,NC,C,C,C,LC,C,C,NC,LC,C,C,C,C,C,PC,LC,LC,PC,PC,C,PC,C,C,C,LC,LC,PC,PC,C,LC,C,LC,LC,0,1,0,0,0,0,0,1,0,0,0,1,1,3,3,3,1,1,0,3,3,3,2,3.0,3,0,2,3.0,3,3,3,3,1,2,2,1.0,1,3,1,3,3,3,2,2,1,1,3,2,3,2,2,14,
KOR,Korea,2013,MER+FUR(s),2024-10,FATF,SE,SE,ME,ME,ME,SE,ME,SE,SE,ME,ME,LC,LC,LC,C,LC,PC,PC,LC,LC,LC,C,PC,C,C,C,LC,C,LC,LC,C,C,PC,PC,PC,LC,LC,C,PC,C,C,LC,LC,C,LC,LC,LC,LC,C,LC,LC,2,2,1,1,1,2,1,2,2,1,1,2,2,2,3,2,1,1,2,2,2,3,1,3.0,3,3,2,3.0,2,2,3,3,1,1,1,2.0,2,3,1,3,3,2,2,3,2,2,2,2,3,2,2,1,
KWT,Kuwait,2013,MER+FUR(s),2026-05,MENAFATF,ME,ME,ME,ME,LE,ME,ME,ME,LE,LE,LE,LC,LC,LC,LC,LC,LC,LC,LC,C,LC,LC,LC,C,C,PC,LC,PC,PC,PC,C,LC,LC,LC,LC,LC,LC,C,LC,LC,LC,C,C,C,C,LC,LC,LC,C,LC,LC,1,1,1,1,0,1,1,1,0,0,0,2,2,2,2,2,2,2,2,3,2,2,2,3.0,3,1,2,1.0,1,1,3,2,2,2,2,2.0,2,3,2,2,2,3,3,3,3,2,2,2,3,2,2,7,
KGZ,Kyrgyzstan,2013,MER+FUR(s),2023-12,EAG,LE,ME,ME,ME,ME,ME,ME,LE,ME,ME,ME,LC,LC,C,LC,LC,C,C,LC,LC,LC,LC,LC,LC,LC,LC,LC,LC,LC,LC,LC,LC,LC,LC,LC,LC,LC,LC,LC,LC,C,LC,LC,LC,LC,LC,LC,LC,LC,LC,LC,0,1,1,1,1,1,1,0,1,1,1,2,2,3,2,2,3,3,2,2,2,2,2,2.0,2,2,2,2.0,2,2,2,2,2,2,2,2.0,2,2,2,2,3,2,2,2,2,2,2,2,2,2,2,2,1
LAO,Lao People’s Democratic Republic,2013,MER+FUR(s),2025-06,APG,LE,ME,LE,LE,LE,LE,LE,LE,ME,LE,LE,PC,LC,LC,PC,LC,PC,PC,NC,LC,PC,C,NC,LC,PC,NC,PC,,LC,PC,C,LC,PC,NC,NC,NC,PC,LC,NC,LC,LC,LC,LC,PC,NC,PC,PC,LC,C,PC,PC,0,1,0,0,0,0,0,0,1,0,0,1,2,2,1,2,1,1,0,2,1,3,0,2.0,1,0,1,,2,1,3,2,1,0,0,0.0,1,2,0,2,2,2,2,1,0,1,1,2,3,1,1,8,
LVA,Latvia,2022,MER,2026-02,MONEYVAL,HE,SE,SE,ME,HE,HE,SE,HE,SE,SE,HE,C,C,LC,C,LC,LC,LC,LC,C,LC,LC,LC,LC,LC,LC,LC,LC,LC,LC,LC,C,LC,LC,LC,PC,LC,C,LC,C,C,C,C,C,C,LC,LC,LC,C,LC,LC,3,2,2,1,3,3,2,3,2,2,3,3,3,2,3,2,2,2,2,3,2,2,2,2.0,2,2,2,2.0,2,2,2,3,2,2,2,1.0,2,3,2,3,3,3,3,3,3,2,2,2,3,2,2,11,
LBN,Lebanon,2013,MER,2023-12,MENAFATF,ME,ME,ME,ME,ME,ME,LE,LE,ME,ME,ME,LC,LC,PC,LC,LC,LC,LC,LC,LC,C,LC,C,C,LC,PC,C,C,LC,C,LC,C,LC,LC,LC,PC,LC,C,PC,LC,LC,C,LC,LC,LC,LC,LC,LC,PC,PC,LC,1,1,1,1,1,1,0,0,1,1,1,2,2,1,2,2,2,2,2,2,3,2,3,3.0,2,1,3,3.0,2,3,2,3,2,2,2,1.0,2,3,1,2,2,3,2,2,2,2,2,2,1,1,2,,
LSO,Lesotho,2013,MER,2024-02,ESAAMLG,LE,LE,ME,ME,LE,LE,LE,LE,LE,LE,LE,PC,C,PC,PC,C,PC,NC,NC,LC,LC,LC,LC,C,LC,NC,LC,PC,C,NC,PC,LC,LC,PC,PC,NC,PC,C,PC,LC,PC,PC,PC,PC,LC,LC,C,C,PC,LC,PC,0,0,1,1,0,0,0,0,0,0,0,1,3,1,1,3,1,0,0,2,2,2,2,3.0,2,0,2,1.0,3,0,1,2,2,1,1,0.0,1,3,1,2,1,1,1,1,2,2,3,3,1,2,1,,
LBR,Liberia,2013,MER,2023-07,GIABA,ME,LE,LE,LE,LE,LE,LE,LE,LE,LE,LE,LC,LC,PC,PC,PC,PC,NC,NC,LC,PC,C,PC,LC,LC,NC,PC,C,LC,LC,LC,LC,PC,LC,PC,PC,PC,LC,PC,C,PC,PC,LC,PC,PC,PC,LC,PC,LC,LC,PC,1,0,0,0,0,0,0,0,0,0,0,2,2,1,1,1,1,0,0,2,1,3,1,2.0,2,0,1,3.0,2,2,2,2,1,2,1,1.0,1,2,1,3,1,1,2,1,1,1,2,1,2,2,1,,
LIE,Liechtenstein,2013,MER,2022-07,MONEYVAL,SE,SE,ME,ME,ME,SE,ME,SE,SE,ME,ME,LC,C,LC,C,LC,LC,LC,LC,C,LC,LC,LC,LC,C,PC,C,LC,LC,LC,LC,LC,LC,LC,LC,LC,LC,LC,PC,LC,C,C,LC,LC,C,PC,C,LC,C,C,LC,2,2,1,1,1,2,1,2,2,1,1,2,3,2,3,2,2,2,2,3,2,2,2,2.0,3,1,3,2.0,2,2,2,2,2,2,2,2.0,2,2,1,2,3,3,2,2,3,1,3,2,3,3,2,,
LTU,Lithuania,2013,MER+FUR(s),2023-12,MONEYVAL,ME,SE,ME,ME,ME,ME,ME,ME,ME,ME,ME,LC,C,LC,LC,LC,PC,PC,LC,C,LC,C,C,LC,LC,PC,LC,C,LC,LC,LC,C,LC,LC,LC,LC,LC,C,PC,LC,C,LC,LC,LC,LC,LC,C,LC,LC,LC,LC,1,2,1,1,1,1,1,1,1,1,1,2,3,2,2,2,1,1,2,3,2,3,3,2.0,2,1,2,3.0,2,2,2,3,2,2,2,2.0,2,3,1,2,3,2,2,2,2,2,3,2,2,2,2,1,1
LUX,Luxembourg,2013,MER,2023-09,FATF,SE,SE,ME,ME,SE,SE,ME,ME,SE,ME,ME,C,C,C,LC,C,LC,LC,PC,C,C,C,C,C,C,LC,C,C,C,C,C,C,C,C,LC,C,C,C,C,C,LC,C,LC,LC,C,LC,LC,C,C,C,LC,2,2,1,1,2,2,1,1,2,1,1,3,3,3,2,3,2,2,1,3,3,3,3,3.0,3,2,3,3.0,3,3,3,3,3,3,2,3.0,3,3,3,3,2,3,2,2,3,2,2,3,3,3,2,,
MAC,Macau (China),2013,MER+FUR(s),2019-10,APG,ME,SE,SE,ME,SE,SE,LE,LE,ME,SE,SE,LC,LC,LC,C,LC,C,C,LC,C,C,C,C,C,C,C,LC,C,C,C,C,C,LC,LC,LC,LC,C,C,LC,C,LC,C,LC,LC,C,C,LC,C,LC,LC,LC,1,2,2,1,2,2,0,0,1,2,2,2,2,2,3,2,3,3,2,3,3,3,3,3.0,3,3,2,3.0,3,3,3,3,2,2,2,2.0,3,3,2,3,2,3,2,2,3,3,2,3,2,2,2,3,
MDG,Madagascar,2013,MER+FUR(s),2024-04,ESAAMLG/WB,LE,LE,LE,LE,LE,ME,LE,LE,LE,LE,LE,C,PC,LC,LC,PC,NC,NC,PC,C,LC,C,C,C,PC,NC,LC,C,LC,LC,LC,C,NC,NC,PC,NC,PC,LC,NC,LC,C,C,LC,PC,PC,PC,PC,LC,LC,LC,LC,0,0,0,0,0,1,0,0,0,0,0,3,1,2,2,1,0,0,1,3,2,3,3,3.0,1,0,2,3.0,2,2,2,3,0,0,1,0.0,1,2,0,2,3,3,2,1,1,1,1,2,2,2,2,7,
MWI,Malawi,2013,MER+FUR(s),2026-04,ESAAMLG,ME,ME,ME,ME,LE,ME,ME,ME,LE,LE,LE,LC,LC,C,C,C,LC,C,PC,C,LC,C,C,C,C,PC,LC,C,C,C,LC,C,LC,LC,PC,PC,C,C,C,C,C,LC,LC,LC,C,LC,C,LC,C,LC,LC,1,1,1,1,0,1,1,1,0,0,0,2,2,3,3,3,2,3,1,3,2,3,3,3.0,3,1,2,3.0,3,3,2,3,2,2,1,1.0,3,3,3,3,3,2,2,2,3,2,3,2,3,2,2,3,
MYS,Malaysia,2022,MER,2025-12,FATF/APG,SE,ME,SE,ME,ME,SE,ME,ME,SE,SE,SE,C,C,C,LC,C,C,C,LC,LC,C,LC,C,C,C,LC,C,LC,C,C,C,C,LC,C,LC,C,LC,C,LC,C,C,C,C,C,C,LC,LC,LC,LC,LC,LC,2,1,2,1,1,2,1,1,2,2,2,3,3,3,2,3,3,3,2,2,3,2,3,3.0,3,2,3,2.0,3,3,3,3,2,3,2,3.0,2,3,2,3,3,3,3,3,3,2,2,2,2,2,2,4,
MDV,Maldives,2013,MER,2025-10,APG,ME,ME,LE,LE,ME,ME,LE,LE,LE,LE,LE,PC,NC,LC,PC,LC,NC,NC,NC,LC,PC,LC,PC,LC,PC,NC,PC,NC,PC,PC,LC,C,PC,PC,PC,PC,PC,LC,PC,LC,LC,PC,LC,LC,PC,PC,PC,LC,PC,LC,LC,1,1,0,0,1,1,0,0,0,0,0,1,0,2,1,2,0,0,0,2,1,2,1,2.0,1,0,1,0.0,1,1,2,3,1,1,1,1.0,1,2,1,2,2,1,2,2,1,1,1,2,1,2,2,,
MLI,Mali,2013,MER+FUR(s),2024-01,GIABA,LE,ME,LE,LE,LE,LE,LE,LE,LE,LE,LE,LC,LC,LC,LC,PC,LC,LC,PC,C,LC,LC,LC,LC,PC,NC,PC,LC,LC,NC,PC,C,PC,PC,PC,PC,PC,C,PC,LC,C,C,PC,PC,C,LC,LC,LC,PC,LC,LC,0,1,0,0,0,0,0,0,0,0,0,2,2,2,2,1,2,2,1,3,2,2,2,2.0,1,0,1,2.0,2,0,1,3,1,1,1,1.0,1,3,1,2,3,3,1,1,3,2,2,2,1,2,2,6,1
MLT,Malta,2013,MER+FUR(s),2021-08,MONEYVAL,ME,SE,LE,ME,ME,ME,LE,LE,ME,ME,SE,LC,C,C,C,LC,LC,C,LC,C,LC,C,LC,LC,LC,LC,LC,LC,LC,C,C,C,LC,LC,LC,LC,LC,LC,LC,LC,LC,LC,LC,C,LC,LC,C,LC,LC,C,LC,1,2,0,1,1,1,0,0,1,1,2,2,3,3,3,2,2,3,2,3,2,3,2,2.0,2,2,2,2.0,2,3,3,3,2,2,2,2.0,2,2,2,2,2,2,2,3,2,2,3,2,2,3,2,9,
MHL,Marshall Islands,2013,MER,2024-11,APG,ME,ME,ME,ME,LE,ME,LE,LE,ME,ME,ME,LC,LC,LC,LC,LC,C,C,PC,C,C,C,C,C,LC,PC,C,C,C,LC,LC,C,C,LC,PC,C,LC,LC,LC,LC,LC,LC,PC,NC,LC,C,LC,LC,LC,LC,LC,1,1,1,1,0,1,0,0,1,1,1,2,2,2,2,2,3,3,1,3,3,3,3,3.0,2,1,3,3.0,3,2,2,3,3,2,1,3.0,2,2,2,2,2,2,1,0,2,3,2,2,2,2,2,,
MRT,Mauritania,2013,MER+FUR(s),2021-11,MENAFATF,LE,LE,LE,LE,LE,LE,LE,LE,LE,LE,LE,LC,C,LC,LC,C,LC,LC,PC,LC,C,C,C,LC,LC,PC,LC,C,C,C,C,LC,C,LC,PC,LC,C,C,PC,LC,LC,C,LC,PC,LC,C,LC,LC,LC,LC,LC,0,0,0,0,0,0,0,0,0,0,0,2,3,2,2,3,2,2,1,2,3,3,3,2.0,2,1,2,3.0,3,3,3,2,3,2,1,2.0,3,3,1,2,2,3,2,1,2,3,2,2,2,2,2,3,
MUS,Mauritius,2013,MER+FUR(s),2023-01,ESAAMLG,LE,ME,LE,ME,LE,ME,ME,LE,LE,LE,LE,C,C,C,C,C,C,C,LC,C,C,LC,C,C,C,LC,C,C,C,C,C,C,C,C,LC,LC,LC,C,LC,C,C,C,LC,C,LC,C,LC,LC,LC,LC,LC,0,1,0,1,0,1,1,0,0,0,0,3,3,3,3,3,3,3,2,3,3,2,3,3.0,3,2,3,3.0,3,3,3,3,3,3,2,2.0,2,3,2,3,3,3,2,3,2,3,2,2,2,2,2,4,1
MEX,Mexico,2013,MER+FUR(s),2023-05,FATF,SE,SE,ME,LE,ME,ME,LE,LE,ME,SE,SE,LC,LC,C,LC,LC,C,C,LC,C,LC,LC,C,LC,LC,LC,C,C,LC,LC,PC,LC,PC,NC,LC,LC,LC,LC,PC,C,LC,LC,PC,PC,LC,LC,LC,C,C,LC,LC,2,2,1,0,1,1,0,0,1,2,2,2,2,3,2,2,3,3,2,3,2,2,3,2.0,2,2,3,3.0,2,2,1,2,1,0,2,2.0,2,2,1,3,2,2,1,1,2,2,2,3,3,2,2,2,
MDA,Moldova,2013,MER+FUR(s),2025-06,MONEYVAL,SE,SE,ME,ME,ME,ME,ME,ME,SE,ME,LE,LC,LC,LC,C,LC,LC,LC,PC,LC,LC,LC,LC,LC,C,PC,LC,LC,LC,LC,C,C,LC,LC,LC,PC,C,LC,LC,C,C,LC,LC,LC,C,C,LC,LC,PC,LC,LC,2,2,1,1,1,1,1,1,2,1,0,2,2,2,3,2,2,2,1,2,2,2,2,2.0,3,1,2,2.0,2,2,3,3,2,2,2,1.0,3,2,2,3,3,2,2,2,3,3,2,2,1,2,2,2,1
MCO,Monaco,2013,MER+FUR(s),2024-11,MONEYVAL,ME,ME,LE,ME,ME,ME,LE,LE,ME,ME,ME,LC,LC,LC,LC,LC,C,C,LC,LC,LC,LC,C,LC,C,PC,LC,LC,LC,LC,C,C,LC,LC,LC,LC,LC,LC,LC,LC,C,LC,LC,LC,LC,LC,LC,LC,LC,LC,LC,1,1,0,1,1,1,0,0,1,1,1,2,2,2,2,2,3,3,2,2,2,2,3,2.0,3,1,2,2.0,2,2,3,3,2,2,2,2.0,2,2,2,2,3,2,2,2,2,2,2,2,2,2,2,15,
MNG,Mongolia,2013,MER+FUR(s),2023-10,APG,LE,ME,LE,LE,LE,LE,LE,ME,LE,LE,LE,LC,LC,LC,LC,LC,LC,LC,C,LC,LC,C,LC,LC,C,LC,LC,LC,LC,LC,LC,C,LC,LC,LC,LC,LC,LC,LC,C,C,C,LC,LC,LC,LC,C,C,LC,LC,LC,0,1,0,0,0,0,0,1,0,0,0,2,2,2,2,2,2,2,3,2,2,3,2,2.0,3,2,2,2.0,2,2,2,3,2,2,2,2.0,2,2,2,3,3,3,2,2,2,2,3,3,2,2,2,1,1
MNE,Montenegro,2013,MER+FUR(s),2025-12,MONEYVAL,SE,SE,ME,ME,ME,ME,ME,ME,ME,ME,ME,LC,LC,LC,LC,LC,LC,LC,PC,LC,LC,LC,LC,LC,LC,LC,LC,LC,LC,PC,LC,LC,LC,LC,PC,PC,LC,LC,PC,C,C,LC,PC,LC,LC,PC,LC,LC,LC,LC,LC,2,2,1,1,1,1,1,1,1,1,1,2,2,2,2,2,2,2,1,2,2,2,2,2.0,2,2,2,2.0,2,1,2,2,2,2,1,1.0,2,2,1,3,3,2,1,2,2,1,2,2,2,2,2,13,
MSR,Montserrat,2013,MER,2025-01,CFATF,ME,SE,ME,LE,LE,ME,ME,SE,ME,ME,ME,LC,LC,C,C,LC,LC,LC,PC,C,C,C,C,C,C,PC,LC,C,LC,LC,C,C,LC,LC,PC,PC,LC,C,LC,PC,C,LC,C,C,LC,LC,PC,C,C,C,LC,1,2,1,0,0,1,1,2,1,1,1,2,2,3,3,2,2,2,1,3,3,3,3,3.0,3,1,2,3.0,2,2,3,3,2,2,1,1.0,2,3,2,1,3,2,3,3,2,2,1,3,3,3,2,,
MAR,Morocco,2013,MER+FUR(s),2024-05,MENAFATF,ME,ME,ME,ME,LE,ME,LE,ME,SE,ME,LE,LC,LC,LC,LC,LC,LC,LC,LC,C,LC,LC,LC,C,LC,PC,LC,C,LC,LC,LC,C,LC,LC,LC,LC,LC,LC,LC,LC,LC,LC,LC,LC,LC,C,LC,LC,LC,LC,LC,1,1,1,1,0,1,0,1,2,1,0,2,2,2,2,2,2,2,2,3,2,2,2,3.0,2,1,2,3.0,2,2,2,3,2,2,2,2.0,2,2,2,2,2,2,2,2,2,3,2,2,2,2,2,6,1
MOZ,Mozambique,2013,MER+FUR(s),2026-04,ESAAMLG,LE,LE,LE,LE,LE,LE,LE,LE,LE,LE,LE,LC,C,C,C,C,C,C,PC,C,LC,LC,LC,LC,PC,PC,LC,C,LC,LC,C,C,LC,C,PC,LC,C,C,PC,LC,C,PC,LC,PC,PC,PC,PC,LC,C,LC,LC,0,0,0,0,0,0,0,0,0,0,0,2,3,3,3,3,3,3,1,3,2,2,2,2.0,1,1,2,3.0,2,2,3,3,2,3,1,2.0,3,3,1,2,3,1,2,1,1,1,1,2,3,2,2,4,
MMR,Myanmar,2013,MER+FUR(s),2024-10,APG,LE,LE,LE,LE,LE,ME,LE,LE,LE,LE,LE,LC,LC,C,LC,LC,LC,PC,PC,C,LC,C,LC,LC,LC,PC,LC,C,LC,C,C,LC,LC,LC,PC,PC,LC,C,PC,PC,LC,LC,PC,LC,PC,PC,PC,PC,PC,PC,LC,0,0,0,0,0,1,0,0,0,0,0,2,2,3,2,2,2,1,1,3,2,3,2,2.0,2,1,2,3.0,2,3,3,2,2,2,1,1.0,2,3,1,1,2,2,1,2,1,1,1,1,1,1,2,2,1
NAM,Namibia,2013,MER+FUR(s),2024-04,ESAAMLG,ME,ME,LE,ME,LE,ME,ME,ME,LE,LE,LE,LC,LC,LC,LC,C,LC,LC,LC,C,LC,LC,LC,LC,LC,LC,LC,LC,LC,LC,C,C,LC,PC,PC,LC,LC,C,LC,C,C,PC,LC,PC,LC,LC,C,LC,LC,LC,PC,1,1,0,1,0,1,1,1,0,0,0,2,2,2,2,3,2,2,2,3,2,2,2,2.0,2,2,2,2.0,2,2,3,3,2,1,1,2.0,2,3,2,3,3,1,2,1,2,2,3,2,2,2,1,14,
NRU,Nauru,2013,MER+FUR(s),2025-02,APG,ME,ME,LE,ME,ME,ME,LE,LE,ME,ME,LE,PC,LC,LC,LC,C,LC,C,LC,C,C,C,C,C,C,LC,C,C,C,C,C,C,C,C,LC,LC,LC,C,LC,C,LC,LC,LC,LC,C,C,LC,LC,PC,LC,LC,1,1,0,1,1,1,0,0,1,1,0,1,2,2,2,3,2,3,2,3,3,3,3,3.0,3,2,3,3.0,3,3,3,3,3,3,2,2.0,2,3,2,3,2,2,2,2,3,3,2,2,1,2,2,1,
NPL,Nepal,2013,MER+FUR(s),2025-06,APG,ME,ME,LE,LE,LE,ME,ME,LE,LE,LE,LE,PC,LC,LC,LC,LC,PC,PC,NC,LC,LC,C,LC,LC,LC,PC,LC,LC,LC,LC,C,C,LC,LC,PC,PC,PC,C,PC,C,LC,LC,LC,LC,PC,LC,LC,LC,LC,PC,PC,1,1,0,0,0,1,1,0,0,0,0,1,2,2,2,2,1,1,0,2,2,3,2,2.0,2,1,2,2.0,2,2,3,3,2,2,1,1.0,1,3,1,3,2,2,2,2,1,2,2,2,2,1,1,9,
NLD,Netherlands,2013,MER+FUR(s),2025-09,FATF,SE,HE,ME,ME,ME,HE,SE,SE,SE,SE,ME,LC,C,LC,C,LC,LC,LC,LC,C,LC,C,LC,PC,C,LC,LC,LC,LC,LC,C,LC,LC,LC,LC,LC,LC,C,LC,C,C,LC,LC,LC,LC,LC,LC,C,LC,LC,LC,2,3,1,1,1,3,2,2,2,2,1,2,3,2,3,2,2,2,2,3,2,3,2,1.0,3,2,2,2.0,2,2,3,2,2,2,2,2.0,2,3,2,3,3,2,2,2,2,2,2,3,2,2,2,1,
NZL,New Zealand,2013,MER+FUR(s),2024-07,FATF/APG,SE,HE,ME,ME,ME,SE,SE,HE,SE,ME,ME,LC,C,C,C,LC,LC,PC,LC,C,LC,LC,PC,LC,LC,LC,LC,LC,PC,C,C,C,LC,LC,PC,LC,PC,LC,PC,C,C,LC,LC,LC,LC,LC,LC,LC,LC,LC,LC,2,3,1,1,1,2,2,3,2,1,1,2,3,3,3,2,2,1,2,3,2,2,1,2.0,2,2,2,2.0,1,3,3,3,2,2,1,2.0,1,2,1,3,3,2,2,2,2,2,2,2,2,2,2,5,
NIC,Nicaragua,2013,MER+FUR(s),2021-01,GAFILAT,ME,ME,LE,ME,LE,ME,ME,SE,ME,ME,LE,PC,LC,LC,LC,LC,LC,LC,LC,LC,C,C,C,C,LC,NC,LC,LC,LC,LC,LC,LC,LC,LC,PC,LC,LC,LC,C,C,C,LC,LC,LC,LC,LC,LC,LC,LC,LC,LC,1,1,0,1,0,1,1,2,1,1,0,1,2,2,2,2,2,2,2,2,3,3,3,3.0,2,0,2,2.0,2,2,2,2,2,2,1,2.0,2,2,3,3,3,2,2,2,2,2,2,2,2,2,2,2,1
NER,Niger,2013,MER,2021-11,GIABA,ME,LE,LE,LE,LE,LE,LE,LE,LE,LE,LE,LC,C,C,LC,C,LC,LC,NC,C,PC,LC,PC,LC,PC,NC,PC,LC,LC,NC,PC,C,PC,PC,PC,PC,PC,C,PC,LC,C,C,LC,LC,C,LC,C,LC,LC,LC,LC,1,0,0,0,0,0,0,0,0,0,0,2,3,3,2,3,2,2,0,3,1,2,1,2.0,1,0,1,2.0,2,0,1,3,1,1,1,1.0,1,3,1,2,3,3,2,2,3,2,3,2,2,2,2,,
NGA,Nigeria,2013,MER+FUR(s),2024-11,GIABA,LE,LE,ME,LE,LE,ME,LE,LE,LE,LE,LE,LC,LC,C,C,LC,LC,LC,C,C,LC,C,PC,C,C,PC,LC,LC,LC,LC,C,LC,PC,PC,LC,LC,LC,LC,LC,C,C,C,LC,C,C,LC,LC,LC,LC,LC,LC,0,0,1,0,0,1,0,0,0,0,0,2,2,3,3,2,2,2,3,3,2,3,1,3.0,3,1,2,2.0,2,2,3,2,1,1,2,2.0,2,2,2,3,3,3,2,3,3,2,2,2,2,2,2,4,
NIU,Niue,2013,MER,2025-10,APG,ME,SE,LE,ME,LE,LE,ME,LE,LE,LE,LE,PC,PC,PC,PC,PC,NC,NC,NC,C,PC,LC,PC,,PC,NC,NC,,PC,NC,PC,LC,PC,PC,PC,NC,PC,PC,NC,PC,LC,PC,PC,PC,NC,PC,PC,PC,LC,PC,PC,1,2,0,1,0,0,1,0,0,0,0,1,1,1,1,1,0,0,0,3,1,2,1,,1,0,0,,1,0,1,2,1,1,1,0.0,1,1,0,1,2,1,1,1,0,1,1,1,2,1,1,,
MKD,North Macedonia,2013,MER+FUR(s),2025-06,MONEYVAL,SE,ME,ME,ME,ME,ME,ME,ME,ME,ME,ME,LC,LC,LC,PC,PC,PC,PC,LC,LC,LC,LC,LC,LC,LC,PC,LC,LC,LC,C,C,C,LC,LC,PC,LC,PC,LC,PC,LC,C,C,LC,C,LC,PC,LC,LC,LC,LC,LC,2,1,1,1,1,1,1,1,1,1,1,2,2,2,1,1,1,1,2,2,2,2,2,2.0,2,1,2,2.0,2,3,3,3,2,2,1,2.0,1,2,1,2,3,3,2,3,2,1,2,2,2,2,2,3,
NOR,Norway,2013,MER+FUR(s)+FUAR,2023-02,FATF,SE,SE,ME,ME,ME,SE,ME,ME,SE,ME,SE,LC,LC,C,C,C,LC,C,LC,C,LC,C,C,PC,C,LC,C,LC,LC,LC,C,C,LC,LC,PC,C,C,C,C,LC,C,LC,C,PC,LC,C,C,LC,LC,LC,LC,2,2,1,1,1,2,1,1,2,1,2,2,2,3,3,3,2,3,2,3,2,3,3,1.0,3,2,3,2.0,2,2,3,3,2,2,1,3.0,3,3,3,2,3,2,3,1,2,3,3,2,2,2,2,2,1
OMN,Oman,2013,MER,2024-12,FATF/MENAFATF,ME,SE,ME,ME,ME,SE,ME,ME,SE,ME,SE,LC,LC,LC,C,C,LC,LC,PC,C,C,C,C,C,C,LC,C,C,LC,C,LC,C,C,C,LC,LC,LC,C,C,C,C,LC,C,C,C,C,LC,LC,C,LC,LC,1,2,1,1,1,2,1,1,2,1,2,2,2,2,3,3,2,2,1,3,3,3,3,3.0,3,2,3,3.0,2,3,2,3,3,3,2,2.0,2,3,3,3,3,2,3,3,3,3,2,2,3,2,2,,
PAK,Pakistan,2013,MER+FUR(s),2022-08,APG,LE,ME,LE,LE,LE,LE,LE,LE,LE,LE,LE,LC,LC,LC,LC,LC,LC,LC,LC,C,C,LC,LC,LC,C,PC,LC,LC,LC,C,C,C,LC,LC,LC,LC,LC,C,LC,C,LC,LC,LC,C,LC,LC,LC,LC,PC,LC,LC,0,1,0,0,0,0,0,0,0,0,0,2,2,2,2,2,2,2,2,3,3,2,2,2.0,3,1,2,2.0,2,3,3,3,2,2,2,2.0,2,3,2,3,2,2,2,3,2,2,2,2,1,2,2,4,1
PLW,Palau,2013,MER+FUR(s),2023-06,APG,ME,SE,ME,ME,LE,ME,ME,ME,LE,ME,LE,PC,LC,LC,LC,LC,LC,NC,NC,C,PC,C,PC,PC,NC,NC,PC,PC,C,PC,LC,C,LC,LC,NC,PC,PC,C,PC,LC,LC,LC,LC,LC,PC,PC,LC,LC,LC,LC,LC,1,2,1,1,0,1,1,1,0,1,0,1,2,2,2,2,2,0,0,3,1,3,1,1.0,0,0,1,1.0,3,1,2,3,2,2,0,1.0,1,3,1,2,2,2,2,2,1,1,2,2,2,2,2,4,1
PAN,Panama,2013,MER+FUR(s),2019-08,GAFILAT,LE,ME,ME,ME,LE,LE,ME,ME,ME,SE,SE,LC,LC,LC,C,LC,LC,LC,LC,C,LC,LC,C,C,C,C,LC,LC,C,LC,C,C,LC,LC,PC,PC,LC,LC,LC,C,C,LC,C,C,C,LC,C,LC,LC,LC,LC,0,1,1,1,0,0,1,1,1,2,2,2,2,2,3,2,2,2,2,3,2,2,3,3.0,3,3,2,2.0,3,2,3,3,2,2,1,1.0,2,2,2,3,3,2,3,3,3,2,3,2,2,2,2,4,
PNG,Papua New Guinea,2013,MER,2024-09,APG,ME,ME,ME,ME,LE,ME,LE,LE,LE,ME,LE,PC,LC,PC,LC,PC,LC,PC,PC,C,LC,C,PC,LC,PC,NC,PC,LC,LC,NC,PC,C,PC,PC,PC,PC,LC,LC,PC,C,PC,PC,PC,PC,LC,LC,PC,LC,LC,PC,PC,1,1,1,1,0,1,0,0,0,1,0,1,2,1,2,1,2,1,1,3,2,3,1,2.0,1,0,1,2.0,2,0,1,3,1,1,1,1.0,2,2,1,3,1,1,1,1,2,2,1,2,2,1,1,,
PRY,Paraguay,2013,MER,2022-11,GAFILAT,ME,SE,ME,ME,ME,ME,LE,ME,ME,ME,ME,LC,C,PC,C,LC,LC,LC,LC,C,LC,C,C,C,C,LC,LC,,LC,C,LC,C,PC,LC,LC,C,LC,C,LC,C,C,LC,LC,C,C,C,LC,LC,LC,C,LC,1,2,1,1,1,1,0,1,1,1,1,2,3,1,3,2,2,2,2,3,2,3,3,3.0,3,2,2,,2,3,2,3,1,2,2,3.0,2,3,2,3,3,2,2,3,3,3,2,2,2,3,2,,
PER,Peru,2013,MER+FUR(s),2020-01,GAFILAT,ME,SE,ME,ME,LE,SE,LE,ME,ME,SE,SE,LC,C,C,C,C,LC,LC,PC,LC,LC,LC,LC,C,C,C,LC,PC,C,PC,C,C,LC,LC,LC,PC,LC,C,LC,C,LC,LC,LC,C,LC,PC,C,LC,C,C,LC,1,2,1,1,0,2,0,1,1,2,2,2,3,3,3,3,2,2,1,2,2,2,2,3.0,3,3,2,1.0,3,1,3,3,2,2,2,1.0,2,3,2,3,2,2,2,3,2,1,3,2,3,3,2,1,
PHL,Philippines,2013,MER+FUR(s),2022-08,APG,SE,ME,ME,ME,LE,ME,LE,LE,LE,LE,LE,LC,C,LC,LC,LC,LC,LC,LC,LC,LC,C,LC,C,LC,PC,LC,C,LC,LC,LC,C,LC,LC,LC,PC,LC,LC,LC,C,C,LC,LC,LC,LC,LC,LC,LC,C,PC,LC,2,1,1,1,0,1,0,0,0,0,0,2,3,2,2,2,2,2,2,2,2,3,2,3.0,2,1,2,3.0,2,2,2,3,2,2,2,1.0,2,2,2,3,3,2,2,2,2,2,2,2,3,1,2,2,1
POL,Poland,2013,MER+FUR(s),2025-12,MONEYVAL,ME,SE,ME,SE,SE,ME,ME,LE,ME,ME,ME,LC,LC,LC,LC,PC,LC,PC,LC,C,LC,LC,LC,PC,LC,PC,LC,PC,PC,PC,PC,LC,PC,LC,LC,LC,PC,LC,PC,C,LC,LC,PC,C,LC,PC,LC,LC,LC,LC,LC,1,2,1,2,2,1,1,0,1,1,1,2,2,2,2,1,2,1,2,3,2,2,2,1.0,2,1,2,1.0,1,1,1,2,1,2,2,2.0,1,2,1,3,2,2,1,3,2,1,2,2,2,2,2,1,
PRT,Portugal,2013,MER,2017-12,FATF,SE,SE,ME,ME,ME,ME,SE,ME,SE,SE,SE,LC,LC,LC,C,LC,C,C,PC,LC,LC,C,LC,PC,C,LC,PC,LC,LC,LC,LC,C,PC,LC,PC,PC,LC,C,LC,LC,C,C,LC,LC,LC,LC,C,LC,C,C,LC,2,2,1,1,1,1,2,1,2,2,2,2,2,2,3,2,3,3,1,2,2,3,2,1.0,3,2,1,2.0,2,2,2,3,1,2,1,1.0,2,3,2,2,3,3,2,2,2,2,3,2,3,3,2,,
QAT,Qatar,2013,MER,2023-05,FATF/MENAFATF,SE,ME,SE,ME,ME,ME,ME,SE,LE,SE,ME,LC,C,C,C,C,LC,LC,LC,C,C,C,C,C,C,LC,LC,C,C,C,C,C,C,C,LC,LC,C,C,C,C,C,C,C,C,C,C,C,C,C,C,C,2,1,2,1,1,1,1,2,0,2,1,2,3,3,3,3,2,2,2,3,3,3,3,3.0,3,2,2,3.0,3,3,3,3,3,3,2,2.0,3,3,3,3,3,3,3,3,3,3,3,3,3,3,3,,
ROU,Romania,2013,MER+FUR(s),2025-06,MONEYVAL,ME,SE,ME,ME,ME,ME,ME,ME,ME,ME,ME,LC,PC,C,C,C,PC,PC,PC,PC,LC,LC,PC,PC,PC,PC,LC,LC,LC,LC,LC,LC,PC,LC,PC,LC,LC,LC,PC,LC,C,C,PC,PC,LC,PC,C,LC,C,LC,LC,1,2,1,1,1,1,1,1,1,1,1,2,1,3,3,3,1,1,1,1,2,2,1,1.0,1,1,2,2.0,2,2,2,2,1,2,1,2.0,2,2,1,2,3,3,1,1,2,1,3,2,3,2,2,,
RUS,Russia,2013,MER+FUR(s),2024-02,EAG,SE,SE,ME,ME,SE,HE,ME,SE,HE,ME,ME,LC,C,LC,LC,LC,LC,LC,LC,C,LC,LC,PC,LC,LC,PC,PC,LC,LC,LC,C,LC,LC,LC,LC,LC,LC,LC,LC,C,LC,C,LC,C,LC,LC,LC,LC,LC,LC,LC,2,2,1,1,2,3,1,2,3,1,1,2,3,2,2,2,2,2,2,3,2,2,1,2.0,2,1,1,2.0,2,2,3,2,2,2,2,2.0,2,2,2,3,2,3,2,3,2,2,2,2,2,2,2,3,1
RWA,Rwanda,2013,MER,2024-07,ESAAMLG,LE,LE,LE,LE,LE,ME,LE,LE,LE,LE,LE,LC,PC,LC,LC,PC,PC,PC,NC,C,LC,LC,PC,LC,PC,PC,LC,LC,LC,LC,C,C,PC,LC,PC,PC,PC,LC,PC,LC,C,PC,C,PC,PC,PC,PC,PC,LC,PC,PC,0,0,0,0,0,1,0,0,0,0,0,2,1,2,2,1,1,1,0,3,2,2,1,2.0,1,1,2,2.0,2,2,3,3,1,2,1,1.0,1,2,1,2,3,1,3,1,1,1,1,1,2,1,1,,
KNA,Saint Kitts and Nevis,2013,MER+FUR(s),2025-10,CFATF,LE,ME,LE,LE,ME,LE,LE,LE,ME,LE,LE,LC,LC,LC,C,LC,LC,PC,PC,C,LC,LC,C,C,LC,PC,LC,LC,LC,LC,C,C,LC,LC,LC,LC,LC,C,PC,LC,C,C,LC,C,C,PC,LC,LC,C,LC,LC,0,1,0,0,1,0,0,0,1,0,0,2,2,2,3,2,2,1,1,3,2,2,3,3.0,2,1,2,2.0,2,2,3,3,2,2,2,2.0,2,3,1,2,3,3,2,3,3,1,2,2,3,2,2,4,
LCA,Saint Lucia,2013,MER+FUR(s),2024-10,CFATF,LE,ME,LE,LE,LE,LE,ME,ME,LE,LE,LE,C,C,LC,LC,C,PC,PC,NC,LC,LC,LC,C,LC,LC,LC,C,C,C,C,C,C,LC,C,PC,PC,LC,C,LC,C,LC,LC,LC,LC,C,LC,LC,LC,LC,LC,LC,0,1,0,0,0,0,1,1,0,0,0,3,3,2,2,3,1,1,0,2,2,2,3,2.0,2,2,3,3.0,3,3,3,3,2,3,1,1.0,2,3,2,3,2,2,2,2,3,2,2,2,2,2,2,7,
VCT,Saint Vincent and the Grenadines,2013,MER+FUR(s),2026-05,CFATF,SE,SE,ME,ME,ME,SE,ME,ME,LE,LE,LE,LC,LC,C,C,C,PC,NC,LC,C,LC,C,LC,LC,LC,PC,PC,C,C,C,C,C,LC,C,PC,PC,LC,LC,LC,C,C,LC,LC,C,LC,LC,LC,PC,PC,PC,LC,2,2,1,1,1,2,1,1,0,0,0,2,2,3,3,3,1,0,2,3,2,3,2,2.0,2,1,1,3.0,3,3,3,3,2,3,1,1.0,2,2,2,3,3,2,2,3,2,2,2,1,1,1,2,1,
WSM,Samoa,2013,MER+FUR(s),2023-06,APG,ME,SE,LE,ME,ME,LE,LE,ME,ME,ME,LE,PC,LC,LC,LC,LC,PC,NC,PC,C,LC,C,PC,PC,C,PC,PC,PC,C,PC,LC,C,PC,PC,PC,PC,PC,PC,PC,LC,C,LC,LC,LC,PC,PC,LC,LC,LC,LC,LC,1,2,0,1,1,0,0,1,1,1,0,1,2,2,2,2,1,0,1,3,2,3,1,1.0,3,1,1,1.0,3,1,2,3,1,1,1,1.0,1,1,1,2,3,2,2,2,1,1,2,2,2,2,2,3,
SMR,San Marino,2013,MER+FUR(s),2024-05,MONEYVAL,SE,HE,ME,ME,ME,SE,ME,SE,SE,ME,ME,LC,C,LC,C,LC,LC,LC,LC,LC,LC,C,C,C,LC,PC,C,LC,LC,C,C,C,LC,LC,PC,LC,PC,LC,PC,C,C,C,C,C,C,LC,LC,C,C,C,LC,2,3,1,1,1,2,1,2,2,1,1,2,3,2,3,2,2,2,2,2,2,3,3,3.0,2,1,3,2.0,2,3,3,3,2,2,1,2.0,1,2,1,3,3,3,3,3,3,2,2,3,3,3,2,1,
STP,Sao Tome and Principe,2013,MER,2024-11,GIABA,LE,LE,LE,LE,LE,LE,LE,LE,LE,LE,LE,PC,PC,PC,C,LC,NC,NC,NC,LC,PC,LC,PC,LC,PC,NC,PC,PC,PC,NC,C,LC,PC,PC,PC,PC,PC,C,PC,LC,C,LC,PC,PC,PC,C,LC,PC,LC,LC,LC,0,0,0,0,0,0,0,0,0,0,0,1,1,1,3,2,0,0,0,2,1,2,1,2.0,1,0,1,1.0,1,0,3,2,1,1,1,1.0,1,3,1,2,3,2,1,1,1,3,2,1,2,2,2,,
SAU,Saudi Arabia,2013,MER+FUR(s),2020-01,FATF/MENAFATF,SE,ME,SE,ME,ME,ME,LE,LE,SE,SE,LE,LC,LC,C,LC,C,LC,LC,LC,C,C,C,C,C,C,LC,LC,C,LC,C,C,LC,LC,C,LC,LC,C,C,C,LC,LC,LC,LC,PC,C,C,PC,LC,LC,LC,LC,2,1,2,1,1,1,0,0,2,2,0,2,2,3,2,3,2,2,2,3,3,3,3,3.0,3,2,2,3.0,2,3,3,2,2,3,2,2.0,3,3,3,2,2,2,2,1,3,3,1,2,2,2,2,2,2
SEN,Senegal,2013,MER+FUR(s),2024-11,GIABA,LE,LE,LE,LE,LE,ME,LE,LE,LE,LE,LE,LC,C,LC,C,C,LC,C,PC,C,LC,LC,LC,LC,LC,PC,LC,LC,LC,LC,C,C,LC,LC,LC,LC,PC,C,PC,LC,LC,C,LC,LC,C,LC,LC,C,LC,LC,LC,0,0,0,0,0,1,0,0,0,0,0,2,3,2,3,3,2,3,1,3,2,2,2,2.0,2,1,2,2.0,2,2,3,3,2,2,2,2.0,1,3,1,2,2,3,2,2,3,2,2,3,2,2,2,11,
SRB,Serbia,2022,MER,2025-12,MONEYVAL,SE,SE,SE,ME,SE,ME,SE,SE,ME,ME,SE,LC,LC,LC,PC,LC,LC,LC,PC,C,LC,C,C,C,C,LC,LC,C,C,C,C,C,LC,LC,LC,PC,C,C,LC,C,LC,PC,LC,LC,LC,LC,LC,LC,LC,LC,LC,2,2,2,1,2,1,2,2,1,1,2,2,2,2,1,2,2,2,1,3,2,3,3,3.0,3,2,2,3.0,3,3,3,3,2,2,2,1.0,3,3,2,3,2,1,2,2,2,2,2,2,2,2,2,1,1
SYC,Seychelles,2013,MER+FUR(s),2026-04,ESAAMLG,LE,LE,LE,ME,LE,LE,LE,LE,LE,LE,LE,C,LC,LC,C,LC,PC,PC,LC,C,LC,C,LC,C,C,LC,LC,LC,C,C,C,C,LC,LC,LC,LC,LC,LC,LC,LC,C,C,LC,C,LC,LC,C,LC,LC,LC,LC,0,0,0,1,0,0,0,0,0,0,0,3,2,2,3,2,1,1,2,3,2,3,2,3.0,3,2,2,2.0,3,3,3,3,2,2,2,2.0,2,2,2,2,3,3,2,3,2,2,3,2,2,2,2,1,
SLE,Sierra Leone,2013,MER+FUR(s),2024-11,GIABA,ME,LE,LE,LE,LE,LE,LE,LE,LE,LE,LE,LC,LC,LC,LC,LC,PC,NC,NC,C,LC,C,LC,LC,LC,LC,PC,LC,LC,PC,C,C,LC,PC,PC,PC,LC,LC,PC,LC,LC,LC,LC,PC,PC,LC,LC,PC,LC,PC,LC,1,0,0,0,0,0,0,0,0,0,0,2,2,2,2,2,1,0,0,3,2,3,2,2.0,2,2,1,2.0,2,1,3,3,2,1,1,1.0,2,2,1,2,2,2,2,1,1,2,2,1,2,1,2,8,
SGP,Singapore,2022,MER,2026-05,FATF,SE,SE,SE,SE,ME,SE,ME,SE,SE,ME,ME,LC,C,C,LC,LC,LC,LC,C,C,C,C,C,C,C,LC,LC,C,C,LC,C,C,C,LC,PC,PC,C,C,LC,LC,C,C,LC,C,C,LC,C,C,C,C,LC,2,2,2,2,1,2,1,2,2,1,1,2,3,3,2,2,2,2,3,3,3,3,3,3.0,3,2,2,3.0,3,2,3,3,3,2,1,1.0,3,3,2,2,3,3,2,3,3,2,3,3,3,3,2,4,
SXM,Sint Maarten,2013,MER,2025-07,CFATF,LE,LE,LE,ME,LE,LE,ME,LE,LE,LE,LE,PC,PC,C,C,C,PC,PC,PC,LC,PC,C,LC,C,PC,NC,PC,LC,PC,PC,C,C,LC,PC,PC,LC,LC,LC,PC,LC,C,C,LC,PC,PC,LC,PC,LC,PC,LC,LC,0,0,0,1,0,0,1,0,0,0,0,1,1,3,3,3,1,1,1,2,1,3,2,3.0,1,0,1,2.0,1,1,3,3,2,1,1,2.0,2,2,1,2,3,3,2,1,1,2,1,2,1,2,2,,
SVK,Slovak Republic,2013,MER+FUR(s),2025-12,MONEYVAL,ME,SE,ME,ME,ME,ME,ME,LE,ME,ME,ME,LC,C,LC,LC,LC,LC,LC,PC,LC,LC,LC,LC,C,LC,LC,LC,LC,PC,C,C,LC,LC,LC,LC,LC,LC,LC,PC,LC,C,LC,LC,C,LC,PC,LC,C,LC,LC,LC,1,2,1,1,1,1,1,0,1,1,1,2,3,2,2,2,2,2,1,2,2,2,2,3.0,2,2,2,2.0,1,3,3,2,2,2,2,2.0,2,2,1,2,3,2,2,3,2,1,2,3,2,2,2,8,1
SVN,Slovenia,2013,MER+FUR(s),2023-12,MONEYVAL,ME,SE,ME,ME,ME,ME,ME,ME,ME,ME,ME,LC,LC,LC,LC,LC,LC,LC,LC,LC,LC,C,C,LC,C,LC,C,LC,LC,LC,C,C,LC,LC,LC,LC,LC,C,LC,C,C,LC,LC,LC,C,C,LC,LC,LC,LC,LC,1,2,1,1,1,1,1,1,1,1,1,2,2,2,2,2,2,2,2,2,2,3,3,2.0,3,2,3,2.0,2,2,3,3,2,2,2,2.0,2,3,2,3,3,2,2,2,3,3,2,2,2,2,2,1,1
SLB,Solomon Islands,2013,MER,2019-10,APG,ME,ME,LE,LE,LE,ME,LE,LE,LE,LE,LE,PC,PC,LC,LC,LC,NC,NC,NC,C,NC,PC,PC,NC,PC,NC,NC,PC,NC,NC,C,C,NC,PC,PC,NC,PC,LC,PC,LC,C,LC,LC,PC,PC,PC,PC,PC,PC,LC,PC,1,1,0,0,0,1,0,0,0,0,0,1,1,2,2,2,0,0,0,3,0,1,1,0.0,1,0,0,1.0,0,0,3,3,0,1,1,0.0,1,2,1,2,3,2,2,1,1,1,1,1,1,2,1,,
ZAF,South Africa,2013,MER+FUR(s),2024-11,FATF,ME,ME,ME,ME,LE,ME,ME,ME,LE,LE,ME,LC,LC,LC,LC,C,LC,LC,PC,LC,LC,LC,LC,LC,LC,LC,LC,NC,LC,LC,LC,C,LC,C,LC,LC,LC,LC,LC,LC,C,C,PC,LC,LC,LC,LC,LC,LC,LC,LC,1,1,1,1,0,1,1,1,0,0,1,2,2,2,2,3,2,2,1,2,2,2,2,2.0,2,2,2,0.0,2,2,2,3,2,3,2,2.0,2,2,2,2,3,3,1,2,2,2,2,2,2,2,2,3,1
ESP,Spain,2013,MER+FUR(s)+FUAR,2019-12,FATF,SE,SE,SE,SE,SE,HE,SE,SE,SE,ME,SE,C,LC,LC,C,C,PC,PC,LC,C,LC,C,C,C,C,C,C,LC,C,C,C,C,LC,C,LC,LC,LC,C,LC,C,C,C,C,C,C,C,C,C,C,C,C,2,2,2,2,2,3,2,2,2,1,2,3,2,2,3,3,1,1,2,3,2,3,3,3.0,3,3,3,2.0,3,3,3,3,2,3,2,2.0,2,3,2,3,3,3,3,3,3,3,3,3,3,3,3,2,
LKA,Sri Lanka,2013,MER+FUR(s),2021-11,APG,ME,LE,LE,LE,LE,LE,LE,LE,SE,LE,LE,LC,LC,LC,PC,C,LC,LC,PC,LC,LC,LC,LC,LC,LC,PC,LC,LC,LC,LC,C,C,LC,C,NC,LC,PC,C,PC,LC,C,LC,LC,LC,LC,PC,LC,C,LC,LC,PC,1,0,0,0,0,0,0,0,2,0,0,2,2,2,1,3,2,2,1,2,2,2,2,2.0,2,1,2,2.0,2,2,3,3,2,3,0,2.0,1,3,1,2,3,2,2,2,2,1,2,3,2,2,1,1,1
SUR,Suriname,2013,MER+FUR(s),2025-12,CFATF,LE,LE,LE,LE,LE,LE,LE,LE,LE,LE,LE,LC,PC,C,LC,C,LC,NC,NC,LC,LC,C,LC,C,LC,NC,LC,LC,LC,C,LC,C,LC,PC,NC,NC,C,LC,LC,PC,C,PC,PC,LC,C,PC,PC,PC,NC,PC,PC,0,0,0,0,0,0,0,0,0,0,0,2,1,3,2,3,2,0,0,2,2,3,2,3.0,2,0,2,2.0,2,3,2,3,2,1,0,0.0,3,2,2,1,3,1,1,2,3,1,1,1,0,1,1,3,
SWE,Sweden,2013,MER+FUR(s),2020-09,FATF,ME,HE,ME,ME,ME,ME,SE,SE,SE,ME,SE,LC,C,LC,LC,LC,PC,PC,LC,C,LC,C,C,LC,C,LC,C,LC,LC,C,C,C,LC,LC,LC,LC,LC,LC,LC,C,C,LC,PC,LC,LC,LC,C,LC,LC,C,C,1,3,1,1,1,1,2,2,2,1,2,2,3,2,2,2,1,1,2,3,2,3,3,2.0,3,2,3,2.0,2,3,3,3,2,2,2,2.0,2,2,2,3,3,2,1,2,2,2,3,2,2,3,3,1,1
CHE,Switzerland,2013,MER+FUR(s),2023-10,FATF,SE,ME,ME,ME,ME,SE,SE,SE,SE,SE,SE,LC,LC,LC,LC,LC,LC,C,LC,C,LC,C,LC,LC,C,LC,LC,LC,LC,C,LC,LC,PC,PC,LC,LC,LC,LC,LC,C,C,LC,LC,C,LC,PC,LC,LC,LC,LC,LC,2,1,1,1,1,2,2,2,2,2,2,2,2,2,2,2,2,3,2,3,2,3,2,2.0,3,2,2,2.0,2,3,2,2,1,1,2,2.0,2,2,2,3,3,2,2,3,2,1,2,2,2,2,2,2,
TJK,Tajikistan,2013,MER+FUR(s),2024-11,EAG,SE,SE,ME,ME,ME,ME,LE,ME,SE,ME,LE,LC,C,LC,LC,LC,LC,LC,LC,C,LC,LC,LC,LC,LC,PC,LC,PC,LC,LC,C,C,LC,LC,LC,LC,PC,LC,PC,C,LC,C,LC,LC,LC,LC,C,LC,LC,LC,LC,2,2,1,1,1,1,0,1,2,1,0,2,3,2,2,2,2,2,2,3,2,2,2,2.0,2,1,2,1.0,2,2,3,3,2,2,2,2.0,1,2,1,3,2,3,2,2,2,2,3,2,2,2,2,2,
TZA,Tanzania,2013,MER+FUR(s),2023-09,ESAAMLG,LE,ME,LE,LE,LE,LE,LE,ME,LE,LE,LE,PC,PC,C,LC,LC,PC,NC,NC,LC,LC,LC,PC,C,LC,PC,PC,PC,C,C,LC,C,PC,PC,PC,NC,PC,LC,NC,LC,C,PC,PC,PC,PC,PC,LC,LC,LC,C,LC,0,1,0,0,0,0,0,1,0,0,0,1,1,3,2,2,1,0,0,2,2,2,1,3.0,2,1,1,1.0,3,3,2,3,1,1,1,0.0,1,2,0,2,3,1,1,1,1,1,2,2,2,3,2,7,
THA,Thailand,2013,MER+FUR(s),2023-10,APG,SE,SE,ME,LE,LE,SE,ME,SE,ME,ME,LE,LC,C,LC,LC,LC,LC,LC,PC,LC,LC,LC,LC,LC,LC,LC,LC,C,LC,LC,LC,LC,NC,PC,PC,PC,LC,LC,PC,LC,C,LC,LC,LC,LC,PC,LC,LC,C,LC,LC,2,2,1,0,0,2,1,2,1,1,0,2,3,2,2,2,2,2,1,2,2,2,2,2.0,2,2,2,3.0,2,2,2,2,0,1,1,1.0,2,2,1,2,3,2,2,2,2,1,2,2,3,2,2,2,
TLS,Timor-Leste,2013,MER,2024-11,APG,ME,ME,LE,ME,LE,ME,ME,LE,LE,LE,LE,PC,LC,LC,LC,LC,NC,NC,NC,LC,PC,LC,LC,LC,LC,NC,LC,,LC,PC,LC,LC,PC,PC,PC,PC,PC,LC,NC,LC,C,LC,PC,PC,PC,PC,LC,LC,LC,LC,LC,1,1,0,1,0,1,1,0,0,0,0,1,2,2,2,2,0,0,0,2,1,2,2,2.0,2,0,2,,2,1,2,2,1,1,1,1.0,1,2,0,2,3,2,1,1,1,1,2,2,2,2,2,,
TGO,Togo,2013,MER+FUR(s),2025-05,GIABA,LE,LE,LE,LE,LE,LE,LE,LE,LE,LE,LE,PC,PC,C,LC,PC,PC,PC,PC,C,PC,LC,PC,LC,PC,NC,PC,LC,LC,NC,PC,C,PC,PC,PC,PC,PC,C,PC,PC,C,C,PC,PC,LC,PC,LC,LC,LC,LC,LC,0,0,0,0,0,0,0,0,0,0,0,1,1,3,2,1,1,1,1,3,1,2,1,2.0,1,0,1,2.0,2,0,1,3,1,1,1,1.0,1,3,1,1,3,3,1,1,2,1,2,2,2,2,2,1,
TON,Tonga,2013,MER,2021-09,APG,LE,ME,LE,LE,LE,LE,LE,LE,LE,LE,LE,PC,LC,PC,LC,PC,PC,NC,PC,C,NC,PC,NC,NC,LC,NC,NC,NC,NC,NC,NC,LC,NC,NC,PC,NC,PC,PC,PC,PC,LC,PC,PC,LC,PC,PC,PC,PC,PC,LC,PC,0,1,0,0,0,0,0,0,0,0,0,1,2,1,2,1,1,0,1,3,0,1,0,0.0,2,0,0,0.0,0,0,0,2,0,0,1,0.0,1,1,1,1,2,1,1,2,1,1,1,1,1,2,1,,
TTO,Trinidad and Tobago,2013,MER+FUR(s),2019-06,CFATF,ME,ME,ME,ME,ME,ME,LE,LE,LE,LE,LE,LC,LC,LC,LC,C,C,LC,PC,C,C,C,C,C,C,C,C,C,C,C,C,C,C,C,C,PC,C,LC,PC,C,C,LC,C,C,C,PC,LC,C,PC,C,LC,1,1,1,1,1,1,0,0,0,0,0,2,2,2,2,3,3,2,1,3,3,3,3,3.0,3,3,3,3.0,3,3,3,3,3,3,3,1.0,3,2,1,3,3,2,3,3,3,1,2,3,1,3,2,18,
TUN,Tunisia,2013,MER+FUR(s),2020-01,MENAFATF,ME,ME,LE,LE,LE,ME,ME,ME,LE,LE,LE,LC,PC,C,LC,LC,C,LC,C,C,LC,C,LC,LC,LC,LC,LC,LC,LC,LC,C,C,LC,PC,LC,LC,LC,LC,LC,LC,C,LC,LC,PC,LC,LC,LC,C,PC,C,LC,1,1,0,0,0,1,1,1,0,0,0,2,1,3,2,2,3,2,3,3,2,3,2,2.0,2,2,2,2.0,2,2,3,3,2,1,2,2.0,2,2,2,2,3,2,2,1,2,2,2,3,1,3,2,9,1
TKM,Turkmenistan,2013,MER,2023-07,EAG,SE,SE,ME,ME,LE,ME,ME,SE,SE,ME,ME,LC,LC,LC,PC,LC,LC,LC,PC,C,LC,C,PC,C,LC,PC,PC,C,LC,LC,C,C,LC,PC,PC,PC,PC,LC,PC,C,LC,LC,LC,PC,LC,LC,LC,LC,PC,LC,PC,2,2,1,1,0,1,1,2,2,1,1,2,2,2,1,2,2,2,1,3,2,3,1,3.0,2,1,1,3.0,2,2,3,3,2,1,1,1.0,1,2,1,3,2,2,2,1,2,2,2,2,1,2,1,,
TCA,Turks and Caicos Islands,2013,MER+FUR(s),2023-11,CFATF,ME,ME,LE,LE,ME,ME,LE,LE,LE,ME,ME,PC,LC,C,C,C,LC,LC,LC,C,C,C,C,LC,C,NC,LC,C,C,C,C,C,LC,C,LC,C,LC,C,C,C,C,LC,C,LC,LC,LC,PC,LC,LC,C,C,1,1,0,0,1,1,0,0,0,1,1,1,2,3,3,3,2,2,2,3,3,3,3,2.0,3,0,2,3.0,3,3,3,3,2,3,2,3.0,2,3,3,3,3,2,3,2,2,2,1,2,2,3,3,2,1
TUR,Türkiye,2013,MER+FUR(s),2023-07,FATF,SE,SE,ME,ME,ME,ME,ME,ME,ME,LE,LE,LC,LC,LC,C,LC,LC,LC,LC,C,LC,C,C,LC,LC,PC,LC,C,LC,LC,C,C,LC,C,LC,LC,C,LC,LC,C,C,LC,LC,LC,LC,LC,LC,C,C,C,LC,2,2,1,1,1,1,1,1,1,0,0,2,2,2,3,2,2,2,2,3,2,3,3,2.0,2,1,2,3.0,2,2,3,3,2,3,2,2.0,3,2,2,3,3,2,2,2,2,2,2,3,3,3,2,5,1
UGA,Uganda,2013,MER+FUR(s),2026-03,ESAAMLG,LE,LE,LE,LE,LE,LE,LE,LE,LE,LE,LE,LC,LC,C,LC,C,C,C,PC,C,LC,C,C,C,LC,PC,C,C,C,C,C,C,LC,LC,LC,NC,LC,C,PC,C,PC,LC,C,C,LC,LC,C,PC,PC,NC,PC,0,0,0,0,0,0,0,0,0,0,0,2,2,3,2,3,3,3,1,3,2,3,3,3.0,2,1,3,3.0,3,3,3,3,2,2,2,0.0,2,3,1,3,1,2,3,3,2,2,3,1,1,0,1,3,
UKR,Ukraine,2013,MER+FUR(s),2020-09,MONEYVAL,SE,ME,ME,ME,ME,SE,LE,ME,ME,ME,ME,LC,C,LC,LC,LC,PC,PC,LC,C,LC,C,LC,C,LC,PC,C,,LC,C,C,LC,LC,LC,LC,PC,LC,LC,PC,C,C,C,LC,PC,C,LC,LC,LC,LC,LC,LC,2,1,1,1,1,2,0,1,1,1,1,2,3,2,2,2,1,1,2,3,2,3,2,3.0,2,1,3,,2,3,3,2,2,2,2,1.0,2,2,1,3,3,3,2,1,3,2,2,2,2,2,2,2,1
ARE,United Arab Emirates,2013,MER+FUR(s),2023-07,MENAFATF,ME,LE,ME,ME,LE,ME,LE,ME,SE,ME,LE,LC,LC,LC,LC,LC,C,C,LC,C,LC,LC,LC,C,LC,PC,C,LC,LC,C,C,LC,LC,LC,LC,LC,C,C,LC,C,C,C,C,LC,LC,LC,C,LC,LC,C,LC,1,0,1,1,0,1,0,1,2,1,0,2,2,2,2,2,3,3,2,3,2,2,2,3.0,2,1,3,2.0,2,3,3,2,2,2,2,2.0,3,3,2,3,3,3,3,2,2,2,3,2,2,3,2,3,1
GBR,United Kingdom,2013,MER+FUR(s),2022-06,FATF,HE,SE,ME,ME,SE,ME,SE,SE,HE,HE,HE,LC,C,C,C,C,LC,LC,C,C,LC,C,C,C,C,LC,C,LC,LC,LC,C,C,LC,LC,LC,C,C,C,C,PC,C,C,LC,LC,C,C,C,LC,C,C,LC,3,2,1,1,2,1,2,2,3,3,3,2,3,3,3,3,2,2,3,3,2,3,3,3.0,3,2,3,2.0,2,2,3,3,2,2,2,3.0,3,3,3,1,3,3,2,2,3,3,3,2,3,3,2,1,
USA,United States,2013,MER+FUR(s),2024-03,FATF,SE,SE,ME,ME,LE,SE,SE,HE,HE,HE,HE,PC,C,LC,LC,C,LC,LC,LC,C,LC,LC,PC,LC,LC,LC,PC,LC,LC,LC,PC,C,NC,NC,LC,PC,LC,C,NC,C,C,LC,C,LC,LC,LC,LC,LC,LC,LC,C,2,2,1,1,0,2,2,3,3,3,3,1,3,2,2,3,2,2,2,3,2,2,1,2.0,2,2,1,2.0,2,2,1,3,0,0,2,1.0,2,3,0,3,3,2,3,2,2,2,2,2,2,2,3,1,
URY,Uruguay,2013,MER,2020-01,GAFILAT,ME,ME,ME,ME,ME,ME,ME,ME,ME,ME,ME,LC,C,LC,LC,LC,LC,LC,C,C,LC,C,C,LC,LC,LC,LC,,C,C,LC,C,LC,LC,LC,LC,C,C,LC,LC,C,C,C,C,C,LC,C,LC,LC,LC,LC,1,1,1,1,1,1,1,1,1,1,1,2,3,2,2,2,2,2,3,3,2,3,3,2.0,2,2,2,,3,3,2,3,2,2,2,2.0,3,3,2,2,3,3,3,3,3,2,3,2,2,2,2,,
UZB,Uzbekistan,2013,MER+FUR(s),2023-07,EAG,SE,SE,ME,ME,ME,SE,ME,ME,SE,SE,SE,LC,C,LC,LC,LC,LC,LC,PC,LC,LC,LC,PC,LC,LC,LC,LC,LC,PC,LC,C,LC,LC,LC,LC,PC,PC,LC,LC,C,C,C,C,LC,LC,PC,LC,C,LC,C,LC,2,2,1,1,1,2,1,1,2,2,2,2,3,2,2,2,2,2,1,2,2,2,1,2.0,2,2,2,2.0,1,2,3,2,2,2,2,1.0,1,2,2,3,3,3,3,2,2,1,2,3,2,3,2,3,
VUT,Vanuatu,2013,MER+FUR(s),2018-09,APG,LE,LE,LE,LE,LE,LE,LE,LE,LE,LE,LE,C,C,C,C,C,C,C,LC,LC,LC,LC,LC,LC,C,LC,C,C,LC,PC,LC,LC,LC,LC,LC,LC,LC,C,LC,LC,C,C,LC,LC,C,C,C,C,LC,C,LC,0,0,0,0,0,0,0,0,0,0,0,3,3,3,3,3,3,3,2,2,2,2,2,2.0,3,2,3,3.0,2,1,2,2,2,2,2,2.0,2,3,2,2,3,3,2,2,3,3,3,3,2,3,2,27,
VEN,Venezuela,2013,MER+FUR(s),2025-10,CFATF,ME,LE,LE,LE,LE,LE,LE,LE,LE,LE,LE,PC,LC,LC,PC,PC,PC,NC,NC,LC,PC,LC,PC,LC,PC,PC,PC,PC,PC,PC,PC,LC,PC,PC,NC,NC,PC,PC,PC,PC,LC,LC,PC,PC,PC,PC,LC,PC,PC,LC,PC,1,0,0,0,0,0,0,0,0,0,0,1,2,2,1,1,1,0,0,2,1,2,1,2.0,1,1,1,1.0,1,1,1,2,1,1,0,0.0,1,1,1,1,2,2,1,1,1,1,2,1,1,2,1,2,
VNM,Viet Nam,2013,MER+FUR(s),2025-02,APG,ME,ME,LE,LE,LE,LE,LE,SE,SE,LE,LE,LC,LC,PC,LC,LC,LC,PC,LC,LC,PC,PC,NC,LC,PC,NC,PC,PC,PC,PC,PC,PC,PC,PC,PC,PC,PC,PC,PC,PC,C,LC,LC,C,PC,NC,LC,LC,PC,LC,LC,1,1,0,0,0,0,0,2,2,0,0,2,2,1,2,2,2,1,2,2,1,1,0,2.0,1,0,1,1.0,1,1,1,1,1,1,1,1.0,1,1,1,1,3,2,2,3,1,0,2,2,1,2,2,3,
ZMB,Zambia,2013,MER+FUR(s),2023-09,ESAAMLG,ME,ME,ME,ME,LE,ME,ME,ME,ME,ME,LE,LC,LC,C,C,PC,PC,PC,PC,C,LC,LC,LC,C,LC,PC,C,LC,LC,LC,C,C,LC,LC,PC,PC,PC,C,PC,C,LC,LC,C,C,C,PC,LC,LC,LC,LC,LC,1,1,1,1,0,1,1,1,1,1,0,2,2,3,3,1,1,1,1,3,2,2,2,3.0,2,1,3,2.0,2,2,3,3,2,2,1,1.0,1,3,1,3,2,2,3,3,3,1,2,2,2,2,2,2,2
ZWE,Zimbabwe,2013,MER+FUR(s),2024-04,ESAAMLG,LE,LE,LE,LE,LE,LE,LE,LE,ME,ME,LE,LC,PC,C,C,LC,C,LC,PC,C,C,C,C,LC,C,PC,C,LC,C,C,C,C,C,C,LC,LC,LC,LC,LC,LC,C,LC,LC,C,LC,LC,C,C,LC,C,LC,0,0,0,0,0,0,0,0,1,1,0,2,1,3,3,2,3,2,1,3,3,3,3,2.0,3,1,3,2.0,3,3,3,3,3,3,2,2.0,2,2,2,2,3,2,2,3,2,2,3,3,2,3,2,1,3
