metric,final_method,method_source,direction,direction_flipped,pre_transform,baseline_mean,baseline_sd,baseline_n_obs,baseline_year_span,winsor,harmonize_rule
ascor_climate_governance,zscore,rule,+,False,identity,0.4861481481,0.2248705587,180,2023-2025,3,"(clip(z,+/-3)+3)/6"
bci_corruption_index,zscore,rule,-,True,identity,45.32278725,18.83293651,3699,2002-2021,3,"(clip(z,+/-3)+3)/6"
brss_regstringency,zscore,rule,+,False,identity,0.6474993548,0.09015173768,155,2016-2016,3,"(clip(z,+/-3)+3)/6"
ccp_civil_rights_provisions,percentile,rule,+,False,,15.51559081,33.39862315,3656,2004-2023,,identity (already 0-1)
ccp_information_access,percentile,rule,+,False,,4.772702407,17.02863237,3656,2004-2023,,identity (already 0-1)
civicus_score,zscore,rule,+,False,identity,51.04,25.92066659,657,2022-2025,3,"(clip(z,+/-3)+3)/6"
climate_laws_cumulative,percentile,reviewed,+,False,,14.2915493,18.53938768,4260,2007-2026,,identity (already 0-1)
cpj_imprisoned,percentile,reviewed,-,True,,0.07253521127,1.28174128,4260,2007-2026,,identity (already 0-1)
cpj_murders_unsolved,percentile,rule,-,True,,0.02253521127,0.6039456765,4260,2007-2026,,identity (already 0-1)
epi_agr,zscore,rule,+,False,identity,45.51525424,17.63587747,354,2022-2024,3,"(clip(z,+/-3)+3)/6"
epi_bdh,zscore,rule,+,False,identity,51.13389831,21.07668761,354,2022-2024,3,"(clip(z,+/-3)+3)/6"
epi_cch,zscore,rule,+,False,identity,41.66271186,14.15677034,354,2022-2024,3,"(clip(z,+/-3)+3)/6"
epi_wrs,zscore,rule,+,False,identity,33.64131054,30.72480048,351,2022-2024,3,"(clip(z,+/-3)+3)/6"
fari_aggregate,zscore,rule,-,True,identity,0.3617134964,0.2767574426,3638,2005-2024,3,"(clip(z,+/-3)+3)/6"
fari_fdi_aggregate,zscore,reviewed,-,True,identity,0.4858416736,0.3102253568,3609,2005-2024,3,"(clip(z,+/-3)+3)/6"
fari_fdi_inflow,zscore,reviewed,-,True,identity,0.4940431699,0.3126850328,3609,2005-2024,3,"(clip(z,+/-3)+3)/6"
fatf_effectiveness,zscore,rule,+,False,identity,0.8152958153,0.5761679074,189,2017-2026,3,"(clip(z,+/-3)+3)/6"
fatf_technical_compliance,zscore,rule,+,False,identity,2.053832587,0.3512841615,189,2017-2026,3,"(clip(z,+/-3)+3)/6"
fh_a_electoral_process,zscore,reviewed,+,False,identity,7.608538059,4.355687002,2483,2013-2025,3,"(clip(z,+/-3)+3)/6"
fh_d_expression_belief,zscore,rule,+,False,identity,10.86669352,4.48099201,2483,2013-2025,3,"(clip(z,+/-3)+3)/6"
fh_e_associational_rights,zscore,reviewed,+,False,identity,7.573499799,3.844926795,2483,2013-2025,3,"(clip(z,+/-3)+3)/6"
fh_g_personal_autonomy,zscore,rule,+,False,identity,9.596053161,4.07421295,2483,2013-2025,3,"(clip(z,+/-3)+3)/6"
fr_any_enforcement,binary,rule,+,False,,,,4270,,,identity (already 0-1)
fr_compliance_mean,zscore,reviewed,+,False,identity,0.6738551651,0.4237855889,626,2005-2024,3,"(clip(z,+/-3)+3)/6"
fr_max_legal_basis,percentile,rule,+,False,,3.029655172,1.010197942,1450,2005-2024,,identity (already 0-1)
fr_num_rule_types,percentile,rule,+,False,,1.78647541,1.14479465,2440,2005-2024,,identity (already 0-1)
fraser_legal_system,zscore,rule,+,False,identity,5.267500607,1.769232675,3235,2004-2023,3,"(clip(z,+/-3)+3)/6"
fraser_regulation,zscore,rule,+,False,identity,6.225175507,1.122322642,3280,2004-2023,3,"(clip(z,+/-3)+3)/6"
fraser_trade_freedom,zscore,rule,+,False,identity,7.130328461,1.339572823,3063,2004-2023,3,"(clip(z,+/-3)+3)/6"
fsi_c1_security_apparatus,zscore,rule,-,True,identity,5.558833963,2.363600397,3116,2006-2023,3,"(clip(z,+/-3)+3)/6"
fsi_c2_factionalized_elites,zscore,rule,-,True,identity,6.305095635,2.450058398,3116,2006-2023,3,"(clip(z,+/-3)+3)/6"
fsi_c3_group_grievance,zscore,rule,-,True,identity,5.939940889,2.122486978,3116,2006-2023,3,"(clip(z,+/-3)+3)/6"
fsi_p2_public_services,zscore,rule,-,True,identity,5.570296669,2.489423686,3116,2006-2023,3,"(clip(z,+/-3)+3)/6"
gpi_peace_index,zscore,rule,-,True,identity,2.01710114,0.4414369171,2808,2008-2025,3,"(clip(z,+/-3)+3)/6"
idea_local_democracy,zscore,rule,+,False,identity,0.4726308824,0.3170834709,3364,2006-2025,3,"(clip(z,+/-3)+3)/6"
idea_participation,zscore,rule,+,False,identity,0.5604797169,0.1763736667,3373,2006-2025,3,"(clip(z,+/-3)+3)/6"
imapp_breadth_total,log1p_zscore,reviewed,+,False,log1p,1.59464069,0.6758698855,2680,2005-2024,3,"(clip(z,+/-3)+3)/6"
irena_renewables_share_pct,zscore,rule,+,False,identity,32.98463484,32.67649981,3872,2006-2025,3,"(clip(z,+/-3)+3)/6"
kaopen_norm,zscore,reviewed,+,False,identity,0.5409336901,0.3747609293,3482,2004-2023,3,"(clip(z,+/-3)+3)/6"
nelda_concerns_not_free_fair,binary,rule,-,True,,,,1646,,,identity (already 0-1)
nelda_media_bias_incumbent,binary,rule,-,True,,,,1421,,,identity (already 0-1)
nelda_opposition_allowed,binary,rule,+,False,,,,1102,,,identity (already 0-1)
nelda_riots_protests_after,binary,rule,-,True,,,,1540,,,identity (already 0-1)
nelda_violence_deaths_before,binary,rule,-,True,,,,1509,,,identity (already 0-1)
obs_open_budget_index,zscore,rule,+,False,identity,43.95052265,23.36395727,911,2006-2023,3,"(clip(z,+/-3)+3)/6"
odin_openness,zscore,rule,+,False,identity,0.860401402,0.3851519101,1091,2016-2024,3,"(clip(z,+/-3)+3)/6"
odin_overall,zscore,rule,+,False,identity,0.7878272765,0.3140374857,1091,2016-2024,3,"(clip(z,+/-3)+3)/6"
pefa_accountability,zscore,rule,+,False,identity,2.153455285,0.5799071146,82,2017-2026,3,"(clip(z,+/-3)+3)/6"
pefa_core_management,zscore,rule,+,False,identity,2.43568525,0.6475419155,82,2017-2026,3,"(clip(z,+/-3)+3)/6"
pei_electoral_integrity_index,zscore,rule,+,False,identity,55.06659442,17.03537262,542,2012-2024,3,"(clip(z,+/-3)+3)/6"
pew_gov_restrictions_index,zscore,rule,-,True,identity,3.111037097,2.171314771,3100,2007-2022,3,"(clip(z,+/-3)+3)/6"
pew_social_hostilities_index,zscore,rule,-,True,identity,2.339582494,2.309579321,3100,2007-2022,3,"(clip(z,+/-3)+3)/6"
polfin_transparency_integrity,zscore,rule,+,False,identity,0.6056405081,0.2688773776,175,2026-2026,3,"(clip(z,+/-3)+3)/6"
pt_coup_failed,percentile,rule,-,True,,0.009624413146,0.1172908178,4260,2006-2025,,identity (already 0-1)
pt_coup_successful,percentile,rule,-,True,,0.1758215962,0.6719234573,4260,2006-2025,,identity (already 0-1)
pts_index,zscore,reviewed,-,True,identity,2.362309253,1.123718931,3779,2005-2024,3,"(clip(z,+/-3)+3)/6"
romelli_cbi_index,zscore,rule,+,False,identity,0.6775674288,0.1583110043,3018,2004-2023,3,"(clip(z,+/-3)+3)/6"
rti_total,zscore,reviewed,+,False,identity,65.60834954,39.52801659,191,2026-2026,3,"(clip(z,+/-3)+3)/6"
spi_overall,zscore,rule,+,False,identity,65.57001403,17.19460135,1604,2016-2024,3,"(clip(z,+/-3)+3)/6"
tfi_avg,zscore,rule,+,False,identity,1.16232582,0.4466699766,488,2017-2022,3,"(clip(z,+/-3)+3)/6"
ti_cpi_score,zscore,rule,+,False,identity,43.34646018,19.06861994,2260,2012-2024,3,"(clip(z,+/-3)+3)/6"
ucdp_sb_intrastate_deaths_best,percentile,reviewed,-,True,,0.1399987887,0.5476257546,4260,2005-2024,,identity (already 0-1)
unodc_homicide_rate,percentile,rule,-,True,,7.89162466,12.15170051,2484,2005-2024,,identity (already 0-1)
v2clacjstw,zscore,rule,+,False,identity,0.8920710335,1.274084444,3435,2006-2025,3,"(clip(z,+/-3)+3)/6"
v2cldmovem,zscore,rule,+,False,identity,1.266074527,0.8654918463,3435,2006-2025,3,"(clip(z,+/-3)+3)/6"
v2cldmovew,zscore,rule,+,False,identity,1.155691703,1.104366903,3435,2006-2025,3,"(clip(z,+/-3)+3)/6"
v2clkill,zscore,rule,+,False,identity,1.256775255,1.472062929,3435,2006-2025,3,"(clip(z,+/-3)+3)/6"
v2clrelig,zscore,rule,+,False,identity,1.073828821,1.309873662,3435,2006-2025,3,"(clip(z,+/-3)+3)/6"
v2clrgunev,zscore,rule,+,False,identity,0.5782879185,1.246713517,3435,2006-2025,3,"(clip(z,+/-3)+3)/6"
v2clrspct,zscore,rule,+,False,identity,0.4521187773,1.463256503,3435,2006-2025,3,"(clip(z,+/-3)+3)/6"
v2clslavef,zscore,rule,+,False,identity,0.9706704512,0.8944796584,3435,2006-2025,3,"(clip(z,+/-3)+3)/6"
v2clsocgrp,zscore,rule,+,False,identity,0.9549595342,1.170055959,3435,2006-2025,3,"(clip(z,+/-3)+3)/6"
v2clstown,zscore,rule,+,False,identity,0.671424163,1.037026107,3435,2006-2025,3,"(clip(z,+/-3)+3)/6"
v2cltort,zscore,rule,+,False,identity,0.8404972344,1.507575931,3435,2006-2025,3,"(clip(z,+/-3)+3)/6"
v2cltrnslw,zscore,rule,+,False,identity,0.707896361,1.402314901,3435,2006-2025,3,"(clip(z,+/-3)+3)/6"
v2cscnsult,zscore,rule,+,False,identity,0.849436099,1.277856236,3435,2006-2025,3,"(clip(z,+/-3)+3)/6"
v2cseeorgs,zscore,rule,+,False,identity,1.028904221,1.401474998,3435,2006-2025,3,"(clip(z,+/-3)+3)/6"
v2csprtcpt,zscore,rule,+,False,identity,0.9726943231,1.084634761,3435,2006-2025,3,"(clip(z,+/-3)+3)/6"
v2csreprss,zscore,rule,+,False,identity,0.9534742358,1.445251337,3435,2006-2025,3,"(clip(z,+/-3)+3)/6"
v2dlconslt,zscore,rule,+,False,identity,0.9064966521,1.183983207,3435,2006-2025,3,"(clip(z,+/-3)+3)/6"
v2elaccept,zscore,rule,+,False,identity,0.2368950123,1.294802534,3248,2006-2025,3,"(clip(z,+/-3)+3)/6"
v2elembaut,zscore,rule,+,False,identity,0.7558020378,1.595390446,3435,2006-2025,3,"(clip(z,+/-3)+3)/6"
v2elembcap,zscore,rule,+,False,identity,0.8474436681,1.275740352,3435,2006-2025,3,"(clip(z,+/-3)+3)/6"
v2elfrfair,zscore,rule,+,False,identity,0.3449350369,1.441048825,3248,2006-2025,3,"(clip(z,+/-3)+3)/6"
v2elintim,zscore,rule,+,False,identity,0.262112069,1.345880802,3248,2006-2025,3,"(clip(z,+/-3)+3)/6"
v2elirreg,zscore,rule,+,False,identity,0.1910748153,1.409987086,3248,2006-2025,3,"(clip(z,+/-3)+3)/6"
v2elvotbuy,zscore,rule,+,False,identity,-0.04963300493,1.404377355,3248,2006-2025,3,"(clip(z,+/-3)+3)/6"
v2jucomp,zscore,rule,+,False,identity,0.3301097525,1.424925971,3435,2006-2025,3,"(clip(z,+/-3)+3)/6"
v2jucorrdc,zscore,rule,+,False,identity,0.2046896652,1.493584366,3435,2006-2025,3,"(clip(z,+/-3)+3)/6"
v2juhcind,zscore,rule,+,False,identity,0.4108724891,1.439050851,3435,2006-2025,3,"(clip(z,+/-3)+3)/6"
v2juncind,zscore,rule,+,False,identity,0.5582197962,1.352051442,3435,2006-2025,3,"(clip(z,+/-3)+3)/6"
v2jupack,zscore,rule,+,False,identity,0.6525021834,1.111065927,3435,2006-2025,3,"(clip(z,+/-3)+3)/6"
v2jupurge,zscore,rule,+,False,identity,0.8243481805,1.14141814,3435,2006-2025,3,"(clip(z,+/-3)+3)/6"
v2lgcrrpt,zscore,rule,+,False,identity,-0.09950490633,1.382241634,3363,2006-2025,3,"(clip(z,+/-3)+3)/6"
v2lginvstp,zscore,rule,+,False,identity,0.4441018437,1.420918281,3417,2006-2025,3,"(clip(z,+/-3)+3)/6"
v2lgoppart,zscore,rule,+,False,identity,0.7243392804,1.456988307,3363,2006-2025,3,"(clip(z,+/-3)+3)/6"
v2lgotovst,zscore,rule,+,False,identity,0.634322128,1.331450643,3421,2006-2025,3,"(clip(z,+/-3)+3)/6"
v2lgqstexp,zscore,rule,+,False,identity,0.7555286946,1.212567037,3363,2006-2025,3,"(clip(z,+/-3)+3)/6"
v2mebias,zscore,rule,+,False,identity,0.9083478894,1.302863152,3435,2006-2025,3,"(clip(z,+/-3)+3)/6"
v2mecenefm,zscore,rule,+,False,identity,0.631392722,1.524266042,3435,2006-2025,3,"(clip(z,+/-3)+3)/6"
v2mecorrpt,zscore,rule,+,False,identity,0.6901982533,1.357195031,3435,2006-2025,3,"(clip(z,+/-3)+3)/6"
v2merange,zscore,rule,+,False,identity,0.9642631732,1.330295763,3435,2006-2025,3,"(clip(z,+/-3)+3)/6"
v2pepwrses,zscore,rule,+,False,identity,0.4180550218,1.029851793,3435,2006-2025,3,"(clip(z,+/-3)+3)/6"
v2pepwrsoc,zscore,rule,+,False,identity,0.8076442504,1.139339416,3435,2006-2025,3,"(clip(z,+/-3)+3)/6"
v2pscohesv,zscore,rule,+,False,identity,0.8113222707,1.128754655,3435,2006-2025,3,"(clip(z,+/-3)+3)/6"
v2psoppaut,zscore,rule,+,False,identity,1.244832985,1.310840477,3347,2006-2025,3,"(clip(z,+/-3)+3)/6"
v2psprlnks,zscore,rule,+,False,identity,0.4148270742,1.309012605,3435,2006-2025,3,"(clip(z,+/-3)+3)/6"
v2svdomaut,zscore,rule,+,False,identity,1.281236099,0.7214626978,3435,2006-2025,3,"(clip(z,+/-3)+3)/6"
v2svstterr,zscore,rule,+,False,identity,91.59946979,10.14141536,3393,2006-2025,3,"(clip(z,+/-3)+3)/6"
v2x_civlib,zscore,rule,+,False,identity,0.6943656477,0.2438277608,3435,2006-2025,3,"(clip(z,+/-3)+3)/6"
v2x_corr,zscore,rule,-,True,identity,0.4952326055,0.3062317563,3435,2006-2025,3,"(clip(z,+/-3)+3)/6"
v2x_egal,zscore,rule,+,False,identity,0.6111802038,0.2158270963,3435,2006-2025,3,"(clip(z,+/-3)+3)/6"
v2x_freexp_altinf,zscore,rule,+,False,identity,0.6694084425,0.2756788598,3435,2006-2025,3,"(clip(z,+/-3)+3)/6"
v2x_partip,zscore,rule,+,False,identity,0.4902430859,0.1798454536,3435,2006-2025,3,"(clip(z,+/-3)+3)/6"
v2x_polyarchy,zscore,rule,+,False,identity,0.52316623,0.2557541795,3435,2006-2025,3,"(clip(z,+/-3)+3)/6"
v2xcl_prpty,zscore,rule,+,False,identity,0.727045706,0.1934900483,3435,2006-2025,3,"(clip(z,+/-3)+3)/6"
v2xeg_eqaccess,zscore,rule,+,False,identity,0.6179010189,0.2322520179,3435,2006-2025,3,"(clip(z,+/-3)+3)/6"
v2xlg_legcon,zscore,rule,+,False,identity,0.591913667,0.2974156019,3417,2006-2025,3,"(clip(z,+/-3)+3)/6"
vdem_regime_duration,zscore,rule,+,False,identity,16.78253275,9.665234326,3435,2006-2025,3,"(clip(z,+/-3)+3)/6"
wb_carbon_coverage_pct,zscore,rule,+,False,identity,44.09371147,14.49575294,811,2006-2025,3,"(clip(z,+/-3)+3)/6"
wb_carbon_price_usd,zscore,rule,+,False,identity,28.72453257,28.08910116,768,2006-2025,3,"(clip(z,+/-3)+3)/6"
wb_carbon_pricing_exists,binary,rule,+,False,,,,7668,,,identity (already 0-1)
wb_carbon_revenue_pct_gdp,log1p_zscore,reviewed,+,False,log1p,0.1161469381,0.1390563826,431,2005-2024,3,"(clip(z,+/-3)+3)/6"
wbl_enforcement_perceptions,zscore,rule,+,False,identity,53.34539773,16.43039118,176,2025-2025,3,"(clip(z,+/-3)+3)/6"
wbl_legal_framework,zscore,rule,+,False,identity,66.99106383,18.40364088,188,2025-2025,3,"(clip(z,+/-3)+3)/6"
wbl_supportive_framework,zscore,rule,+,False,identity,46.82287234,19.49124043,188,2025-2025,3,"(clip(z,+/-3)+3)/6"
wdi_education_index,zscore,rule,+,False,identity,0.06638803484,0.8116623568,3187,2006-2025,3,"(clip(z,+/-3)+3)/6"
wdi_hci_plus_overall,zscore,rule,+,False,identity,182.6014587,52.263173,575,2010-2025,3,"(clip(z,+/-3)+3)/6"
wdi_health_index,zscore,rule,+,False,identity,0.07368682178,0.8483429076,4260,2005-2024,3,"(clip(z,+/-3)+3)/6"
wdi_infrastructure_index,zscore,reviewed,+,False,identity,0.05006485889,0.9734422612,4229,2005-2024,3,"(clip(z,+/-3)+3)/6"
wdi_lpi_overall,zscore,rule,+,False,identity,2.874338387,0.5856014425,1061,2007-2022,3,"(clip(z,+/-3)+3)/6"
wdi_social_protection_index,zscore,rule,+,False,identity,-0.02194147298,0.8422214215,576,2004-2023,3,"(clip(z,+/-3)+3)/6"
wdi_tariff_rate_simple_mean,zscore,rule,-,True,identity,7.690776567,5.336047885,2936,2003-2022,3,"(clip(z,+/-3)+3)/6"
wgi_government_effectiveness,zscore,rule,+,False,identity,0.02663925536,0.9636396078,4003,2005-2024,3,"(clip(z,+/-3)+3)/6"
wgi_political_stability,zscore,rule,+,False,identity,0.0002751633935,0.9898202934,4043,2005-2024,3,"(clip(z,+/-3)+3)/6"
wgi_regulatory_quality,zscore,rule,+,False,identity,0.02534418005,0.9542317924,4001,2005-2024,3,"(clip(z,+/-3)+3)/6"
wjp_f2_absence_corruption,zscore,rule,+,False,identity,0.5211583469,0.1906182944,1484,2013-2025,3,"(clip(z,+/-3)+3)/6"
wjp_f3_open_government,zscore,rule,+,False,identity,0.5272027258,0.1527246988,1484,2013-2025,3,"(clip(z,+/-3)+3)/6"
wjp_f4_fundamental_rights,zscore,rule,+,False,identity,0.5780883535,0.1606040702,1484,2013-2025,3,"(clip(z,+/-3)+3)/6"
wjp_f5_order_security,zscore,rule,+,False,identity,0.7208615906,0.1292310006,1484,2013-2025,3,"(clip(z,+/-3)+3)/6"
wjp_f6_5_no_expropriation,zscore,rule,+,False,identity,0.5713944596,0.1612393373,1484,2013-2025,3,"(clip(z,+/-3)+3)/6"
wjp_f6_regulatory_enforcement,zscore,rule,+,False,identity,0.540746258,0.1497494608,1484,2013-2025,3,"(clip(z,+/-3)+3)/6"
wjp_f7_civil_justice,zscore,rule,+,False,identity,0.549041609,0.1358530016,1484,2013-2025,3,"(clip(z,+/-3)+3)/6"
wjp_f8_criminal_justice,zscore,rule,+,False,identity,0.4820858673,0.1617285234,1484,2013-2025,3,"(clip(z,+/-3)+3)/6"
