family,file,metric,n,n_unique,min,max,median,skew,excess_kurt,zero_frac,boundary_pile,suggested_method,flag_reason,final_method,method_source,note
symmetric,areaer_er_clean.csv,areaer_regime_ordinal,193,10,1.0,10.0,6.0,0.1,-1.48,0.0,0.24,REVIEW:zscore,ceiling/floor pile (24%),,,
symmetric,areaer_fari_clean.csv,fari_aggregate,4744,423,0.0,0.947,0.293,0.23,-1.49,0.02,0.03,zscore,,,,
symmetric,areaer_fari_clean.csv,fari_fdi_aggregate,4707,12,0.0,1.0,0.5,0.2,-1.0,0.1,0.27,REVIEW:zscore,ceiling/floor pile (27%),,,
symmetric,areaer_fari_clean.csv,fari_inflow,4744,173,0.0,1.0,0.233,0.49,-1.06,0.04,0.04,zscore,,,,
symmetric,areaer_fari_clean.csv,fari_outflow,4734,173,0.0,1.0,0.385,0.13,-1.53,0.14,0.16,zscore,,,,
symmetric,areaer_fari_clean.csv,fari_fdi_inflow,4707,7,0.0,1.0,0.5,0.14,-0.94,0.13,0.32,REVIEW:zscore,ceiling/floor pile (32%),,,
zero_inflated,areaer_fari_clean.csv,fari_fdi_outflow,4648,3,0.0,1.0,0.5,0.05,-1.79,0.43,0.83,log1p_zscore,,,,
symmetric,chinn_ito_clean.csv,kaopen,8247,46,-1.939,2.281,-0.175,0.41,-1.4,0.0,0.32,REVIEW:zscore,ceiling/floor pile (32%),,,
symmetric,chinn_ito_clean.csv,kaopen_norm,8247,46,0.0,1.0,0.418,0.41,-1.4,0.1,0.32,REVIEW:zscore,ceiling/floor pile (32%),,,
symmetric,civicus_clean.csv,civicus_score,657,510,3.94,100.0,49.94,0.05,-1.24,0.0,0.0,zscore,,,,
zero_inflated,climate_laws_clean.csv,new_laws,5124,25,0.0,31.0,0.0,5.09,41.97,0.52,0.52,percentile,,,,
right_skew_pos,climate_laws_clean.csv,climate_laws_cumulative,5124,118,1.0,217.0,7.0,3.64,20.37,0.0,0.16,log_zscore,,,,
moderate_skew,cpj_clean.csv,cpj_imprisoned,49,17,0.0,50.0,2.0,2.51,6.89,0.27,0.29,REVIEW:zscore,ceiling/floor pile (29%),,,
zero_inflated,cpj_clean.csv,cpj_murdered_total,49,8,0.0,32.0,1.0,4.71,23.67,0.45,0.47,percentile,,,,
zero_inflated,cpj_clean.csv,cpj_murdered_confirmed,49,8,0.0,32.0,1.0,4.72,23.78,0.45,0.47,percentile,,,,
zero_inflated,cpj_clean.csv,cpj_murders_unsolved,49,8,0.0,32.0,0.0,4.7,23.59,0.51,0.53,percentile,,,,
ordinal,dpi_clean.csv,dpi_military_executive,5812,3,-999.0,1.0,0.0,-6.84,44.73,0.84,0.16,percentile,,,,
moderate_skew,dpi_clean.csv,dpi_parties_in_govt,5806,76,-999.0,74.0,4.0,-1.5,0.26,0.0,0.2,REVIEW:zscore,possible multimodal (BC=1.00),,,
extreme_skew,dpi_clean.csv,dpi_num_govt_parties,5821,367,0.0,3000.0,80.0,9.16,101.44,0.08,0.08,REVIEW:percentile,possible multimodal (BC=0.81),,,
moderate_skew,dpi_clean.csv,dpi_num_opp_parties,5821,266,0.0,442.0,33.0,1.85,3.61,0.22,0.22,REVIEW:zscore,ceiling/floor pile (22%),,,
zero_inflated,dpi_clean.csv,dpi_govt_fragmentation,5318,798,0.0,1.0,0.0,0.76,-0.94,0.48,0.48,log1p_zscore,,,,
symmetric,dpi_clean.csv,dpi_opp_fragmentation,4513,1063,0.0,1.0,0.505,-0.28,-1.08,0.18,0.19,zscore,,,,
symmetric,dpi_clean.csv,dpi_total_fragmentation,5245,1430,0.0,1.0,0.604,-0.83,-0.18,0.08,0.09,zscore,,,,
ordinal,dpi_clean.csv,dpi_polarization,4821,3,0.0,2.0,0.0,1.38,0.09,0.75,0.93,percentile,,,,
extreme_skew,dpi_clean.csv,dpi_govt1_seat_share,5793,338,-999.0,3000.0,62.0,8.71,98.81,0.08,0.0,REVIEW:percentile,possible multimodal (BC=0.76),,,
extreme_skew,dpi_clean.csv,dpi_opp1_seat_share,5774,194,-999.0,281.0,20.0,-8.03,105.75,0.21,0.0,percentile,,,,
right_skew_pos,dpi_clean.csv,dpi_herfindahl_govt,5318,771,0.02,729.728,1.0,36.41,1324.69,0.0,0.0,REVIEW:log_zscore,possible multimodal (BC=1.00),,,
right_skew_pos,dpi_clean.csv,dpi_herfindahl_opp,4533,1052,0.011,5092.342,0.511,23.92,572.92,0.0,0.0,REVIEW:log_zscore,possible multimodal (BC=0.99),,,
extreme_skew,dpi_clean.csv,dpi_exec_years_in_office,5813,53,-999.0,52.0,4.0,-6.93,46.16,0.0,0.02,REVIEW:percentile,possible multimodal (BC=1.00),,,
moderate_skew,dpi_clean.csv,dpi_exec_years_current_term,5766,8,-999.0,6.0,2.0,-2.04,2.16,0.17,0.15,REVIEW:zscore,possible multimodal (BC=1.00),,,
zero_infl_count,dpi_clean.csv,dpi_cabinet_stability,5620,13,0.0,1.0,0.0,2.29,4.12,0.8,0.85,log1p_zscore,,,,
right_skew_pos,dpi_clean.csv,dpi_checks_balances,5559,14,1.0,18.0,3.0,1.51,8.42,0.0,0.26,REVIEW:log_zscore,ceiling/floor pile (26%),,,
ordinal,dpi_clean.csv,dpi_govt_controls_all_houses,5731,3,-999.0,1.0,0.0,-2.04,2.16,0.39,0.61,percentile,,,,
ordinal,dpi_clean.csv,dpi_opp_majority_lower,5776,3,-999.0,1.0,0.0,-2.96,6.79,0.9,0.1,percentile,,,,
ordinal,dpi_clean.csv,dpi_opp_majority_upper,5763,4,-999.0,999.0,-999.0,0.74,-1.44,0.32,0.67,percentile,,,,
symmetric,dpi_clean.csv,dpi_majority_govt,5214,1074,0.032,1.0,0.617,0.11,-0.44,0.0,0.12,zscore,,,,
ordinal,dpi_clean.csv,dpi_legislative_election_year,5819,3,-999.0,1.0,0.0,-6.93,46.1,0.77,0.23,percentile,,,,
ordinal,dpi_clean.csv,dpi_executive_election_year,5819,3,-999.0,1.0,0.0,-7.03,47.48,0.87,0.13,percentile,,,,
extreme_skew,dpi_clean.csv,dpi_leg_electoral_competitiveness,5808,11,-999.0,7.0,7.0,-6.83,44.69,0.0,0.7,REVIEW:percentile,possible multimodal (BC=1.00),,,
extreme_skew,dpi_clean.csv,dpi_exec_electoral_competitiveness,5808,10,-999.0,7.0,7.0,-6.68,42.65,0.0,0.67,REVIEW:percentile,possible multimodal (BC=1.00),,,
ordinal,dpi_clean.csv,dpi_plurality_system,5652,3,-999.0,1.0,1.0,-2.4,3.78,0.31,0.69,percentile,,,,
ordinal,dpi_clean.csv,dpi_pr_system,5655,3,-999.0,1.0,1.0,-2.03,2.1,0.33,0.67,percentile,,,,
ordinal,dpi_clean.csv,dpi_election_fraud,5741,3,-999.0,1.0,0.0,-2.6,4.77,0.75,0.25,percentile,,,,
symmetric,epi_clean.csv,country_code_epi,354,177,4.0,894.0,417.0,0.07,-1.18,0.0,0.01,zscore,,,,
symmetric,epi_clean.csv,epi_epi,354,241,18.9,77.9,43.8,0.48,-0.17,0.0,0.01,zscore,,,,
symmetric,epi_clean.csv,epi_cch,354,263,8.8,92.4,41.3,0.47,0.53,0.0,0.01,zscore,,,,
symmetric,epi_clean.csv,epi_eco,354,249,14.6,83.1,48.05,0.08,-0.41,0.0,0.01,zscore,,,,
symmetric,epi_clean.csv,epi_hlt,354,279,10.9,94.7,41.85,0.54,-0.56,0.0,0.01,zscore,,,,
symmetric,epi_clean.csv,epi_bdh,354,288,3.6,91.9,52.9,-0.22,-0.78,0.0,0.01,zscore,,,,
symmetric,epi_clean.csv,epi_agr,354,269,1.7,83.0,45.3,-0.07,-0.71,0.0,0.01,zscore,,,,
symmetric,epi_clean.csv,epi_fsh,273,230,0.0,100.0,35.5,0.58,-0.88,0.0,0.01,zscore,,,,
symmetric,epi_clean.csv,epi_wrs,351,248,0.0,100.0,23.0,0.64,-0.93,0.1,0.12,zscore,,,,
binary,fatf_clean.csv,methodology_round,189,2,2013.0,2022.0,2013.0,,,0.0,1.0,binary,,,,
ordinal,fatf_clean.csv,IO1_num,189,4,0.0,3.0,1.0,0.12,-0.99,0.29,0.3,percentile,,,,
ordinal,fatf_clean.csv,IO2_num,189,4,0.0,3.0,1.0,-0.2,-0.94,0.21,0.25,percentile,,,,
ordinal,fatf_clean.csv,IO3_num,189,3,0.0,2.0,1.0,0.35,-0.65,0.4,0.49,percentile,,,,
ordinal,fatf_clean.csv,IO4_num,189,3,0.0,2.0,1.0,-0.07,-0.79,0.37,0.4,percentile,,,,
ordinal,fatf_clean.csv,IO5_num,189,4,0.0,3.0,1.0,0.84,0.56,0.48,0.49,percentile,,,,
ordinal,fatf_clean.csv,IO6_num,189,4,0.0,3.0,1.0,0.32,-0.55,0.28,0.31,percentile,,,,
ordinal,fatf_clean.csv,IO7_num,189,3,0.0,2.0,1.0,0.6,-0.6,0.49,0.57,percentile,,,,
ordinal,fatf_clean.csv,IO8_num,189,4,0.0,3.0,1.0,0.75,-0.05,0.41,0.44,percentile,,,,
ordinal,fatf_clean.csv,IO9_num,189,4,0.0,3.0,1.0,0.32,-1.08,0.38,0.4,percentile,,,,
ordinal,fatf_clean.csv,IO10_num,189,4,0.0,3.0,1.0,0.71,-0.09,0.44,0.46,percentile,,,,
ordinal,fatf_clean.csv,IO11_num,189,4,0.0,3.0,0.0,0.96,-0.06,0.54,0.56,percentile,,,,
ordinal,fatf_clean.csv,R1_num,189,4,0.0,3.0,2.0,-0.48,1.18,0.01,0.08,percentile,,,,
ordinal,fatf_clean.csv,R2_num,189,4,0.0,3.0,2.0,-0.46,-0.13,0.01,0.35,percentile,,,,
ordinal,fatf_clean.csv,R3_num,189,3,1.0,3.0,2.0,-0.08,-0.5,0.0,0.4,percentile,,,,
ordinal,fatf_clean.csv,R4_num,189,3,1.0,3.0,2.0,-0.17,-0.52,0.0,0.42,percentile,,,,
ordinal,fatf_clean.csv,R5_num,189,3,1.0,3.0,2.0,-0.17,-0.53,0.0,0.42,percentile,,,,
ordinal,fatf_clean.csv,R6_num,189,4,0.0,3.0,2.0,-0.31,-0.09,0.05,0.2,percentile,,,,
ordinal,fatf_clean.csv,R7_num,189,4,0.0,3.0,2.0,-0.27,-0.64,0.13,0.28,percentile,,,,
ordinal,fatf_clean.csv,R8_num,189,4,0.0,3.0,1.0,-0.06,-0.79,0.2,0.25,percentile,,,,
ordinal,fatf_clean.csv,R9_num,189,3,1.0,3.0,3.0,-1.06,-0.21,0.0,0.7,percentile,,,,
ordinal,fatf_clean.csv,R10_num,189,4,0.0,3.0,2.0,-0.4,2.21,0.01,0.15,percentile,,,,
ordinal,fatf_clean.csv,R11_num,189,3,1.0,3.0,2.0,-0.31,-1.09,0.0,0.52,percentile,,,,
ordinal,fatf_clean.csv,R12_num,189,4,0.0,3.0,2.0,-0.46,-0.47,0.02,0.37,percentile,,,,
ordinal,fatf_clean.csv,R13_num,189,4,0.0,3.0,2.0,-0.7,0.09,0.01,0.44,percentile,,,,
ordinal,fatf_clean.csv,R14_num,189,4,0.0,3.0,2.0,-0.55,-0.33,0.02,0.39,percentile,,,,
ordinal,fatf_clean.csv,R15_num,189,4,0.0,3.0,1.0,0.14,-0.74,0.22,0.29,percentile,,,,
ordinal,fatf_clean.csv,R16_num,189,4,0.0,3.0,2.0,-0.46,0.37,0.03,0.24,percentile,,,,
ordinal,fatf_clean.csv,R17_num,175,4,0.0,3.0,2.0,-0.74,0.74,0.03,0.34,percentile,,,,
ordinal,fatf_clean.csv,R18_num,189,4,0.0,3.0,2.0,-0.37,0.85,0.01,0.27,percentile,,,,
ordinal,fatf_clean.csv,R19_num,189,4,0.0,3.0,2.0,-0.71,-0.03,0.05,0.4,percentile,,,,
ordinal,fatf_clean.csv,R20_num,189,4,0.0,3.0,3.0,-1.14,0.5,0.01,0.61,percentile,,,,
ordinal,fatf_clean.csv,R21_num,189,3,1.0,3.0,3.0,-1.08,0.14,0.0,0.69,percentile,,,,
ordinal,fatf_clean.csv,R22_num,189,4,0.0,3.0,2.0,-0.38,0.22,0.04,0.15,percentile,,,,
ordinal,fatf_clean.csv,R23_num,189,4,0.0,3.0,2.0,-0.4,0.24,0.04,0.17,percentile,,,,
ordinal,fatf_clean.csv,R24_num,189,4,0.0,3.0,2.0,-0.48,-0.35,0.08,0.1,percentile,,,,
ordinal,fatf_clean.csv,R25_num,188,4,0.0,3.0,2.0,-0.37,-0.27,0.1,0.18,percentile,,,,
ordinal,fatf_clean.csv,R26_num,189,4,0.0,3.0,2.0,-0.03,-0.25,0.01,0.16,percentile,,,,
ordinal,fatf_clean.csv,R27_num,189,3,1.0,3.0,2.0,-0.41,-0.74,0.0,0.52,percentile,,,,
ordinal,fatf_clean.csv,R28_num,189,4,0.0,3.0,1.0,0.01,-0.51,0.11,0.21,percentile,,,,
ordinal,fatf_clean.csv,R29_num,189,3,1.0,3.0,2.0,-0.57,-0.58,0.0,0.56,percentile,,,,
ordinal,fatf_clean.csv,R30_num,189,3,1.0,3.0,3.0,-1.23,0.51,0.0,0.71,percentile,,,,
ordinal,fatf_clean.csv,R31_num,189,3,1.0,3.0,2.0,-0.4,-0.67,0.0,0.51,percentile,,,,
ordinal,fatf_clean.csv,R32_num,189,3,1.0,3.0,2.0,-0.01,-0.59,0.0,0.42,percentile,,,,
ordinal,fatf_clean.csv,R33_num,189,4,0.0,3.0,2.0,-0.49,-0.38,0.04,0.35,percentile,,,,
ordinal,fatf_clean.csv,R34_num,189,4,0.0,3.0,2.0,-0.26,-0.64,0.01,0.31,percentile,,,,
ordinal,fatf_clean.csv,R35_num,189,4,0.0,3.0,2.0,0.07,-0.49,0.01,0.15,percentile,,,,
ordinal,fatf_clean.csv,R36_num,189,3,1.0,3.0,2.0,-0.1,-0.45,0.0,0.4,percentile,,,,
ordinal,fatf_clean.csv,R37_num,189,4,0.0,3.0,2.0,-0.15,1.29,0.01,0.19,percentile,,,,
ordinal,fatf_clean.csv,R38_num,189,4,0.0,3.0,2.0,-0.15,-0.06,0.01,0.22,percentile,,,,
ordinal,fatf_clean.csv,R39_num,189,4,0.0,3.0,2.0,-0.19,0.58,0.01,0.26,percentile,,,,
ordinal,fatf_clean.csv,R40_num,189,4,0.0,3.0,2.0,-0.79,2.81,0.01,0.07,percentile,,,,
right_skew_pos,fatf_clean.csv,n_upgrades,143,18,1.0,27.0,3.0,2.33,7.28,0.0,0.25,REVIEW:log_zscore,ceiling/floor pile (25%),,,
ordinal,fh_fiw_clean.csv,fh_a1,2483,5,0.0,4.0,3.0,-0.54,-1.32,0.21,0.63,percentile,,,,
ordinal,fh_fiw_clean.csv,fh_a2,2483,5,0.0,4.0,3.0,-0.62,-1.11,0.14,0.58,percentile,,,,
ordinal,fh_fiw_clean.csv,fh_a3,2483,5,0.0,4.0,3.0,-0.48,-1.1,0.13,0.45,percentile,,,,
symmetric,fh_fiw_clean.csv,fh_a_electoral_process,2483,13,0.0,12.0,9.0,-0.56,-1.2,0.11,0.4,REVIEW:zscore,ceiling/floor pile (40%),,,
ordinal,fh_fiw_clean.csv,fh_d1,2483,5,0.0,4.0,2.0,-0.14,-1.0,0.1,0.29,percentile,,,,
ordinal,fh_fiw_clean.csv,fh_d2,2483,5,0.0,4.0,3.0,-0.85,-0.41,0.04,0.49,percentile,,,,
ordinal,fh_fiw_clean.csv,fh_d3,2483,5,0.0,4.0,3.0,-0.67,-0.74,0.04,0.46,percentile,,,,
ordinal,fh_fiw_clean.csv,fh_d4,2483,5,0.0,4.0,3.0,-0.74,-0.63,0.03,0.44,percentile,,,,
symmetric,fh_fiw_clean.csv,fh_d_expression_belief,2483,17,0.0,16.0,12.0,-0.58,-0.92,0.0,0.15,zscore,,,,
ordinal,fh_fiw_clean.csv,fh_e1,2483,5,0.0,4.0,3.0,-0.4,-1.24,0.12,0.48,percentile,,,,
ordinal,fh_fiw_clean.csv,fh_e2,2483,5,0.0,4.0,3.0,-0.44,-1.18,0.09,0.47,percentile,,,,
ordinal,fh_fiw_clean.csv,fh_e3,2483,5,0.0,4.0,3.0,-0.35,-0.89,0.06,0.33,percentile,,,,
symmetric,fh_fiw_clean.csv,fh_e_associational_rights,2483,13,0.0,12.0,8.0,-0.39,-1.19,0.03,0.25,REVIEW:zscore,ceiling/floor pile (25%),,,
ordinal,fh_fiw_clean.csv,fh_g1,2483,5,0.0,4.0,3.0,-0.58,-0.74,0.05,0.4,percentile,,,,
ordinal,fh_fiw_clean.csv,fh_g2,2483,5,0.0,4.0,2.0,-0.05,-0.98,0.02,0.23,percentile,,,,
ordinal,fh_fiw_clean.csv,fh_g3,2483,5,0.0,4.0,2.0,-0.14,-0.72,0.03,0.18,percentile,,,,
ordinal,fh_fiw_clean.csv,fh_g4,2483,5,0.0,4.0,2.0,-0.04,-0.66,0.06,0.13,percentile,,,,
symmetric,fh_fiw_clean.csv,fh_g_personal_autonomy,2483,17,0.0,16.0,10.0,-0.22,-0.93,0.01,0.06,zscore,,,,
symmetric,fraser_clean.csv,fraser_legal_system,4199,4199,1.178,9.243,5.034,0.37,-0.52,0.0,0.0,zscore,,,,
symmetric,fraser_clean.csv,fraser_trade_freedom,3769,3673,0.258,10.0,7.186,-0.77,0.93,0.0,0.0,zscore,,,,
symmetric,fraser_clean.csv,fraser_regulation,4221,4038,1.712,9.519,6.272,-0.33,0.04,0.0,0.0,zscore,,,,
symmetric,fsi_clean.csv,fsi_c1_security_apparatus,3116,217,0.3,10.0,5.836,-0.24,-0.75,0.0,0.01,zscore,,,,
symmetric,fsi_clean.csv,fsi_c2_factionalized_elites,3116,107,0.7,10.0,6.9,-0.56,-0.74,0.0,0.01,zscore,,,,
symmetric,fsi_clean.csv,fsi_c3_group_grievance,3116,152,0.3,10.0,6.0,-0.11,-0.69,0.0,0.01,zscore,,,,
symmetric,fsi_clean.csv,fsi_p2_public_services,3116,255,0.627,10.0,5.7,-0.15,-1.09,0.0,0.01,zscore,,,,
symmetric,idea_gsod_clean.csv,idea_participation,5996,2156,0.0,0.986,0.543,-0.09,-0.24,0.0,0.0,zscore,,,,
symmetric,idea_gsod_clean.csv,idea_civil_society,5996,3493,0.0,1.0,0.547,-0.12,-0.13,0.0,0.0,zscore,,,,
symmetric,idea_gsod_clean.csv,idea_civic_engagement,5978,2849,0.012,1.0,0.599,-0.46,0.2,0.0,0.0,zscore,,,,
symmetric,idea_gsod_clean.csv,idea_electoral_participation,5797,1446,0.0,1.0,0.613,-0.88,0.17,0.09,0.09,zscore,,,,
moderate_skew,idea_gsod_clean.csv,idea_direct_democracy,5996,3238,0.0,1.0,0.028,2.91,10.71,0.24,0.24,REVIEW:zscore,ceiling/floor pile (24%),,,
symmetric,idea_gsod_clean.csv,idea_local_democracy,5972,1572,0.0,1.0,0.488,-0.07,-1.43,0.08,0.08,zscore,,,,
symmetric,idea_gsod_clean.csv,idea_representation,5995,5443,0.0,0.998,0.53,-0.44,-0.5,0.09,0.09,zscore,,,,
symmetric,idea_gsod_clean.csv,idea_credible_elections,5996,2730,0.0,1.0,0.535,-0.65,0.11,0.09,0.09,zscore,,,,
symmetric,idea_gsod_clean.csv,idea_free_political_parties,5996,2422,0.006,1.0,0.58,-0.65,-0.16,0.0,0.0,zscore,,,,
symmetric,idea_gsod_clean.csv,idea_effective_parliament,5996,2093,0.0,1.0,0.559,-0.7,0.2,0.09,0.1,zscore,,,,
symmetric,idea_gsod_clean.csv,idea_free_association_assembly,5996,2895,0.0,1.0,0.582,-0.27,-0.83,0.0,0.0,zscore,,,,
symmetric,idea_gsod_clean.csv,idea_judicial_independence,5996,2475,0.0,1.0,0.516,0.15,-0.61,0.0,0.01,zscore,,,,
moderate_skew,imapp_clean.csv,imapp_breadth_total,4690,17,0.0,16.0,2.0,1.15,0.51,0.26,0.26,REVIEW:zscore,ceiling/floor pile (26%),,,
ordinal,imapp_clean.csv,imapp_breadth_borrower_based,4690,5,0.0,4.0,0.0,1.32,0.6,0.61,0.64,percentile,,,,
ordinal,imapp_clean.csv,imapp_breadth_capital_based,4690,6,0.0,5.0,0.0,1.64,1.5,0.63,0.66,percentile,,,,
ordinal,imapp_clean.csv,imapp_breadth_liquidity_funding,4690,5,0.0,4.0,1.0,0.97,0.17,0.48,0.5,percentile,,,,
ordinal,imapp_clean.csv,imapp_breadth_provision_reserve_tax,4690,4,0.0,3.0,1.0,0.84,-0.23,0.49,0.52,percentile,,,,
binary,imf_fiscal_rules_clean.csv,fr_expenditure_rule,4270,2,0.0,1.0,0.0,,,0.78,1.0,binary,,,,
binary,imf_fiscal_rules_clean.csv,fr_revenue_rule,4270,2,0.0,1.0,0.0,,,0.9,1.0,binary,,,,
binary,imf_fiscal_rules_clean.csv,fr_budget_balance_rule,4270,2,0.0,1.0,1.0,,,0.5,1.0,binary,,,,
binary,imf_fiscal_rules_clean.csv,fr_debt_rule,4270,2,0.0,1.0,0.0,,,0.55,1.0,binary,,,,
ordinal,imf_fiscal_rules_clean.csv,fr_num_rule_types,4270,5,0.0,4.0,1.0,0.36,-1.24,0.42,0.44,percentile,,,,
binary,imf_fiscal_rules_clean.csv,fr_any_enforcement,4270,2,0.0,1.0,0.0,,,0.83,1.0,binary,,,,
symmetric,irena_clean.csv,irena_renewables_share_pct,5883,4442,0.0,100.0,18.265,0.86,-0.59,0.15,0.18,zscore,,,,
symmetric,odin_clean.csv,odin_coverage,1091,1060,0.041,1.53,0.715,0.19,-0.21,0.0,0.0,zscore,,,,
symmetric,odin_clean.csv,odin_openness,1091,559,0.019,1.913,0.773,0.59,-0.39,0.0,0.0,zscore,,,,
symmetric,odin_clean.csv,odin_overall,1091,1082,0.061,1.609,0.735,0.41,-0.36,0.0,0.0,zscore,,,,
binary,pefa_clean.csv,quality_flag,10029,2,0.0,1.0,0.0,,,0.98,1.0,binary,,,,
symmetric,pefa_clean.csv,numeric_score,10029,7,1.0,4.0,2.0,0.15,-1.4,0.0,0.5,REVIEW:zscore,ceiling/floor pile (50%),,,
symmetric,pew_gri_clean.csv,pew_gov_restrictions_index,3100,1167,0.0,9.335,2.565,0.77,-0.36,0.0,0.0,zscore,,,,
moderate_skew,pew_gri_clean.csv,pew_social_hostilities_index,3100,351,0.0,10.0,1.669,1.12,0.53,0.14,0.14,zscore,,,,
symmetric,polfinance_clean.csv,polfin_transparency_integrity,175,97,0.05,1.0,0.632,-0.43,-0.99,0.0,0.02,zscore,,,,
moderate_skew,polfinance_clean.csv,polfin_n_answered,178,14,2.0,20.0,19.0,-2.57,9.3,0.0,0.29,REVIEW:zscore,ceiling/floor pile (29%),,,
ordinal,powell_thyne_clean.csv,pt_coup_successful,6784,3,0.0,2.0,0.0,8.5,74.62,0.98,0.99,percentile,,,,
ordinal,powell_thyne_clean.csv,pt_coup_failed,6784,3,0.0,2.0,0.0,28.2,872.77,1.0,1.0,percentile,,,,
binary,powell_thyne_clean.csv,pt_coup_alleged,6784,2,0.0,1.0,0.0,,,1.0,1.0,binary,,,,
binary,powell_thyne_clean.csv,pt_autocoup,6784,2,0.0,1.0,0.0,,,1.0,1.0,binary,,,,
symmetric,qog_clean.csv,kof_economic_globalisation,6063,6061,13.846,93.883,52.728,0.16,-0.65,0.0,0.0,zscore,,,,
ordinal,qog_clean.csv,pts_amnesty,4767,5,1.0,5.0,3.0,0.31,-0.71,0.0,0.25,percentile,,,,
ordinal,qog_clean.csv,pts_statedept,6394,5,1.0,5.0,2.0,0.46,-0.72,0.0,0.35,percentile,,,,
symmetric,qog_clean.csv,nd_gain_governance_readiness,5331,4956,0.0,0.991,0.365,0.62,-0.49,0.0,0.0,zscore,,,,
symmetric,qog_clean.csv,nd_gain_readiness,5440,5401,0.096,0.822,0.346,0.89,0.18,0.0,0.0,zscore,,,,
symmetric,qog_clean.csv,bci_corruption_index,5467,5467,-5.631,78.942,51.186,-0.75,-0.22,0.0,0.0,zscore,,,,
symmetric,qog_clean.csv,hanson_sigman_state_capacity,4075,3574,-2.31,2.964,0.304,0.32,-0.32,0.0,0.0,zscore,,,,
binary,qog_clean.csv,ccp_government_system,6302,2,0.0,1.0,0.0,,,0.97,1.0,binary,,,,
ordinal,qog_clean.csv,ccp_market_economy_provisions,6021,3,1.0,96.0,2.0,4.93,22.28,0.0,0.21,percentile,,,,
ordinal,qog_clean.csv,ccp_civil_rights_provisions,6021,3,1.0,96.0,2.0,1.94,1.77,0.0,0.43,percentile,,,,
ordinal,qog_clean.csv,ccp_information_access,6021,3,1.0,96.0,2.0,5.08,23.83,0.0,0.37,percentile,,,,
ordinal,qog_clean.csv,ccp_equality_provisions,6021,3,1.0,96.0,1.0,14.29,202.52,0.0,0.97,percentile,,,,
symmetric,qog_clean.csv,wb_informal_economy_mimic,4396,4344,8.07,69.026,33.406,0.15,-0.37,0.0,0.0,zscore,,,,
symmetric,qog_clean.csv,wb_informal_economy_dge,4785,4783,7.91,71.214,31.497,0.22,-0.34,0.0,0.0,zscore,,,,
symmetric,qog_clean.csv,romelli_cbi_index,4944,328,0.142,0.929,0.616,-0.01,-0.72,0.0,0.02,zscore,,,,
symmetric,qog_clean.csv,romelli_cbi_policy,4944,32,0.0,1.0,0.6,-0.48,-0.66,0.0,0.0,zscore,,,,
symmetric,qog_clean.csv,romelli_cbi_lending,4944,90,0.0,1.0,0.532,-0.03,-1.22,0.04,0.34,REVIEW:zscore,ceiling/floor pile (34%),,,
symmetric,qog_clean.csv,polity5_score,4531,21,-10.0,10.0,6.0,-0.64,-1.07,0.03,0.22,REVIEW:zscore,ceiling/floor pile (22%),,,
moderate_skew,qog_clean.csv,polity5_regime_durability,4588,171,0.0,170.0,14.0,2.18,5.43,0.11,0.11,zscore,,,,
symmetric,rti_rating_clean.csv,rti_total,191,74,9.318,139.0,73.0,-0.25,-1.17,0.0,0.27,REVIEW:zscore,ceiling/floor pile (27%),,,
symmetric,rti_rating_clean.csv,Right of Access,140,7,0.0,6.0,4.0,-0.32,-0.66,0.09,0.17,zscore,,,,
symmetric,rti_rating_clean.csv,Scope,140,23,7.0,30.0,24.0,-0.45,-0.73,0.0,0.14,zscore,,,,
symmetric,rti_rating_clean.csv,Requesting Procedure,140,24,2.0,28.0,18.0,-0.44,0.14,0.0,0.02,zscore,,,,
symmetric,rti_rating_clean.csv,Exceptions & Refusals,140,28,1.0,30.0,16.0,-0.14,-0.21,0.0,0.01,zscore,,,,
symmetric,rti_rating_clean.csv,Appeals,140,30,0.0,29.0,16.0,-0.06,-1.0,0.01,0.06,zscore,,,,
symmetric,rti_rating_clean.csv,Sanctions & Protections,140,9,0.0,8.0,3.0,0.26,-0.95,0.17,0.19,zscore,,,,
symmetric,rti_rating_clean.csv,Promotional Measures,140,17,0.0,16.0,9.0,-0.16,-1.18,0.06,0.09,zscore,,,,
extreme_skew,rti_rating_clean.csv,rti_law_year,140,43,1766.0,2026.0,2007.0,-7.56,74.3,0.0,0.01,REVIEW:percentile,possible multimodal (BC=0.75),,,
binary,rti_rating_clean.csv,has_rti_law,191,2,0.0,1.0,1.0,,,0.27,1.0,binary,,,,
symmetric,spi_clean.csv,spi_pillar1_data_use,4473,24,0.0,100.0,50.0,0.16,-1.01,0.05,0.18,zscore,,,,
symmetric,spi_clean.csv,spi_pillar3_data_products,4240,3324,4.894,94.312,59.038,-0.7,0.09,0.0,0.0,zscore,,,,
symmetric,tfi_clean.csv,tfi_avg,488,410,0.238,1.879,1.154,-0.08,-1.18,0.0,0.01,zscore,,,,
symmetric,ti_cpi_clean.csv,ti_cpi_score,2260,85,8.0,92.0,39.0,0.64,-0.41,0.0,0.0,zscore,,,,
binary,ucdp_clean.csv,ucdp_sb_conflict_exists,6589,2,0.0,1.0,0.0,,,0.78,1.0,binary,,,,
zero_infl_count,ucdp_clean.csv,ucdp_sb_conflict_count,6589,17,0.0,16.0,0.0,4.64,29.23,0.78,0.78,log1p_zscore,,,,
zero_infl_count,ucdp_clean.csv,ucdp_sb_deaths_best,6589,726,0.0,163210.0,0.0,25.61,835.92,0.79,0.79,log1p_zscore,,,,
binary,ucdp_clean.csv,ucdp_sb_intrastate_exists,6589,2,0.0,1.0,0.0,,,0.79,1.0,binary,,,,
zero_infl_count,ucdp_clean.csv,ucdp_sb_intrastate_deaths_best,6589,709,0.0,163210.0,0.0,31.58,1275.62,0.79,0.79,log1p_zscore,,,,
binary,ucdp_clean.csv,ucdp_sb_interstate_exists,6589,2,0.0,1.0,0.0,,,0.98,1.0,binary,,,,
zero_infl_count,ucdp_clean.csv,ucdp_sb_interstate_deaths_best,6589,75,0.0,91435.0,0.0,39.9,1692.87,0.98,0.98,log1p_zscore,,,,
binary,ucdp_clean.csv,ucdp_ns_conflict_exists,6589,2,0.0,1.0,0.0,,,0.87,1.0,binary,,,,
zero_infl_count,ucdp_clean.csv,ucdp_ns_conflict_count,6589,29,0.0,35.0,0.0,7.78,77.46,0.87,0.87,log1p_zscore,,,,
zero_infl_count,ucdp_clean.csv,ucdp_ns_deaths_best,6589,386,0.0,15063.0,0.0,17.71,364.24,0.88,0.88,log1p_zscore,,,,
binary,ucdp_clean.csv,ucdp_os_violence_exists,6589,2,0.0,1.0,0.0,,,0.78,1.0,binary,,,,
zero_infl_count,ucdp_clean.csv,ucdp_os_deaths_best,6589,464,0.0,770581.0,0.0,80.74,6541.23,0.79,0.79,log1p_zscore,,,,
zero_infl_count,ucdp_clean.csv,ucdp_os_govt_killings_best,6589,259,0.0,759638.0,0.0,80.96,6565.67,0.85,0.85,log1p_zscore,,,,
zero_infl_count,ucdp_clean.csv,ucdp_total_orgvio_deaths_best,6589,910,0.0,772463.0,0.0,64.54,4729.58,0.71,0.71,log1p_zscore,,,,
extreme_skew,unodc_clean.csv,unodc_homicide_rate,4101,4011,0.0,138.438,3.107,3.34,16.35,0.02,0.02,percentile,,,,
symmetric,vdem_filtered.csv,v2pepwrses,6202,1342,-2.936,2.933,0.652,-0.45,-0.34,0.0,0.0,zscore,,,,
symmetric,vdem_filtered.csv,v2pepwrsoc,6202,1143,-2.743,3.3,0.946,-0.52,-0.01,0.0,0.0,zscore,,,,
symmetric,vdem_filtered.csv,v2x_egal,6202,835,0.045,0.974,0.616,-0.25,-0.8,0.0,0.0,zscore,,,,
symmetric,vdem_filtered.csv,v2psoppaut,6035,1123,-3.369,3.293,1.422,-0.99,0.7,0.0,0.01,zscore,,,,
ordinal,vdem_filtered.csv,v2x_regime,6202,4,0.0,3.0,2.0,0.01,-1.08,0.16,0.38,percentile,,,,
moderate_skew,vdem_filtered.csv,v2svstterr,6030,953,33.8,100.0,95.1,-2.09,5.45,0.0,0.07,zscore,,,,
moderate_skew,vdem_filtered.csv,v2svdomaut,6202,727,-3.065,2.24,1.5,-1.74,3.72,0.0,0.01,zscore,,,,
symmetric,vdem_filtered.csv,v2clrspct,6202,1504,-3.616,4.012,0.233,0.28,-0.52,0.0,0.01,zscore,,,,
symmetric,vdem_filtered.csv,v2clstown,6202,1166,-4.153,2.98,0.767,-0.69,0.39,0.0,0.0,zscore,,,,
symmetric,vdem_filtered.csv,v2xlg_legcon,6113,872,0.024,0.989,0.659,-0.36,-1.28,0.0,0.0,zscore,,,,
symmetric,vdem_filtered.csv,v2lgoppart,5974,1166,-2.654,3.422,0.924,-0.51,-0.57,0.0,0.01,zscore,,,,
symmetric,vdem_filtered.csv,v2lgqstexp,5974,829,-2.316,2.491,1.0,-0.64,-0.63,0.0,0.0,zscore,,,,
symmetric,vdem_filtered.csv,v2lginvstp,6113,1461,-2.823,3.539,0.568,-0.11,-0.85,0.0,0.0,zscore,,,,
symmetric,vdem_filtered.csv,v2lgotovst,6134,1446,-2.715,3.281,0.726,-0.24,-0.76,0.0,0.0,zscore,,,,
symmetric,vdem_filtered.csv,v2x_horacc,6201,2874,-2.014,2.327,0.465,-0.2,-0.8,0.0,0.0,zscore,,,,
symmetric,vdem_filtered.csv,v2juhcind,6190,1341,-3.523,3.488,0.572,-0.23,-0.75,0.0,0.0,zscore,,,,
symmetric,vdem_filtered.csv,v2juncind,6202,1200,-3.264,3.189,0.7,-0.25,-0.52,0.0,0.01,zscore,,,,
symmetric,vdem_filtered.csv,v2jucomp,6178,1152,-3.589,3.298,0.483,-0.24,-0.68,0.0,0.0,zscore,,,,
symmetric,vdem_filtered.csv,v2jupack,6178,1190,-4.218,2.157,0.842,-0.79,-0.14,0.0,0.0,zscore,,,,
symmetric,vdem_filtered.csv,v2jupurge,6178,1687,-3.91,2.967,0.86,-0.55,-0.09,0.0,0.0,zscore,,,,
symmetric,vdem_filtered.csv,v2x_polyarchy,6202,875,0.013,0.922,0.503,0.0,-1.31,0.0,0.0,zscore,,,,
symmetric,vdem_filtered.csv,v2elfrfair,5669,1485,-3.457,2.856,0.395,-0.41,-0.84,0.0,0.0,zscore,,,,
symmetric,vdem_filtered.csv,v2elirreg,5669,1527,-3.225,2.893,0.069,-0.05,-0.95,0.0,0.0,zscore,,,,
symmetric,vdem_filtered.csv,v2elintim,5669,1452,-3.657,2.634,0.254,-0.31,-0.88,0.0,0.0,zscore,,,,
symmetric,vdem_filtered.csv,v2elvotbuy,5669,1489,-3.016,3.271,-0.35,0.27,-0.89,0.0,0.0,zscore,,,,
symmetric,vdem_filtered.csv,v2elaccept,5669,1418,-3.185,2.102,0.455,-0.5,-0.89,0.0,0.0,zscore,,,,
symmetric,vdem_filtered.csv,v2elembaut,6187,1425,-2.994,3.777,0.883,-0.2,-0.95,0.0,0.01,zscore,,,,
symmetric,vdem_filtered.csv,v2elembcap,6187,1338,-3.191,3.303,0.88,-0.37,-0.64,0.0,0.0,zscore,,,,
symmetric,vdem_filtered.csv,v2x_partip,6190,751,0.024,0.883,0.528,-0.55,-0.65,0.0,0.0,zscore,,,,
symmetric,vdem_filtered.csv,v2psprlnks,6202,1233,-3.239,3.669,0.481,0.23,-0.74,0.0,0.01,zscore,,,,
symmetric,vdem_filtered.csv,v2pscohesv,6202,1129,-3.495,2.846,1.006,-0.81,0.32,0.0,0.01,zscore,,,,
symmetric,vdem_filtered.csv,v2cseeorgs,6202,1502,-3.273,3.659,1.334,-0.65,-0.34,0.0,0.0,zscore,,,,
symmetric,vdem_filtered.csv,v2dlconslt,6202,1693,-3.054,4.178,0.947,-0.18,-0.08,0.0,0.01,zscore,,,,
symmetric,vdem_filtered.csv,v2csreprss,6202,1672,-3.183,3.336,1.118,-0.33,-0.87,0.0,0.01,zscore,,,,
symmetric,vdem_filtered.csv,v2x_civlib,6202,876,0.026,0.975,0.748,-0.71,-0.65,0.0,0.0,zscore,,,,
symmetric,vdem_filtered.csv,v2x_clpriv,6202,818,0.011,0.968,0.786,-0.99,-0.07,0.0,0.0,zscore,,,,
moderate_skew,vdem_filtered.csv,v2clrelig,6202,1144,-3.515,2.995,1.386,-1.05,0.54,0.0,0.01,zscore,,,,
moderate_skew,vdem_filtered.csv,v2cldmovem,6202,992,-3.551,2.714,1.438,-1.28,1.8,0.0,0.0,zscore,,,,
moderate_skew,vdem_filtered.csv,v2cldmovew,6202,1033,-4.616,2.707,1.341,-1.0,0.85,0.0,0.0,zscore,,,,
symmetric,vdem_filtered.csv,v2clsocgrp,6202,1094,-2.954,3.488,1.106,-0.57,-0.03,0.0,0.0,zscore,,,,
symmetric,vdem_filtered.csv,v2clslavef,6202,978,-2.824,3.007,1.087,-0.86,0.85,0.0,0.0,zscore,,,,
symmetric,vdem_filtered.csv,v2x_freexp_altinf,6202,910,0.016,0.988,0.741,-0.8,-0.6,0.0,0.0,zscore,,,,
symmetric,vdem_filtered.csv,v2mecenefm,6202,1691,-3.066,3.489,0.705,-0.21,-0.71,0.0,0.01,zscore,,,,
symmetric,vdem_filtered.csv,v2meharjrn,6202,1536,-3.327,4.126,0.674,-0.09,-0.38,0.0,0.0,zscore,,,,
symmetric,vdem_filtered.csv,v2mecorrpt,6202,1237,-3.37,3.427,0.647,-0.21,-0.28,0.0,0.0,zscore,,,,
symmetric,vdem_filtered.csv,v2meslfcen,6202,1471,-3.184,3.445,0.875,-0.46,-0.17,0.0,0.0,zscore,,,,
symmetric,vdem_filtered.csv,v2merange,6202,1271,-2.974,2.953,1.304,-0.91,-0.01,0.0,0.01,zscore,,,,
symmetric,vdem_filtered.csv,v2mebias,6202,1663,-3.355,3.084,1.066,-0.94,0.35,0.0,0.0,zscore,,,,
symmetric,vdem_filtered.csv,v2mecrit,6202,1384,-3.414,3.418,0.956,-0.6,-0.03,0.0,0.01,zscore,,,,
symmetric,vdem_filtered.csv,v2cscnsult,6202,1406,-2.537,3.701,0.883,-0.19,-0.2,0.0,0.0,zscore,,,,
symmetric,vdem_filtered.csv,v2csprtcpt,6202,1189,-3.028,3.219,0.993,-0.68,0.67,0.0,0.0,zscore,,,,
symmetric,vdem_filtered.csv,v2cltrnslw,6202,1481,-3.64,4.042,0.654,0.08,-0.67,0.0,0.0,zscore,,,,
symmetric,vdem_filtered.csv,v2clacjstm,6202,1184,-3.136,3.796,0.805,-0.01,-0.55,0.0,0.01,zscore,,,,
symmetric,vdem_filtered.csv,v2clacjstw,6202,1209,-3.41,3.944,0.865,-0.07,-0.42,0.0,0.01,zscore,,,,
symmetric,vdem_filtered.csv,v2xeg_eqaccess,6202,813,0.011,0.981,0.651,-0.49,-0.74,0.0,0.0,zscore,,,,
symmetric,vdem_filtered.csv,v2cltort,6202,1522,-3.303,3.61,0.835,-0.17,-0.84,0.0,0.01,zscore,,,,
symmetric,vdem_filtered.csv,v2clkill,6202,1606,-3.306,3.474,1.34,-0.47,-0.7,0.0,0.01,zscore,,,,
symmetric,vdem_filtered.csv,v2clrgunev,6202,982,-3.11,2.966,0.577,-0.18,-0.82,0.0,0.01,zscore,,,,
symmetric,vdem_filtered.csv,v2clprptym,6202,827,-3.764,2.694,1.33,-0.95,0.68,0.0,0.01,zscore,,,,
symmetric,vdem_filtered.csv,v2clprptyw,6202,924,-3.041,3.285,1.33,-0.72,0.74,0.0,0.01,zscore,,,,
moderate_skew,vdem_filtered.csv,v2xcl_prpty,6202,609,0.003,0.968,0.756,-1.07,0.45,0.0,0.01,zscore,,,,
symmetric,vdem_filtered.csv,v2x_corr,6176,908,0.002,0.971,0.548,-0.24,-1.31,0.0,0.01,zscore,,,,
symmetric,vdem_filtered.csv,v2excrptps,6191,1157,-3.218,4.132,-0.418,0.47,-0.38,0.0,0.01,zscore,,,,
symmetric,vdem_filtered.csv,v2exembez,6191,1282,-3.526,3.459,-0.398,0.5,-0.52,0.0,0.01,zscore,,,,
symmetric,vdem_filtered.csv,v2lgcrrpt,5975,1174,-3.134,3.777,-0.251,0.44,-0.41,0.0,0.01,zscore,,,,
symmetric,vdem_filtered.csv,v2jucorrdc,6187,1067,-3.236,3.737,-0.089,0.37,-0.77,0.0,0.01,zscore,,,,
symmetric,wb_brss_clean.csv,supervisory_power,152,10,0.25,1.0,0.817,-0.34,-0.55,0.0,0.19,zscore,,,,
symmetric,wb_brss_clean.csv,supervisory_independence,152,7,0.0,1.0,0.5,-0.14,-0.33,0.02,0.18,zscore,,,,
symmetric,wb_brss_clean.csv,capital_stringency,155,105,0.073,1.0,0.646,-0.65,-0.81,0.0,0.01,zscore,,,,
symmetric,wb_brss_clean.csv,private_monitoring,155,18,0.364,1.0,0.727,-0.43,-0.07,0.0,0.06,zscore,,,,
symmetric,wb_brss_clean.csv,resolution_regime,152,19,0.0,1.0,0.429,0.22,-0.94,0.07,0.09,zscore,,,,
symmetric,wb_brss_clean.csv,provisioning,153,12,0.0,1.0,0.833,-0.93,0.87,0.01,0.29,REVIEW:zscore,ceiling/floor pile (29%),,,
symmetric,wb_brss_clean.csv,liquidity_concentration,154,9,0.2,1.0,0.6,0.24,-0.78,0.0,0.12,zscore,,,,
symmetric,wb_brss_clean.csv,macroprudential,152,16,0.143,1.0,0.69,-0.2,-0.97,0.0,0.12,zscore,,,,
symmetric,wb_brss_clean.csv,supervisory_capacity,142,81,0.085,1.0,0.739,-0.24,-0.77,0.0,0.17,zscore,,,,
symmetric,wb_brss_clean.csv,brss_regstringency,155,144,0.391,0.929,0.651,0.02,0.0,0.0,0.01,zscore,,,,
extreme_skew,wb_brss_clean.csv,brss_coverage,155,17,0.161,1.0,0.964,-4.46,24.51,0.0,0.32,REVIEW:percentile,possible multimodal (BC=0.76),,,
binary,wb_brss_clean.csv,brss_reliable,155,2,0.0,1.0,1.0,,,0.03,1.0,binary,,,,
binary,wb_carbon_clean.csv,wb_carbon_pricing_exists,927,2,0.0,1.0,1.0,,,0.02,1.0,binary,,,,
moderate_skew,wb_carbon_clean.csv,wb_carbon_price_usd,848,464,0.0,167.174,18.537,1.42,1.81,0.02,0.02,zscore,,,,
extreme_skew,wb_carbon_clean.csv,wb_carbon_revenue_usd_m,489,391,0.0,13933.169,156.117,3.63,15.77,0.2,0.2,REVIEW:percentile,possible multimodal (BC=0.76),,,
symmetric,wb_carbon_clean.csv,wb_carbon_coverage_pct,909,28,3.0,95.0,40.0,0.62,1.86,0.0,0.02,zscore,,,,
binary,wb_carbon_clean.csv,wb_carbon_coverage_is_snapshot,927,2,0.0,1.0,1.0,,,0.02,1.0,binary,,,,
symmetric,wdi_clean.csv,wdi_basic_sanitation_access,5102,4702,2.966,100.0,89.147,-1.0,-0.44,0.0,0.05,REVIEW:zscore,possible multimodal (BC=0.78),,,
moderate_skew,wdi_clean.csv,wdi_basic_water_access,5143,4497,18.759,100.0,95.311,-1.49,1.22,0.0,0.11,REVIEW:zscore,possible multimodal (BC=0.77),,,
moderate_skew,wdi_clean.csv,wdi_education_expenditure_gdp,4039,4026,0.0,16.391,4.165,1.31,4.18,0.0,0.0,zscore,,,,
symmetric,wdi_clean.csv,wdi_education_expenditure_govt,4012,3788,0.0,68.474,13.521,0.18,2.4,0.06,0.06,zscore,,,,
moderate_skew,wdi_clean.csv,wdi_electricity_access,6430,1366,0.534,100.0,99.4,-1.48,0.77,0.0,0.42,REVIEW:zscore,possible multimodal (BC=0.85); ceiling/floor pile (42%),,,
right_skew_pos,wdi_clean.csv,wdi_gdp_per_capita_ppp,6776,6776,254.388,180939.439,9140.918,2.33,7.27,0.0,0.0,log_zscore,,,,
right_skew_pos,wdi_clean.csv,wdi_gdp_per_capita_usd,7318,7318,22.952,288001.575,4229.86,3.63,19.91,0.0,0.0,log_zscore,,,,
right_skew_pos,wdi_clean.csv,wdi_gni_per_capita_ppp,6799,3204,280.0,169200.0,8890.0,2.22,6.01,0.0,0.0,log_zscore,,,,
moderate_skew,wdi_clean.csv,wdi_immunization_dpt,6524,88,10.0,99.0,91.0,-1.71,2.68,0.0,0.11,zscore,,,,
moderate_skew,wdi_clean.csv,wdi_immunization_measles,6516,87,8.0,99.0,90.0,-1.46,1.7,0.0,0.1,zscore,,,,
symmetric,wdi_clean.csv,wdi_life_expectancy,7455,6786,12.158,86.497,71.522,-0.92,0.91,0.0,0.0,zscore,,,,
right_skew_pos,wdi_clean.csv,wdi_maternal_mortality,6494,1045,1.0,7597.0,66.0,6.71,97.79,0.0,0.0,log_zscore,,,,
right_skew_pos,wdi_clean.csv,wdi_mortality_under5,6755,1557,1.3,489.3,22.8,2.1,5.87,0.0,0.0,log_zscore,,,,
right_skew_pos,wdi_clean.csv,wdi_population_total,7668,7654,8798.0,1463865525.0,5453856.5,8.94,86.14,0.0,0.0,REVIEW:log_zscore,possible multimodal (BC=0.91),,,
moderate_skew,wdi_clean.csv,wdi_primary_completion_rate,3895,3890,13.404,156.167,94.854,-1.26,1.34,0.0,0.0,zscore,,,,
moderate_skew,wdi_clean.csv,wdi_primary_enrollment_gross,5222,5216,20.916,183.989,101.288,-1.03,4.04,0.0,0.0,zscore,,,,
symmetric,wdi_clean.csv,wdi_secondary_enrollment_gross,4372,4371,3.348,164.08,85.966,-0.47,-0.26,0.0,0.0,zscore,,,,
symmetric,wdi_clean.csv,wdi_uhc_coverage_index,4560,80,13.0,92.0,68.0,-0.74,-0.53,0.0,0.0,zscore,,,,
symmetric,wgi_clean.csv,wgi_control_of_corruption,5123,4963,-2.065,2.484,-0.213,0.5,-0.6,0.0,0.0,zscore,,,,
symmetric,wgi_clean.csv,wgi_government_effectiveness,5090,4781,-2.348,2.345,-0.131,0.33,-0.61,0.0,0.0,zscore,,,,
symmetric,wgi_clean.csv,wgi_political_stability,5177,5039,-3.052,1.76,0.046,-0.54,-0.4,0.0,0.0,zscore,,,,
symmetric,wgi_clean.csv,wgi_regulatory_quality,5091,5011,-2.947,2.26,-0.138,0.21,-0.65,0.0,0.0,zscore,,,,
symmetric,wgi_clean.csv,wgi_rule_of_law,5218,5110,-2.508,2.109,-0.152,0.16,-0.84,0.0,0.0,zscore,,,,
symmetric,wgi_clean.csv,wgi_voice_accountability,5207,5156,-2.358,1.984,0.024,-0.05,-1.0,0.0,0.0,zscore,,,,
symmetric,wjp_clean.csv,wjp_f2_absence_corruption,1484,1484,0.16,0.963,0.466,0.54,-0.74,0.0,0.0,zscore,,,,
symmetric,wjp_clean.csv,wjp_f3_open_government,1484,1484,0.223,0.935,0.498,0.49,-0.5,0.0,0.0,zscore,,,,
symmetric,wjp_clean.csv,wjp_f4_fundamental_rights,1484,1483,0.178,0.929,0.567,0.09,-0.66,0.0,0.0,zscore,,,,
symmetric,wjp_clean.csv,wjp_f5_order_security,1484,1481,0.282,0.953,0.723,-0.54,0.38,0.0,0.0,zscore,,,,
symmetric,wjp_clean.csv,wjp_f6_regulatory_enforcement,1484,1484,0.187,0.899,0.501,0.68,-0.27,0.0,0.0,zscore,,,,
symmetric,wjp_clean.csv,wjp_f6_5_no_expropriation,1484,1429,0.136,0.946,0.563,0.12,-0.38,0.0,0.0,zscore,,,,
symmetric,wjp_clean.csv,wjp_f7_civil_justice,1484,1483,0.197,0.885,0.531,0.41,-0.44,0.0,0.0,zscore,,,,
symmetric,wjp_clean.csv,wjp_f8_criminal_justice,1484,1473,0.107,0.872,0.45,0.48,-0.66,0.0,0.0,zscore,,,,
