file,metric,spine_countries_any,panel_fill_pct,latest_yr_file,cadence,hist_depth_avg_yrs,median_latest_yr,curcov_pct_w3,curcov_pct_w5
areaer_er_clean.csv,areaer_anchor_currency,80,41.5,,snapshot(no-year),0.0,,37.6,37.6
areaer_er_clean.csv,areaer_arrangement,193,100.0,,snapshot(no-year),0.0,,90.6,90.6
areaer_er_clean.csv,areaer_as_of,193,100.0,,snapshot(no-year),0.0,,90.6,90.6
areaer_er_clean.csv,areaer_mpf,193,100.0,,snapshot(no-year),0.0,,90.6,90.6
areaer_er_clean.csv,areaer_reclassified,23,11.9,,snapshot(no-year),0.0,,10.8,10.8
areaer_er_clean.csv,areaer_regime_group,193,100.0,,snapshot(no-year),0.0,,90.6,90.6
areaer_er_clean.csv,areaer_regime_ordinal,193,100.0,,snapshot(no-year),0.0,,90.6,90.6
areaer_fari_clean.csv,fari_aggregate,192,100.0,2024.0,annual,24.7,2023.0,88.7,89.7
areaer_fari_clean.csv,fari_fdi_aggregate,191,99.2,2024.0,annual,24.6,2023.0,88.3,89.2
areaer_fari_clean.csv,fari_fdi_inflow,191,99.2,2024.0,annual,24.6,2023.0,88.3,89.2
areaer_fari_clean.csv,fari_fdi_outflow,191,98.0,2024.0,annual,24.3,2023.0,87.8,88.7
areaer_fari_clean.csv,fari_inflow,192,100.0,2024.0,annual,24.7,2023.0,88.7,89.7
areaer_fari_clean.csv,fari_outflow,192,99.8,2024.0,annual,24.7,2023.0,88.3,89.7
chinn_ito_clean.csv,kaopen,179,100.0,2023.0,annual,46.1,2023.0,82.6,82.6
chinn_ito_clean.csv,kaopen_norm,179,100.0,2023.0,annual,46.1,2023.0,82.6,82.6
civicus_clean.csv,civicus_rating,193,100.0,2025.0,annual,3.4,2025.0,90.6,90.6
civicus_clean.csv,civicus_score,193,100.0,2025.0,annual,3.4,2025.0,90.6,90.6
climate_laws_clean.csv,climate_laws_cumulative,193,100.0,2026.0,annual,26.5,2026.0,90.6,90.6
climate_laws_clean.csv,new_laws,193,100.0,2026.0,annual,26.5,2026.0,90.6,90.6
cpj_clean.csv,cpj_imprisoned,49,100.0,,snapshot(no-year),0.0,,23.0,23.0
cpj_clean.csv,cpj_murdered_confirmed,49,100.0,,snapshot(no-year),0.0,,23.0,23.0
cpj_clean.csv,cpj_murdered_total,49,100.0,,snapshot(no-year),0.0,,23.0,23.0
cpj_clean.csv,cpj_murders_unsolved,49,100.0,,snapshot(no-year),0.0,,23.0,23.0
dpi_clean.csv,dpi_cabinet_stability,170,96.5,2023.0,annual,32.9,2023.0,78.9,78.9
dpi_clean.csv,dpi_checks_balances,170,95.5,2023.0,annual,32.5,2023.0,78.4,78.4
dpi_clean.csv,dpi_election_fraud,170,98.6,2023.0,annual,33.4,2023.0,79.3,79.3
dpi_clean.csv,dpi_exec_electoral_competitiveness,170,99.8,2023.0,annual,33.8,2023.0,79.3,79.3
dpi_clean.csv,dpi_exec_years_current_term,170,99.1,2023.0,annual,33.5,2023.0,79.3,79.3
dpi_clean.csv,dpi_exec_years_in_office,170,99.9,2023.0,annual,33.8,2023.0,79.3,79.3
dpi_clean.csv,dpi_executive_election_year,170,100.0,2023.0,annual,33.8,2023.0,79.3,79.3
dpi_clean.csv,dpi_govt1_seat_share,170,99.5,2023.0,annual,33.7,2023.0,79.3,79.3
dpi_clean.csv,dpi_govt_controls_all_houses,170,98.5,2023.0,annual,33.3,2023.0,79.3,79.3
dpi_clean.csv,dpi_govt_fragmentation,170,91.4,2023.0,annual,31.1,2023.0,77.5,78.4
dpi_clean.csv,dpi_govt_system,170,99.8,2023.0,annual,33.8,2023.0,79.3,79.3
dpi_clean.csv,dpi_herfindahl_govt,170,91.4,2023.0,annual,31.1,2023.0,77.5,78.4
dpi_clean.csv,dpi_herfindahl_opp,157,77.9,2023.0,annual,28.7,2023.0,68.5,70.9
dpi_clean.csv,dpi_leg_electoral_competitiveness,170,99.8,2023.0,annual,33.8,2023.0,79.3,79.3
dpi_clean.csv,dpi_legislative_election_year,170,100.0,2023.0,annual,33.8,2023.0,79.3,79.3
dpi_clean.csv,dpi_majority_govt,170,89.6,2023.0,annual,30.5,2023.0,77.5,77.9
dpi_clean.csv,dpi_military_executive,170,99.8,2023.0,annual,33.8,2023.0,79.3,79.3
dpi_clean.csv,dpi_num_govt_parties,170,100.0,2023.0,annual,33.8,2023.0,79.3,79.3
dpi_clean.csv,dpi_num_opp_parties,170,100.0,2023.0,annual,33.8,2023.0,79.3,79.3
dpi_clean.csv,dpi_opp1_seat_share,170,99.2,2023.0,annual,33.6,2023.0,79.3,79.3
dpi_clean.csv,dpi_opp_fragmentation,157,77.5,2023.0,annual,28.5,2023.0,68.5,70.9
dpi_clean.csv,dpi_opp_majority_lower,170,99.2,2023.0,annual,33.6,2023.0,79.3,79.3
dpi_clean.csv,dpi_opp_majority_upper,170,99.0,2023.0,annual,33.5,2023.0,79.3,79.3
dpi_clean.csv,dpi_parties_in_govt,170,99.7,2023.0,annual,33.7,2023.0,79.3,79.3
dpi_clean.csv,dpi_plurality_system,170,97.1,2023.0,annual,32.8,2023.0,79.3,79.3
dpi_clean.csv,dpi_polarization,168,82.8,2023.0,annual,28.6,2023.0,70.9,72.8
dpi_clean.csv,dpi_pr_system,170,97.1,2023.0,annual,32.9,2023.0,79.3,79.3
dpi_clean.csv,dpi_total_fragmentation,170,90.1,2023.0,annual,30.7,2023.0,77.5,78.4
dpi_clean.csv,ifs_code,170,100.0,2023.0,annual,33.8,2023.0,79.3,79.3
epi_clean.csv,country_code_epi,177,100.0,2024.0,annual,2.0,2024.0,83.1,83.1
epi_clean.csv,epi_agr,177,100.0,2024.0,annual,2.0,2024.0,83.1,83.1
epi_clean.csv,epi_bdh,177,100.0,2024.0,annual,2.0,2024.0,83.1,83.1
epi_clean.csv,epi_cch,177,100.0,2024.0,annual,2.0,2024.0,83.1,83.1
epi_clean.csv,epi_eco,177,100.0,2024.0,annual,2.0,2024.0,83.1,83.1
epi_clean.csv,epi_epi,177,100.0,2024.0,annual,2.0,2024.0,83.1,83.1
epi_clean.csv,epi_fsh,139,77.1,2024.0,annual,2.0,2024.0,65.3,65.3
epi_clean.csv,epi_hlt,177,100.0,2024.0,annual,2.0,2024.0,83.1,83.1
epi_clean.csv,epi_mhp,141,39.8,2024.0,snapshot,1.0,2024.0,66.2,66.2
epi_clean.csv,epi_mkp,129,36.4,2024.0,snapshot,1.0,2024.0,60.6,60.6
epi_clean.csv,epi_mpe,129,36.4,2024.0,snapshot,1.0,2024.0,60.6,60.6
epi_clean.csv,epi_wrs,177,99.2,2024.0,annual,2.0,2024.0,83.1,83.1
fatf_clean.csv,IO1,189,100.0,,snapshot(no-year),0.0,,88.7,88.7
fatf_clean.csv,IO10,189,100.0,,snapshot(no-year),0.0,,88.7,88.7
fatf_clean.csv,IO10_num,189,100.0,,snapshot(no-year),0.0,,88.7,88.7
fatf_clean.csv,IO11,189,100.0,,snapshot(no-year),0.0,,88.7,88.7
fatf_clean.csv,IO11_num,189,100.0,,snapshot(no-year),0.0,,88.7,88.7
fatf_clean.csv,IO1_num,189,100.0,,snapshot(no-year),0.0,,88.7,88.7
fatf_clean.csv,IO2,189,100.0,,snapshot(no-year),0.0,,88.7,88.7
fatf_clean.csv,IO2_num,189,100.0,,snapshot(no-year),0.0,,88.7,88.7
fatf_clean.csv,IO3,189,100.0,,snapshot(no-year),0.0,,88.7,88.7
fatf_clean.csv,IO3_num,189,100.0,,snapshot(no-year),0.0,,88.7,88.7
fatf_clean.csv,IO4,189,100.0,,snapshot(no-year),0.0,,88.7,88.7
fatf_clean.csv,IO4_num,189,100.0,,snapshot(no-year),0.0,,88.7,88.7
fatf_clean.csv,IO5,189,100.0,,snapshot(no-year),0.0,,88.7,88.7
fatf_clean.csv,IO5_num,189,100.0,,snapshot(no-year),0.0,,88.7,88.7
fatf_clean.csv,IO6,189,100.0,,snapshot(no-year),0.0,,88.7,88.7
fatf_clean.csv,IO6_num,189,100.0,,snapshot(no-year),0.0,,88.7,88.7
fatf_clean.csv,IO7,189,100.0,,snapshot(no-year),0.0,,88.7,88.7
fatf_clean.csv,IO7_num,189,100.0,,snapshot(no-year),0.0,,88.7,88.7
fatf_clean.csv,IO8,189,100.0,,snapshot(no-year),0.0,,88.7,88.7
fatf_clean.csv,IO8_num,189,100.0,,snapshot(no-year),0.0,,88.7,88.7
fatf_clean.csv,IO9,189,100.0,,snapshot(no-year),0.0,,88.7,88.7
fatf_clean.csv,IO9_num,189,100.0,,snapshot(no-year),0.0,,88.7,88.7
fatf_clean.csv,R1,189,100.0,,snapshot(no-year),0.0,,88.7,88.7
fatf_clean.csv,R10,189,100.0,,snapshot(no-year),0.0,,88.7,88.7
fatf_clean.csv,R10_num,189,100.0,,snapshot(no-year),0.0,,88.7,88.7
fatf_clean.csv,R11,189,100.0,,snapshot(no-year),0.0,,88.7,88.7
fatf_clean.csv,R11_num,189,100.0,,snapshot(no-year),0.0,,88.7,88.7
fatf_clean.csv,R12,189,100.0,,snapshot(no-year),0.0,,88.7,88.7
fatf_clean.csv,R12_num,189,100.0,,snapshot(no-year),0.0,,88.7,88.7
fatf_clean.csv,R13,189,100.0,,snapshot(no-year),0.0,,88.7,88.7
fatf_clean.csv,R13_num,189,100.0,,snapshot(no-year),0.0,,88.7,88.7
fatf_clean.csv,R14,189,100.0,,snapshot(no-year),0.0,,88.7,88.7
fatf_clean.csv,R14_num,189,100.0,,snapshot(no-year),0.0,,88.7,88.7
fatf_clean.csv,R15,189,100.0,,snapshot(no-year),0.0,,88.7,88.7
fatf_clean.csv,R15_num,189,100.0,,snapshot(no-year),0.0,,88.7,88.7
fatf_clean.csv,R16,189,100.0,,snapshot(no-year),0.0,,88.7,88.7
fatf_clean.csv,R16_num,189,100.0,,snapshot(no-year),0.0,,88.7,88.7
fatf_clean.csv,R17,175,92.6,,snapshot(no-year),0.0,,82.2,82.2
fatf_clean.csv,R17_num,175,92.6,,snapshot(no-year),0.0,,82.2,82.2
fatf_clean.csv,R18,189,100.0,,snapshot(no-year),0.0,,88.7,88.7
fatf_clean.csv,R18_num,189,100.0,,snapshot(no-year),0.0,,88.7,88.7
fatf_clean.csv,R19,189,100.0,,snapshot(no-year),0.0,,88.7,88.7
fatf_clean.csv,R19_num,189,100.0,,snapshot(no-year),0.0,,88.7,88.7
fatf_clean.csv,R1_num,189,100.0,,snapshot(no-year),0.0,,88.7,88.7
fatf_clean.csv,R2,189,100.0,,snapshot(no-year),0.0,,88.7,88.7
fatf_clean.csv,R20,189,100.0,,snapshot(no-year),0.0,,88.7,88.7
fatf_clean.csv,R20_num,189,100.0,,snapshot(no-year),0.0,,88.7,88.7
fatf_clean.csv,R21,189,100.0,,snapshot(no-year),0.0,,88.7,88.7
fatf_clean.csv,R21_num,189,100.0,,snapshot(no-year),0.0,,88.7,88.7
fatf_clean.csv,R22,189,100.0,,snapshot(no-year),0.0,,88.7,88.7
fatf_clean.csv,R22_num,189,100.0,,snapshot(no-year),0.0,,88.7,88.7
fatf_clean.csv,R23,189,100.0,,snapshot(no-year),0.0,,88.7,88.7
fatf_clean.csv,R23_num,189,100.0,,snapshot(no-year),0.0,,88.7,88.7
fatf_clean.csv,R24,189,100.0,,snapshot(no-year),0.0,,88.7,88.7
fatf_clean.csv,R24_num,189,100.0,,snapshot(no-year),0.0,,88.7,88.7
fatf_clean.csv,R25,188,99.5,,snapshot(no-year),0.0,,88.3,88.3
fatf_clean.csv,R25_num,188,99.5,,snapshot(no-year),0.0,,88.3,88.3
fatf_clean.csv,R26,189,100.0,,snapshot(no-year),0.0,,88.7,88.7
fatf_clean.csv,R26_num,189,100.0,,snapshot(no-year),0.0,,88.7,88.7
fatf_clean.csv,R27,189,100.0,,snapshot(no-year),0.0,,88.7,88.7
fatf_clean.csv,R27_num,189,100.0,,snapshot(no-year),0.0,,88.7,88.7
fatf_clean.csv,R28,189,100.0,,snapshot(no-year),0.0,,88.7,88.7
fatf_clean.csv,R28_num,189,100.0,,snapshot(no-year),0.0,,88.7,88.7
fatf_clean.csv,R29,189,100.0,,snapshot(no-year),0.0,,88.7,88.7
fatf_clean.csv,R29_num,189,100.0,,snapshot(no-year),0.0,,88.7,88.7
fatf_clean.csv,R2_num,189,100.0,,snapshot(no-year),0.0,,88.7,88.7
fatf_clean.csv,R3,189,100.0,,snapshot(no-year),0.0,,88.7,88.7
fatf_clean.csv,R30,189,100.0,,snapshot(no-year),0.0,,88.7,88.7
fatf_clean.csv,R30_num,189,100.0,,snapshot(no-year),0.0,,88.7,88.7
fatf_clean.csv,R31,189,100.0,,snapshot(no-year),0.0,,88.7,88.7
fatf_clean.csv,R31_num,189,100.0,,snapshot(no-year),0.0,,88.7,88.7
fatf_clean.csv,R32,189,100.0,,snapshot(no-year),0.0,,88.7,88.7
fatf_clean.csv,R32_num,189,100.0,,snapshot(no-year),0.0,,88.7,88.7
fatf_clean.csv,R33,189,100.0,,snapshot(no-year),0.0,,88.7,88.7
fatf_clean.csv,R33_num,189,100.0,,snapshot(no-year),0.0,,88.7,88.7
fatf_clean.csv,R34,189,100.0,,snapshot(no-year),0.0,,88.7,88.7
fatf_clean.csv,R34_num,189,100.0,,snapshot(no-year),0.0,,88.7,88.7
fatf_clean.csv,R35,189,100.0,,snapshot(no-year),0.0,,88.7,88.7
fatf_clean.csv,R35_num,189,100.0,,snapshot(no-year),0.0,,88.7,88.7
fatf_clean.csv,R36,189,100.0,,snapshot(no-year),0.0,,88.7,88.7
fatf_clean.csv,R36_num,189,100.0,,snapshot(no-year),0.0,,88.7,88.7
fatf_clean.csv,R37,189,100.0,,snapshot(no-year),0.0,,88.7,88.7
fatf_clean.csv,R37_num,189,100.0,,snapshot(no-year),0.0,,88.7,88.7
fatf_clean.csv,R38,189,100.0,,snapshot(no-year),0.0,,88.7,88.7
fatf_clean.csv,R38_num,189,100.0,,snapshot(no-year),0.0,,88.7,88.7
fatf_clean.csv,R39,189,100.0,,snapshot(no-year),0.0,,88.7,88.7
fatf_clean.csv,R39_num,189,100.0,,snapshot(no-year),0.0,,88.7,88.7
fatf_clean.csv,R3_num,189,100.0,,snapshot(no-year),0.0,,88.7,88.7
fatf_clean.csv,R4,189,100.0,,snapshot(no-year),0.0,,88.7,88.7
fatf_clean.csv,R40,189,100.0,,snapshot(no-year),0.0,,88.7,88.7
fatf_clean.csv,R40_num,189,100.0,,snapshot(no-year),0.0,,88.7,88.7
fatf_clean.csv,R4_num,189,100.0,,snapshot(no-year),0.0,,88.7,88.7
fatf_clean.csv,R5,189,100.0,,snapshot(no-year),0.0,,88.7,88.7
fatf_clean.csv,R5_num,189,100.0,,snapshot(no-year),0.0,,88.7,88.7
fatf_clean.csv,R6,189,100.0,,snapshot(no-year),0.0,,88.7,88.7
fatf_clean.csv,R6_num,189,100.0,,snapshot(no-year),0.0,,88.7,88.7
fatf_clean.csv,R7,189,100.0,,snapshot(no-year),0.0,,88.7,88.7
fatf_clean.csv,R7_num,189,100.0,,snapshot(no-year),0.0,,88.7,88.7
fatf_clean.csv,R8,189,100.0,,snapshot(no-year),0.0,,88.7,88.7
fatf_clean.csv,R8_num,189,100.0,,snapshot(no-year),0.0,,88.7,88.7
fatf_clean.csv,R9,189,100.0,,snapshot(no-year),0.0,,88.7,88.7
fatf_clean.csv,R9_num,189,100.0,,snapshot(no-year),0.0,,88.7,88.7
fatf_clean.csv,assessment_body,189,100.0,,snapshot(no-year),0.0,,88.7,88.7
fatf_clean.csv,jurisdiction,189,100.0,,snapshot(no-year),0.0,,88.7,88.7
fatf_clean.csv,methodology_round,189,100.0,,snapshot(no-year),0.0,,88.7,88.7
fatf_clean.csv,n_downgrades,60,31.7,,snapshot(no-year),0.0,,28.2,28.2
fatf_clean.csv,n_upgrades,143,75.7,,snapshot(no-year),0.0,,67.1,67.1
fatf_clean.csv,report_date,189,100.0,,snapshot(no-year),0.0,,88.7,88.7
fatf_clean.csv,report_type,189,100.0,,snapshot(no-year),0.0,,88.7,88.7
fh_fiw_clean.csv,fh_a1,191,100.0,2025.0,annual,13.0,2025.0,89.7,89.7
fh_fiw_clean.csv,fh_a2,191,100.0,2025.0,annual,13.0,2025.0,89.7,89.7
fh_fiw_clean.csv,fh_a3,191,100.0,2025.0,annual,13.0,2025.0,89.7,89.7
fh_fiw_clean.csv,fh_a_electoral_process,191,100.0,2025.0,annual,13.0,2025.0,89.7,89.7
fh_fiw_clean.csv,fh_d1,191,100.0,2025.0,annual,13.0,2025.0,89.7,89.7
fh_fiw_clean.csv,fh_d2,191,100.0,2025.0,annual,13.0,2025.0,89.7,89.7
fh_fiw_clean.csv,fh_d3,191,100.0,2025.0,annual,13.0,2025.0,89.7,89.7
fh_fiw_clean.csv,fh_d4,191,100.0,2025.0,annual,13.0,2025.0,89.7,89.7
fh_fiw_clean.csv,fh_d_expression_belief,191,100.0,2025.0,annual,13.0,2025.0,89.7,89.7
fh_fiw_clean.csv,fh_e1,191,100.0,2025.0,annual,13.0,2025.0,89.7,89.7
fh_fiw_clean.csv,fh_e2,191,100.0,2025.0,annual,13.0,2025.0,89.7,89.7
fh_fiw_clean.csv,fh_e3,191,100.0,2025.0,annual,13.0,2025.0,89.7,89.7
fh_fiw_clean.csv,fh_e_associational_rights,191,100.0,2025.0,annual,13.0,2025.0,89.7,89.7
fh_fiw_clean.csv,fh_g1,191,100.0,2025.0,annual,13.0,2025.0,89.7,89.7
fh_fiw_clean.csv,fh_g2,191,100.0,2025.0,annual,13.0,2025.0,89.7,89.7
fh_fiw_clean.csv,fh_g3,191,100.0,2025.0,annual,13.0,2025.0,89.7,89.7
fh_fiw_clean.csv,fh_g4,191,100.0,2025.0,annual,13.0,2025.0,89.7,89.7
fh_fiw_clean.csv,fh_g_personal_autonomy,191,100.0,2025.0,annual,13.0,2025.0,89.7,89.7
fraser_clean.csv,fraser_legal_system,164,98.5,2023.0,annual,25.6,2023.0,77.0,77.0
fraser_clean.csv,fraser_regulation,164,99.0,2023.0,annual,25.7,2023.0,77.0,77.0
fraser_clean.csv,fraser_trade_freedom,164,88.4,2023.0,annual,23.0,2023.0,77.0,77.0
fsi_clean.csv,fsi_c1_security_apparatus,176,100.0,2023.0,annual,17.7,2023.0,82.6,82.6
fsi_clean.csv,fsi_c2_factionalized_elites,176,100.0,2023.0,annual,17.7,2023.0,82.6,82.6
fsi_clean.csv,fsi_c3_group_grievance,176,100.0,2023.0,annual,17.7,2023.0,82.6,82.6
fsi_clean.csv,fsi_p2_public_services,176,100.0,2023.0,annual,17.7,2023.0,82.6,82.6
idea_gsod_clean.csv,idea_civic_engagement,169,99.7,2025.0,annual,35.4,2025.0,79.3,79.3
idea_gsod_clean.csv,idea_civil_society,169,100.0,2025.0,annual,35.5,2025.0,79.3,79.3
idea_gsod_clean.csv,idea_credible_elections,169,100.0,2025.0,annual,35.5,2025.0,79.3,79.3
idea_gsod_clean.csv,idea_direct_democracy,169,100.0,2025.0,annual,35.5,2025.0,79.3,79.3
idea_gsod_clean.csv,idea_effective_parliament,169,100.0,2025.0,annual,35.5,2025.0,79.3,79.3
idea_gsod_clean.csv,idea_electoral_participation,168,96.7,2025.0,annual,34.5,2025.0,78.4,78.4
idea_gsod_clean.csv,idea_free_association_assembly,169,100.0,2025.0,annual,35.5,2025.0,79.3,79.3
idea_gsod_clean.csv,idea_free_political_parties,169,100.0,2025.0,annual,35.5,2025.0,79.3,79.3
idea_gsod_clean.csv,idea_judicial_independence,169,100.0,2025.0,annual,35.5,2025.0,79.3,79.3
idea_gsod_clean.csv,idea_local_democracy,169,99.6,2025.0,annual,35.3,2025.0,78.9,78.9
idea_gsod_clean.csv,idea_participation,169,100.0,2025.0,annual,35.5,2025.0,79.3,79.3
idea_gsod_clean.csv,idea_representation,169,100.0,2025.0,annual,35.5,2025.0,79.3,79.3
imapp_clean.csv,imapp_breadth_borrower_based,134,100.0,2024.0,annual,35.0,2024.0,62.9,62.9
imapp_clean.csv,imapp_breadth_capital_based,134,100.0,2024.0,annual,35.0,2024.0,62.9,62.9
imapp_clean.csv,imapp_breadth_liquidity_funding,134,100.0,2024.0,annual,35.0,2024.0,62.9,62.9
imapp_clean.csv,imapp_breadth_provision_reserve_tax,134,100.0,2024.0,annual,35.0,2024.0,62.9,62.9
imapp_clean.csv,imapp_breadth_total,134,100.0,2024.0,annual,35.0,2024.0,62.9,62.9
imf_fiscal_rules_clean.csv,fr_any_enforcement,122,100.0,2024.0,annual,35.0,2024.0,57.3,57.3
imf_fiscal_rules_clean.csv,fr_budget_balance_rule,122,100.0,2024.0,annual,35.0,2024.0,57.3,57.3
imf_fiscal_rules_clean.csv,fr_compliance_bbr,49,11.3,2024.0,irregular,9.8,2024.0,23.0,23.0
imf_fiscal_rules_clean.csv,fr_compliance_dr,55,11.4,2024.0,irregular,8.8,2024.0,25.8,25.8
imf_fiscal_rules_clean.csv,fr_compliance_er,39,7.7,2024.0,irregular,8.4,2024.0,18.3,18.3
imf_fiscal_rules_clean.csv,fr_compliance_rr,7,1.3,2024.0,irregular,7.7,2024.0,3.3,3.3
imf_fiscal_rules_clean.csv,fr_correction_mechanism,72,22.0,2024.0,irregular,13.1,2024.0,33.8,33.8
imf_fiscal_rules_clean.csv,fr_correction_well_defined_triggers,6,1.5,2024.0,annual,10.5,2024.0,2.8,2.8
imf_fiscal_rules_clean.csv,fr_debt_rule,122,100.0,2024.0,annual,35.0,2024.0,57.3,57.3
imf_fiscal_rules_clean.csv,fr_enforcement_bbr,80,31.9,2024.0,irregular,17.0,2024.0,37.6,37.6
imf_fiscal_rules_clean.csv,fr_enforcement_dr,65,20.0,2024.0,irregular,13.2,2024.0,30.5,30.5
imf_fiscal_rules_clean.csv,fr_enforcement_er,57,17.3,2024.0,irregular,13.0,2024.0,26.8,26.8
imf_fiscal_rules_clean.csv,fr_enforcement_rr,14,4.5,2024.0,irregular,13.8,2024.0,6.6,6.6
imf_fiscal_rules_clean.csv,fr_expenditure_rule,122,100.0,2024.0,annual,35.0,2024.0,57.3,57.3
imf_fiscal_rules_clean.csv,fr_indep_body_monitors,91,38.6,2024.0,irregular,18.1,2024.0,42.7,42.7
imf_fiscal_rules_clean.csv,fr_indep_body_sets_assumptions,85,36.5,2024.0,irregular,18.3,2024.0,39.9,39.9
imf_fiscal_rules_clean.csv,fr_legal_basis_bbr,85,33.1,2024.0,irregular,16.6,2024.0,39.9,39.9
imf_fiscal_rules_clean.csv,fr_legal_basis_dr,70,21.4,2024.0,irregular,13.1,2024.0,32.9,32.9
imf_fiscal_rules_clean.csv,fr_legal_basis_er,63,18.3,2024.0,irregular,12.4,2024.0,29.6,29.6
imf_fiscal_rules_clean.csv,fr_legal_basis_rr,16,4.8,2024.0,irregular,12.7,2024.0,7.5,7.5
imf_fiscal_rules_clean.csv,fr_max_legal_basis,101,41.7,2024.0,irregular,17.6,2024.0,47.4,47.4
imf_fiscal_rules_clean.csv,fr_mean_legal_basis,101,41.7,2024.0,irregular,17.6,2024.0,47.4,47.4
imf_fiscal_rules_clean.csv,fr_num_rule_types,122,100.0,2024.0,annual,35.0,2024.0,57.3,57.3
imf_fiscal_rules_clean.csv,fr_revenue_rule,122,100.0,2024.0,annual,35.0,2024.0,57.3,57.3
imf_fiscal_rules_clean.csv,ifs_code,122,100.0,2024.0,annual,35.0,2024.0,57.3,57.3
irena_clean.csv,irena_renewables_share_pct,200,100.0,2025.0,annual,29.2,2024.0,93.9,93.9
odin_clean.csv,odin_coverage,196,100.0,2024.0,annual,5.6,2024.0,91.5,91.5
odin_clean.csv,odin_openness,196,100.0,2024.0,annual,5.6,2024.0,91.5,91.5
odin_clean.csv,odin_overall,196,100.0,2024.0,annual,5.6,2024.0,91.5,91.5
pefa_clean.csv,framework_version,82,100.0,2026.0,snapshot,1.0,2022.0,38.5,38.5
pefa_clean.csv,indicator_code,82,100.0,2026.0,snapshot,1.0,2022.0,38.5,38.5
pefa_clean.csv,level,82,100.0,2026.0,snapshot,1.0,2022.0,38.5,38.5
pefa_clean.csv,numeric_score,82,100.0,2026.0,snapshot,1.0,2022.0,38.5,38.5
pefa_clean.csv,quality_flag,82,100.0,2026.0,snapshot,1.0,2022.0,38.5,38.5
pefa_clean.csv,raw_grade,82,100.0,2026.0,snapshot,1.0,2022.0,38.5,38.5
pew_gri_clean.csv,pew_gov_restrictions_index,194,100.0,2022.0,annual,16.0,2022.0,91.1,91.1
pew_gri_clean.csv,pew_social_hostilities_index,194,100.0,2022.0,annual,16.0,2022.0,91.1,91.1
polfinance_clean.csv,polfin_n_answered,178,100.0,,snapshot(no-year),0.0,,83.6,83.6
polfinance_clean.csv,polfin_transparency_integrity,175,98.3,,snapshot(no-year),0.0,,82.2,82.2
powell_thyne_clean.csv,pt_autocoup,187,100.0,2025.0,annual,35.5,2025.0,87.8,87.8
powell_thyne_clean.csv,pt_coup_alleged,187,100.0,2025.0,annual,35.5,2025.0,87.8,87.8
powell_thyne_clean.csv,pt_coup_failed,187,100.0,2025.0,annual,35.5,2025.0,87.8,87.8
powell_thyne_clean.csv,pt_coup_successful,187,100.0,2025.0,annual,35.5,2025.0,87.8,87.8
powell_thyne_clean.csv,pt_version,187,100.0,2025.0,annual,35.5,2025.0,87.8,87.8
qog_clean.csv,bci_corruption_index,188,81.3,2025.0,annual,29.1,2021.0,0.0,87.8
qog_clean.csv,ccp_civil_rights_provisions,187,89.5,2025.0,annual,32.2,2023.0,84.0,85.4
qog_clean.csv,ccp_equality_provisions,187,89.5,2025.0,annual,32.2,2023.0,84.0,85.4
qog_clean.csv,ccp_government_system,189,93.7,2025.0,annual,33.3,2023.0,88.3,88.3
qog_clean.csv,ccp_information_access,187,89.5,2025.0,annual,32.2,2023.0,84.0,85.4
qog_clean.csv,ccp_market_economy_provisions,187,89.5,2025.0,annual,32.2,2023.0,84.0,85.4
qog_clean.csv,gpi_peace_index,157,41.7,2025.0,annual,17.9,2025.0,73.2,73.2
qog_clean.csv,hanson_sigman_state_capacity,161,60.6,2025.0,annual,25.3,2015.0,0.0,0.0
qog_clean.csv,kof_economic_globalisation,183,90.1,2025.0,annual,33.1,2023.0,85.4,85.4
qog_clean.csv,nd_gain_governance_readiness,185,79.2,2025.0,annual,28.8,2023.0,86.4,86.4
qog_clean.csv,nd_gain_readiness,189,80.9,2025.0,annual,28.8,2023.0,88.3,88.3
qog_clean.csv,nelda_election_held,184,24.5,2025.0,irregular,8.9,2019.0,86.4,86.4
qog_clean.csv,nelda_executive_election,184,24.5,2025.0,irregular,8.9,2019.0,86.4,86.4
qog_clean.csv,nelda_free_and_fair,184,24.5,2025.0,irregular,8.9,2019.0,86.4,86.4
qog_clean.csv,nelda_legislative_election,184,24.5,2025.0,irregular,8.9,2019.0,86.4,86.4
qog_clean.csv,nelda_meaningful_opposition,184,24.5,2025.0,irregular,8.9,2019.0,86.4,86.4
qog_clean.csv,nelda_multiple_parties,184,24.5,2025.0,irregular,8.9,2019.0,86.4,86.4
qog_clean.csv,nelda_opposition_allowed,184,24.5,2025.0,irregular,8.9,2019.0,86.4,86.4
qog_clean.csv,nelda_ruling_party_advantage,184,24.5,2025.0,irregular,8.9,2019.0,86.4,86.4
qog_clean.csv,nelda_violence_candidate,184,24.5,2025.0,irregular,8.9,2019.0,86.4,86.4
qog_clean.csv,obs_open_budget_index,124,13.5,2025.0,irregular,7.3,2023.0,58.2,58.2
qog_clean.csv,pei_electoral_integrity_index,163,8.1,2025.0,irregular,3.3,2022.0,76.5,76.5
qog_clean.csv,polity5_regime_durability,162,68.2,2025.0,annual,28.3,2018.0,0.0,0.0
qog_clean.csv,polity5_score,162,67.3,2025.0,annual,28.0,2018.0,0.0,0.5
qog_clean.csv,pts_amnesty,176,70.9,2025.0,annual,27.1,2024.0,70.4,70.4
qog_clean.csv,pts_hrw,110,16.0,2025.0,annual,9.8,2024.0,46.9,47.9
qog_clean.csv,pts_statedept,189,95.0,2025.0,annual,33.8,2024.0,88.3,88.3
qog_clean.csv,romelli_cbi_index,151,73.5,2025.0,annual,32.7,2023.0,70.9,70.9
qog_clean.csv,romelli_cbi_lending,151,73.5,2025.0,annual,32.7,2023.0,70.9,70.9
qog_clean.csv,romelli_cbi_policy,151,73.5,2025.0,annual,32.7,2023.0,70.9,70.9
qog_clean.csv,wb_informal_economy_dge,156,71.1,2025.0,annual,30.7,2020.0,0.0,72.8
qog_clean.csv,wb_informal_economy_mimic,157,65.3,2025.0,annual,28.0,2020.0,0.0,73.7
rti_rating_clean.csv,Appeals,140,73.3,,snapshot(no-year),0.0,,65.7,65.7
rti_rating_clean.csv,Exceptions & Refusals,140,73.3,,snapshot(no-year),0.0,,65.7,65.7
rti_rating_clean.csv,Promotional Measures,140,73.3,,snapshot(no-year),0.0,,65.7,65.7
rti_rating_clean.csv,Requesting Procedure,140,73.3,,snapshot(no-year),0.0,,65.7,65.7
rti_rating_clean.csv,Right of Access,140,73.3,,snapshot(no-year),0.0,,65.7,65.7
rti_rating_clean.csv,Sanctions & Protections,140,73.3,,snapshot(no-year),0.0,,65.7,65.7
rti_rating_clean.csv,Scope,140,73.3,,snapshot(no-year),0.0,,65.7,65.7
rti_rating_clean.csv,has_rti_law,191,100.0,,snapshot(no-year),0.0,,89.7,89.7
rti_rating_clean.csv,rti_law_year,140,73.3,,snapshot(no-year),0.0,,65.7,65.7
rti_rating_clean.csv,rti_total,191,100.0,,snapshot(no-year),0.0,,89.7,89.7
spi_clean.csv,spi_overall,187,35.9,2024.0,annual,8.6,2024.0,87.8,87.8
spi_clean.csv,spi_pillar1_data_use,213,100.0,2024.0,annual,21.0,2024.0,100.0,100.0
spi_clean.csv,spi_pillar2_data_services,189,36.2,2024.0,annual,8.6,2024.0,88.7,88.7
spi_clean.csv,spi_pillar3_data_products,212,94.8,2024.0,annual,20.0,2024.0,99.5,99.5
spi_clean.csv,spi_pillar4_data_sources,188,38.9,2024.0,annual,9.2,2024.0,88.3,88.3
spi_clean.csv,spi_pillar5_data_infrastructure,189,37.8,2024.0,annual,9.0,2024.0,88.7,88.7
tfi_clean.csv,tfi_avg,163,100.0,2022.0,irregular,3.0,2022.0,76.5,76.5
ti_cpi_clean.csv,ti_cpi_score,178,100.0,2024.0,annual,12.7,2024.0,82.6,83.1
ucdp_clean.csv,ucdp_ns_conflict_count,191,100.0,2024.0,annual,34.5,2024.0,89.7,89.7
ucdp_clean.csv,ucdp_ns_conflict_exists,191,100.0,2024.0,annual,34.5,2024.0,89.7,89.7
ucdp_clean.csv,ucdp_ns_deaths_best,191,100.0,2024.0,annual,34.5,2024.0,89.7,89.7
ucdp_clean.csv,ucdp_os_deaths_best,191,100.0,2024.0,annual,34.5,2024.0,89.7,89.7
ucdp_clean.csv,ucdp_os_govt_killings_best,191,100.0,2024.0,annual,34.5,2024.0,89.7,89.7
ucdp_clean.csv,ucdp_os_violence_exists,191,100.0,2024.0,annual,34.5,2024.0,89.7,89.7
ucdp_clean.csv,ucdp_sb_conflict_count,191,100.0,2024.0,annual,34.5,2024.0,89.7,89.7
ucdp_clean.csv,ucdp_sb_conflict_exists,191,100.0,2024.0,annual,34.5,2024.0,89.7,89.7
ucdp_clean.csv,ucdp_sb_deaths_best,191,100.0,2024.0,annual,34.5,2024.0,89.7,89.7
ucdp_clean.csv,ucdp_sb_interstate_deaths_best,191,100.0,2024.0,annual,34.5,2024.0,89.7,89.7
ucdp_clean.csv,ucdp_sb_interstate_exists,191,100.0,2024.0,annual,34.5,2024.0,89.7,89.7
ucdp_clean.csv,ucdp_sb_intrastate_deaths_best,191,100.0,2024.0,annual,34.5,2024.0,89.7,89.7
ucdp_clean.csv,ucdp_sb_intrastate_exists,191,100.0,2024.0,annual,34.5,2024.0,89.7,89.7
ucdp_clean.csv,ucdp_total_orgvio_deaths_best,191,100.0,2024.0,annual,34.5,2024.0,89.7,89.7
unodc_clean.csv,unodc_homicide_rate,187,100.0,2024.0,annual,21.8,2022.0,56.8,69.0
vdem_filtered.csv,v2clacjstm,172,100.0,2025.0,annual,35.7,2025.0,80.8,80.8
vdem_filtered.csv,v2clacjstw,172,100.0,2025.0,annual,35.7,2025.0,80.8,80.8
vdem_filtered.csv,v2cldmovem,172,100.0,2025.0,annual,35.7,2025.0,80.8,80.8
vdem_filtered.csv,v2cldmovew,172,100.0,2025.0,annual,35.7,2025.0,80.8,80.8
vdem_filtered.csv,v2clkill,172,100.0,2025.0,annual,35.7,2025.0,80.8,80.8
vdem_filtered.csv,v2clprptym,172,100.0,2025.0,annual,35.7,2025.0,80.8,80.8
vdem_filtered.csv,v2clprptyw,172,100.0,2025.0,annual,35.7,2025.0,80.8,80.8
vdem_filtered.csv,v2clrelig,172,100.0,2025.0,annual,35.7,2025.0,80.8,80.8
vdem_filtered.csv,v2clrgunev,172,100.0,2025.0,annual,35.7,2025.0,80.8,80.8
vdem_filtered.csv,v2clrspct,172,100.0,2025.0,annual,35.7,2025.0,80.8,80.8
vdem_filtered.csv,v2clslavef,172,100.0,2025.0,annual,35.7,2025.0,80.8,80.8
vdem_filtered.csv,v2clsocgrp,172,100.0,2025.0,annual,35.7,2025.0,80.8,80.8
vdem_filtered.csv,v2clstown,172,100.0,2025.0,annual,35.7,2025.0,80.8,80.8
vdem_filtered.csv,v2cltort,172,100.0,2025.0,annual,35.7,2025.0,80.8,80.8
vdem_filtered.csv,v2cltrnslw,172,100.0,2025.0,annual,35.7,2025.0,80.8,80.8
vdem_filtered.csv,v2cscnsult,172,100.0,2025.0,annual,35.7,2025.0,80.8,80.8
vdem_filtered.csv,v2cseeorgs,172,100.0,2025.0,annual,35.7,2025.0,80.8,80.8
vdem_filtered.csv,v2csprtcpt,172,100.0,2025.0,annual,35.7,2025.0,80.8,80.8
vdem_filtered.csv,v2csreprss,172,100.0,2025.0,annual,35.7,2025.0,80.8,80.8
vdem_filtered.csv,v2dlconslt,172,100.0,2025.0,annual,35.7,2025.0,80.8,80.8
vdem_filtered.csv,v2elaccept,169,91.4,2025.0,annual,33.3,2025.0,76.1,77.5
vdem_filtered.csv,v2elembaut,172,99.8,2025.0,annual,35.7,2025.0,80.8,80.8
vdem_filtered.csv,v2elembcap,172,99.8,2025.0,annual,35.7,2025.0,80.8,80.8
vdem_filtered.csv,v2elfrfair,169,91.4,2025.0,annual,33.3,2025.0,76.1,77.5
vdem_filtered.csv,v2elintim,169,91.4,2025.0,annual,33.3,2025.0,76.1,77.5
vdem_filtered.csv,v2elirreg,169,91.4,2025.0,annual,33.3,2025.0,76.1,77.5
vdem_filtered.csv,v2elvotbuy,169,91.4,2025.0,annual,33.3,2025.0,76.1,77.5
vdem_filtered.csv,v2excrptps,172,99.8,2025.0,annual,35.7,2025.0,80.8,80.8
vdem_filtered.csv,v2exembez,172,99.8,2025.0,annual,35.7,2025.0,80.8,80.8
vdem_filtered.csv,v2jucomp,172,99.6,2025.0,annual,35.6,2025.0,80.8,80.8
vdem_filtered.csv,v2jucorrdc,172,99.8,2025.0,annual,35.7,2025.0,80.8,80.8
vdem_filtered.csv,v2juhcind,172,99.8,2025.0,annual,35.7,2025.0,80.8,80.8
vdem_filtered.csv,v2juncind,172,100.0,2025.0,annual,35.7,2025.0,80.8,80.8
vdem_filtered.csv,v2jupack,172,99.6,2025.0,annual,35.6,2025.0,80.8,80.8
vdem_filtered.csv,v2jupurge,172,99.6,2025.0,annual,35.6,2025.0,80.8,80.8
vdem_filtered.csv,v2lgcrrpt,172,96.3,2025.0,annual,34.5,2025.0,78.4,79.8
vdem_filtered.csv,v2lginvstp,172,98.6,2025.0,annual,35.2,2025.0,80.8,80.8
vdem_filtered.csv,v2lgoppart,172,96.3,2025.0,annual,34.5,2025.0,78.4,79.8
vdem_filtered.csv,v2lgotovst,172,98.9,2025.0,annual,35.3,2025.0,80.8,80.8
vdem_filtered.csv,v2lgqstexp,172,96.3,2025.0,annual,34.5,2025.0,78.4,79.8
vdem_filtered.csv,v2mebias,172,100.0,2025.0,annual,35.7,2025.0,80.8,80.8
vdem_filtered.csv,v2mecenefm,172,100.0,2025.0,annual,35.7,2025.0,80.8,80.8
vdem_filtered.csv,v2mecorrpt,172,100.0,2025.0,annual,35.7,2025.0,80.8,80.8
vdem_filtered.csv,v2mecrit,172,100.0,2025.0,annual,35.7,2025.0,80.8,80.8
vdem_filtered.csv,v2meharjrn,172,100.0,2025.0,annual,35.7,2025.0,80.8,80.8
vdem_filtered.csv,v2merange,172,100.0,2025.0,annual,35.7,2025.0,80.8,80.8
vdem_filtered.csv,v2meslfcen,172,100.0,2025.0,annual,35.7,2025.0,80.8,80.8
vdem_filtered.csv,v2pepwrses,172,100.0,2025.0,annual,35.7,2025.0,80.8,80.8
vdem_filtered.csv,v2pepwrsoc,172,100.0,2025.0,annual,35.7,2025.0,80.8,80.8
vdem_filtered.csv,v2pscohesv,172,100.0,2025.0,annual,35.7,2025.0,80.8,80.8
vdem_filtered.csv,v2psoppaut,171,97.3,2025.0,annual,35.0,2025.0,78.4,79.3
vdem_filtered.csv,v2psprlnks,172,100.0,2025.0,annual,35.7,2025.0,80.8,80.8
vdem_filtered.csv,v2svdomaut,172,100.0,2025.0,annual,35.7,2025.0,80.8,80.8
vdem_filtered.csv,v2svstterr,170,97.2,2025.0,annual,35.5,2025.0,79.8,79.8
vdem_filtered.csv,v2x_civlib,172,100.0,2025.0,annual,35.7,2025.0,80.8,80.8
vdem_filtered.csv,v2x_clpriv,172,100.0,2025.0,annual,35.7,2025.0,80.8,80.8
vdem_filtered.csv,v2x_corr,172,99.6,2025.0,annual,35.6,2025.0,80.8,80.8
vdem_filtered.csv,v2x_egal,172,100.0,2025.0,annual,35.7,2025.0,80.8,80.8
vdem_filtered.csv,v2x_freexp_altinf,172,100.0,2025.0,annual,35.7,2025.0,80.8,80.8
vdem_filtered.csv,v2x_horacc,172,100.0,2025.0,annual,35.7,2025.0,80.8,80.8
vdem_filtered.csv,v2x_partip,172,99.8,2025.0,annual,35.7,2025.0,80.8,80.8
vdem_filtered.csv,v2x_polyarchy,172,100.0,2025.0,annual,35.7,2025.0,80.8,80.8
vdem_filtered.csv,v2x_regime,172,100.0,2025.0,annual,35.7,2025.0,80.8,80.8
vdem_filtered.csv,v2xcl_prpty,172,100.0,2025.0,annual,35.7,2025.0,80.8,80.8
vdem_filtered.csv,v2xeg_eqaccess,172,100.0,2025.0,annual,35.7,2025.0,80.8,80.8
vdem_filtered.csv,v2xlg_legcon,172,98.6,2025.0,annual,35.2,2025.0,80.8,80.8
wb_brss_clean.csv,brss_coverage,155,100.0,,snapshot(no-year),0.0,,72.8,72.8
wb_brss_clean.csv,brss_regstringency,155,100.0,,snapshot(no-year),0.0,,72.8,72.8
wb_brss_clean.csv,brss_reliable,155,100.0,,snapshot(no-year),0.0,,72.8,72.8
wb_brss_clean.csv,capital_stringency,155,100.0,,snapshot(no-year),0.0,,72.8,72.8
wb_brss_clean.csv,liquidity_concentration,154,99.4,,snapshot(no-year),0.0,,72.3,72.3
wb_brss_clean.csv,macroprudential,152,98.1,,snapshot(no-year),0.0,,71.4,71.4
wb_brss_clean.csv,private_monitoring,155,100.0,,snapshot(no-year),0.0,,72.8,72.8
wb_brss_clean.csv,provisioning,153,98.7,,snapshot(no-year),0.0,,71.8,71.8
wb_brss_clean.csv,resolution_regime,152,98.1,,snapshot(no-year),0.0,,71.4,71.4
wb_brss_clean.csv,supervisory_capacity,142,91.6,,snapshot(no-year),0.0,,66.7,66.7
wb_brss_clean.csv,supervisory_independence,152,98.1,,snapshot(no-year),0.0,,71.4,71.4
wb_brss_clean.csv,supervisory_power,152,98.1,,snapshot(no-year),0.0,,71.4,71.4
wb_carbon_clean.csv,wb_carbon_coverage_is_snapshot,70,100.0,2025.0,irregular,13.2,2025.0,32.9,32.9
wb_carbon_clean.csv,wb_carbon_coverage_pct,52,98.1,2025.0,irregular,17.5,2025.0,24.4,24.4
wb_carbon_clean.csv,wb_carbon_price_usd,51,91.5,2025.0,irregular,16.6,2025.0,23.9,23.9
wb_carbon_clean.csv,wb_carbon_pricing_exists,70,100.0,2025.0,irregular,13.2,2025.0,32.9,32.9
wb_carbon_clean.csv,wb_carbon_revenue_usd_m,39,52.8,2025.0,irregular,12.5,2024.0,18.3,18.3
wdi_clean.csv,wbl_enforcement_perceptions,176,2.3,2025.0,snapshot,1.0,2025.0,82.6,82.6
wdi_clean.csv,wbl_legal_framework,188,2.5,2025.0,snapshot,1.0,2025.0,88.3,88.3
wdi_clean.csv,wbl_supportive_framework,188,2.5,2025.0,snapshot,1.0,2025.0,88.3,88.3
wdi_clean.csv,wdi_basic_sanitation_access,211,66.5,2025.0,annual,24.2,2024.0,92.5,93.9
wdi_clean.csv,wdi_basic_water_access,211,67.1,2025.0,annual,24.4,2024.0,94.4,95.3
wdi_clean.csv,wdi_education_expenditure_gdp,200,52.7,2025.0,irregular,20.2,2023.0,93.9,93.9
wdi_clean.csv,wdi_education_expenditure_govt,197,52.3,2025.0,irregular,20.4,2024.0,92.5,92.5
wdi_clean.csv,wdi_electricity_access,212,83.9,2025.0,annual,30.3,2023.0,99.1,99.1
wdi_clean.csv,wdi_gdp_per_capita_ppp,201,88.4,2025.0,annual,33.7,2024.0,93.0,93.0
wdi_clean.csv,wdi_gdp_per_capita_usd,211,95.4,2025.0,annual,34.7,2025.0,97.2,98.1
wdi_clean.csv,wdi_gni_per_capita_ppp,200,88.7,2025.0,annual,34.0,2025.0,92.0,92.0
wdi_clean.csv,wdi_hci_plus_overall,175,7.5,2025.0,irregular,3.3,2025.0,82.2,82.2
wdi_clean.csv,wdi_hospital_beds_per_1000,194,48.2,2025.0,irregular,19.1,2022.0,91.1,91.1
wdi_clean.csv,wdi_immunization_dpt,190,85.1,2025.0,annual,34.3,2024.0,89.2,89.2
wdi_clean.csv,wdi_immunization_measles,190,85.0,2025.0,annual,34.3,2024.0,89.2,89.2
wdi_clean.csv,wdi_life_expectancy,213,97.2,2025.0,annual,35.0,2024.0,100.0,100.0
wdi_clean.csv,wdi_lpi_overall,167,13.8,2025.0,irregular,6.4,2022.0,78.4,78.4
wdi_clean.csv,wdi_maternal_mortality,191,84.7,2025.0,annual,34.0,2023.0,89.7,89.7
wdi_clean.csv,wdi_mortality_under5,193,88.1,2025.0,annual,35.0,2024.0,90.6,90.6
wdi_clean.csv,wdi_nurses_per_1000,195,43.9,2025.0,irregular,17.3,2022.0,91.5,91.5
wdi_clean.csv,wdi_patent_applications_nonresident,162,44.1,2025.0,annual,20.9,2021.0,0.0,62.9
wdi_clean.csv,wdi_patent_applications_resident,152,41.4,2025.0,annual,20.9,2021.0,0.0,57.7
wdi_clean.csv,wdi_physicians_per_1000,202,49.7,2025.0,irregular,18.9,2022.0,94.8,94.8
wdi_clean.csv,wdi_population_total,213,100.0,2025.0,annual,36.0,2025.0,100.0,100.0
wdi_clean.csv,wdi_primary_completion_rate,193,50.8,2025.0,irregular,20.2,2024.0,90.6,90.6
wdi_clean.csv,wdi_primary_enrollment_gross,205,68.1,2025.0,annual,25.5,2024.0,87.3,88.7
wdi_clean.csv,wdi_pupil_teacher_ratio_primary,201,48.8,2025.0,annual,18.6,2017.0,0.0,0.0
wdi_clean.csv,wdi_pupil_teacher_ratio_secondary,195,35.5,2025.0,irregular,14.0,2017.0,91.5,91.5
wdi_clean.csv,wdi_safety_net_coverage,121,7.4,2025.0,irregular,4.7,2018.0,56.8,56.8
wdi_clean.csv,wdi_secondary_enrollment_gross,204,57.0,2025.0,irregular,21.4,2024.0,95.8,95.8
wdi_clean.csv,wdi_social_insurance_coverage,118,6.8,2025.0,irregular,4.4,2018.0,55.4,55.4
wdi_clean.csv,wdi_social_protection_coverage,130,7.7,2025.0,irregular,4.5,2018.0,61.0,61.0
wdi_clean.csv,wdi_tariff_rate_simple_mean,186,48.8,2025.0,annual,20.1,2022.0,67.1,83.6
wdi_clean.csv,wdi_tariff_rate_weighted_mean,186,48.8,2025.0,annual,20.1,2022.0,67.1,83.6
wdi_clean.csv,wdi_trademark_applications_nonresident,157,24.9,2025.0,annual,12.2,2021.0,0.0,64.8
wdi_clean.csv,wdi_trademark_applications_resident,155,24.7,2025.0,annual,12.2,2021.0,0.0,63.8
wdi_clean.csv,wdi_uhc_coverage_index,190,59.5,2025.0,annual,24.0,2023.0,89.2,89.2
wgi_clean.csv,wgi_control_of_corruption,204,98.1,2024.0,annual,25.1,2024.0,95.8,95.8
wgi_clean.csv,wgi_government_effectiveness,202,97.5,2024.0,annual,25.2,2024.0,94.8,94.8
wgi_clean.csv,wgi_political_stability,204,99.1,2024.0,annual,25.4,2024.0,95.8,95.8
wgi_clean.csv,wgi_regulatory_quality,202,97.5,2024.0,annual,25.2,2024.0,94.8,94.8
wgi_clean.csv,wgi_rule_of_law,204,99.9,2024.0,annual,25.6,2024.0,95.8,95.8
wgi_clean.csv,wgi_voice_accountability,204,99.7,2024.0,annual,25.5,2024.0,94.8,94.8
wjp_clean.csv,wjp_f2_absence_corruption,143,100.0,2025.0,annual,10.4,2025.0,67.1,67.1
wjp_clean.csv,wjp_f3_open_government,143,100.0,2025.0,annual,10.4,2025.0,67.1,67.1
wjp_clean.csv,wjp_f4_fundamental_rights,143,100.0,2025.0,annual,10.4,2025.0,67.1,67.1
wjp_clean.csv,wjp_f5_order_security,143,100.0,2025.0,annual,10.4,2025.0,67.1,67.1
wjp_clean.csv,wjp_f6_5_no_expropriation,143,100.0,2025.0,annual,10.4,2025.0,67.1,67.1
wjp_clean.csv,wjp_f6_regulatory_enforcement,143,100.0,2025.0,annual,10.4,2025.0,67.1,67.1
wjp_clean.csv,wjp_f7_civil_justice,143,100.0,2025.0,annual,10.4,2025.0,67.1,67.1
wjp_clean.csv,wjp_f8_criminal_justice,143,100.0,2025.0,annual,10.4,2025.0,67.1,67.1
