country_code,year,odin_coverage,odin_openness,odin_overall
ABW,2022,0.6931438127090301,0.7043478260869565,0.6987458193979933
ABW,2024,0.4090909090909091,0.4409090909090909,0.42500000000000004
AFG,2017,0.43157894736842106,0.4545454545454545,0.44306220095693777
AFG,2018,0.6282296650717702,0.6090909090909091,0.6186602870813397
AFG,2020,0.6281992606935398,0.5739130434782609,0.6010561520859004
AFG,2022,0.6039429677873615,0.6173913043478262,0.6106671360675938
AFG,2024,0.3631461675579323,0.4545454545454545,0.4088458110516934
AGO,2016,0.41624649859943974,0.45714285714285713,0.43669467787114846
AGO,2017,0.3301435406698564,0.46363636363636357,0.39688995215310996
AGO,2018,0.28325358851674637,0.43636363636363634,0.35980861244019136
AGO,2020,0.7643020594965676,0.7478260869565216,0.7560640732265447
AGO,2022,0.6338672768878719,0.6260869565217391,0.6299771167048055
AGO,2024,0.4291443850267379,0.39090909090909093,0.41002673796791445
AIA,2016,0.22619047619047616,0.2095238095238095,0.21785714285714283
AIA,2017,0.2159090909090909,0.24545454545454545,0.23068181818181818
AIA,2018,0.3427033492822966,0.43636363636363634,0.38953349282296645
AIA,2020,0.2173913043478261,0.24347826086956523,0.23043478260869565
AIA,2022,0.32608695652173914,0.4,0.3630434782608696
AIA,2024,0.20359848484848483,0.28181818181818186,0.24270833333333336
ALB,2016,0.9585434173669469,1.0380952380952382,0.9983193277310926
ALB,2017,0.8636363636363636,1.0818181818181818,0.9727272727272727
ALB,2018,0.8813397129186603,1.1363636363636362,1.0088516746411482
ALB,2020,0.8370709382151029,1.0347826086956524,0.9359267734553777
ALB,2022,1.0391832423869036,1.1043478260869564,1.0717655342369299
ALB,2024,0.49763814616755786,0.5545454545454545,0.5260918003565062
AND,2017,0.45992822966507174,0.6181818181818182,0.539055023923445
AND,2018,0.5412679425837321,0.6818181818181819,0.611543062200957
AND,2020,0.511705685618729,0.6434782608695653,0.5775919732441471
AND,2022,0.8377926421404682,1.2434782608695651,1.0406354515050167
AND,2024,0.4564393939393939,0.6363636363636364,0.5464015151515151
ARE,2016,0.6700280112044819,0.6,0.6350140056022409
ARE,2017,0.654066985645933,1.2545454545454544,0.9543062200956938
ARE,2018,0.6660287081339713,1.1727272727272728,0.9193779904306221
ARE,2020,0.9958810068649886,1.652173913043478,1.3240274599542334
ARE,2022,1.1560640732265446,1.6782608695652173,1.4171624713958808
ARE,2024,0.6467914438502673,0.9272727272727274,0.7870320855614974
ARG,2016,0.6676470588235295,0.5333333333333333,0.6004901960784315
ARG,2017,0.6875598086124401,0.7181818181818181,0.7028708133971291
ARG,2018,0.7253588516746411,0.7454545454545455,0.7354066985645933
ARG,2020,0.8801971483893682,0.826086956521739,0.8531420524555536
ARG,2022,0.891744411195212,0.817391304347826,0.854567857771519
ARG,2024,0.5251336898395722,0.5681818181818181,0.5466577540106952
ARM,2016,0.9064425770308123,1.019047619047619,0.9627450980392156
ARM,2017,0.9177033492822968,1.0363636363636364,0.9770334928229666
ARM,2018,0.8617224880382774,1.018181818181818,0.9399521531100478
ARM,2020,0.9327231121281464,1.0,0.9663615560640733
ARM,2022,0.9958810068649886,1.0347826086956522,1.0153318077803204
ARM,2024,0.5486631016042781,0.5681818181818181,0.5584224598930481
ATG,2020,0.6036789297658863,0.7478260869565216,0.6757525083612039
ATG,2022,0.540969899665552,0.6434782608695653,0.5922240802675587
ATG,2024,0.32102272727272724,0.42272727272727273,0.37187499999999996
AUS,2016,0.9882352941176471,1.276190476190476,1.1322128851540616
AUS,2017,0.9240430622009569,1.5909090909090908,1.257476076555024
AUS,2018,0.9906514538093486,1.481818181818182,1.2362348178137652
AUS,2020,0.9657806724168282,1.347826086956522,1.156803379686675
AUS,2022,1.0196092237282168,1.5913043478260869,1.3054567857771517
AUS,2024,0.5946524064171123,0.859090909090909,0.7268716577540106
AUT,2016,0.9985994397759104,1.342857142857143,1.1707282913165267
AUT,2017,0.935944976076555,1.1727272727272728,1.0543361244019138
AUT,2018,1.0039013617960986,1.3818181818181818,1.1928597718071403
AUT,2020,0.9691603590917091,1.4434782608695653,1.2063193099806373
AUT,2022,0.9049111071994368,1.3043478260869565,1.1046294666431966
AUT,2024,0.5635472370766489,0.7727272727272727,0.6681372549019609
AZE,2016,1.011204481792717,0.7714285714285715,0.8913165266106442
AZE,2017,1.0214114832535883,0.8363636363636363,0.9288875598086124
AZE,2018,0.9736842105263157,0.8272727272727274,0.9004784688995215
AZE,2020,0.9920788593557471,1.017391304347826,1.0047350818517866
AZE,2022,0.9591269142756559,1.0782608695652174,1.0186938919204367
AZE,2024,0.5279411764705882,0.6000000000000001,0.5639705882352941
BDI,2016,0.7539215686274511,0.6380952380952382,0.6960084033613446
BDI,2017,0.6091507177033494,0.5545454545454545,0.581848086124402
BDI,2018,0.7345233713654766,0.6909090909090909,0.7127162311372838
BDI,2020,0.6036613272311213,0.808695652173913,0.7061784897025172
BDI,2022,0.6823798627002289,0.7652173913043478,0.7237986270022884
BDI,2024,0.461096256684492,0.7545454545454545,0.6078208556149732
BEL,2016,0.7777310924369748,1.1238095238095238,0.9507703081232493
BEL,2017,0.7850478468899521,0.9818181818181817,0.883433014354067
BEL,2018,0.7673536989326463,0.9363636363636363,0.8518586676481412
BEL,2020,0.7420876606231298,0.8434782608695652,0.7927829607463475
BEL,2022,0.8723464178841753,1.1043478260869564,0.9883471219855658
BEL,2024,0.4398841354723707,0.5363636363636364,0.48812388591800354
BEN,2016,0.45140056022408964,0.43809523809523815,0.4447478991596639
BEN,2017,0.25316985645933016,0.32727272727272727,0.29022129186602874
BEN,2018,0.3302171512697828,0.509090909090909,0.4196540301803459
BEN,2020,0.7430734025699701,1.1478260869565218,0.945449744763246
BEN,2022,0.7775039605703221,1.1391304347826088,0.9583171976764655
BEN,2024,0.48921568627450973,0.6363636363636364,0.562789661319073
BFA,2016,0.7124649859943978,0.5142857142857143,0.6133753501400561
BFA,2017,0.5751196172248804,0.5636363636363637,0.569377990430622
BFA,2018,0.6129186602870813,0.5818181818181818,0.5973684210526315
BFA,2020,0.8082379862700229,1.1217391304347826,0.9649885583524027
BFA,2022,0.7206477732793523,1.0956521739130434,0.9081499735961978
BFA,2024,0.5730837789661319,0.8318181818181818,0.7024509803921568
BGD,2016,0.7514005602240896,0.5714285714285714,0.6614145658263305
BGD,2017,0.6889952153110047,0.6909090909090909,0.6899521531100479
BGD,2018,0.7526315789473684,0.6818181818181819,0.7172248803827752
BGD,2020,0.7220207709910227,0.6347826086956522,0.6784016898433374
BGD,2022,0.7163527547966907,0.6695652173913043,0.6929589860939975
BGD,2024,0.467156862745098,0.4045454545454546,0.4358511586452763
BGR,2016,1.1340336134453781,1.0857142857142856,1.109873949579832
BGR,2017,1.1260765550239236,1.5727272727272728,1.3494019138755982
BGR,2018,1.0695988222304011,1.3545454545454545,1.2120721383879278
BGR,2020,1.134518570674177,1.408695652173913,1.271607111424045
BGR,2022,1.0776623833832073,1.434782608695652,1.2562224960394297
BGR,2024,0.5927361853832442,0.7863636363636364,0.6895499108734403
BHR,2016,0.8452380952380952,0.8380952380952381,0.8416666666666667
BHR,2020,0.9406354515050167,1.365217391304348,1.1529264214046824
BHR,2022,0.8971571906354515,1.3913043478260867,1.1442307692307692
BHR,2024,0.5378787878787878,0.6681818181818182,0.603030303030303
BHS,2016,0.61890756302521,0.5047619047619047,0.5618347338935574
BHS,2017,0.5181818181818182,0.5909090909090909,0.5545454545454546
BHS,2018,0.5818181818181818,0.6272727272727272,0.6045454545454545
BHS,2020,0.5929589860939976,0.7043478260869566,0.6486534060904771
BHS,2022,0.5581763773983454,0.6521739130434783,0.6051751452209118
BHS,2024,0.31631016042780746,0.33181818181818185,0.3240641711229947
BIH,2016,0.638095238095238,0.6095238095238095,0.6238095238095238
BIH,2017,0.6272727272727272,0.6272727272727272,0.6272727272727272
BIH,2018,0.6468899521531102,0.6090909090909091,0.6279904306220097
BIH,2020,0.740045766590389,0.7043478260869567,0.7221967963386728
BIH,2022,0.797254004576659,0.7826086956521737,0.7899313501144163
BIH,2024,0.42032085561497323,0.45909090909090916,0.43970588235294117
BLR,2016,1.1109243697478992,0.7142857142857142,0.9126050420168067
BLR,2017,1.0504186602870813,0.7727272727272727,0.911572966507177
BLR,2018,1.1025395656974606,0.7363636363636363,0.9194516010305485
BLR,2020,1.225946136243619,1.1826086956521737,1.2042774159478964
BLR,2022,1.1786305227952825,1.1652173913043478,1.171923957049815
BLZ,2016,0.5467787114845939,0.5714285714285714,0.5591036414565826
BLZ,2017,0.6316387559808613,0.6818181818181819,0.6567284688995216
BLZ,2018,0.740264998159735,0.7181818181818181,0.7292234081707766
BLZ,2020,0.7295194508009154,0.7304347826086957,0.7299771167048055
BLZ,2022,0.7643020594965676,0.8521739130434783,0.808237986270023
BLZ,2024,0.45641711229946524,0.5272727272727273,0.4918449197860963
BOL,2016,0.7673669467787115,0.7428571428571428,0.7551120448179272
BOL,2017,0.5790669856459331,0.9454545454545453,0.7622607655502391
BOL,2018,0.7206477732793523,1.0636363636363637,0.892142068457858
BOL,2020,0.7275127618377046,0.8956521739130434,0.811582467875374
BOL,2022,0.9105791233937687,0.9652173913043478,0.9378982573490582
BOL,2024,0.5636363636363636,0.5272727272727273,0.5454545454545454
BRA,2016,0.8057422969187675,0.7904761904761904,0.798109243697479
BRA,2017,0.7120813397129186,0.7,0.7060406698564593
BRA,2018,1.0082075818917922,0.9545454545454547,0.9813765182186234
BRA,2020,1.073789825734906,1.1478260869565218,1.1108079563457138
BRA,2022,1.154374229889104,1.173913043478261,1.1641436366836824
BRA,2024,0.651693404634581,0.6590909090909091,0.655392156862745
BRB,2022,0.33695652173913043,0.41739130434782606,0.37717391304347825
BRB,2024,0.2831439393939394,0.39545454545454545,0.3392992424242424
BRN,2020,0.7620137299771168,1.0956521739130434,0.9288329519450801
BRN,2022,0.7272311212814645,1.2,0.9636155606407322
BRN,2024,0.4585561497326204,0.6590909090909092,0.5588235294117647
BTN,2016,0.857703081232493,0.8476190476190476,0.8526610644257703
BTN,2017,0.8052631578947368,0.6454545454545454,0.7253588516746411
BTN,2018,0.8263157894736842,0.5545454545454545,0.6904306220095693
BTN,2020,0.7903890160183067,0.6347826086956522,0.7125858123569795
BTN,2022,0.8077803203661327,0.834782608695652,0.8212814645308923
BTN,2024,0.4192513368983957,0.4818181818181818,0.4505347593582888
BWA,2016,0.6347338935574229,0.619047619047619,0.626890756302521
BWA,2017,0.6602870813397128,0.9636363636363636,0.8119617224880382
BWA,2018,0.6980861244019139,0.9454545454545455,0.8217703349282297
BWA,2020,0.6645308924485126,0.9913043478260871,0.8279176201372999
BWA,2022,0.774194684034501,1.1391304347826088,0.9566625594085549
BWA,2024,0.3676470588235294,0.5909090909090909,0.47927807486631013
CAF,2022,0.4439359267734554,0.5304347826086957,0.48718535469107555
CAF,2024,0.3513814616755793,0.75,0.5506907308377896
CAN,2016,1.2016806722689073,1.619047619047619,1.4103641456582632
CAN,2017,1.1644736842105263,1.6272727272727274,1.3958732057416268
CAN,2018,1.414206845785793,1.5363636363636364,1.4752852410747148
CAN,2020,1.2984685794754445,1.5217391304347827,1.4101038549551137
CAN,2022,1.3967963386727689,1.5043478260869565,1.4505720823798627
CAN,2024,0.7301693404634582,0.8045454545454545,0.7673573975044563
CHE,2016,1.0627450980392157,1.1238095238095238,1.0932773109243699
CHE,2017,0.8043660287081339,1.0363636363636364,0.9203648325358851
CHE,2018,1.0830695620169304,1.1545454545454545,1.1188075082811926
CHE,2020,1.1276183770462946,1.3565217391304347,1.2420700580883648
CHE,2022,1.1018834712198555,1.2347826086956522,1.1683330399577538
CHE,2024,0.611319073083779,0.6272727272727273,0.6192959001782532
CHL,2016,0.8173669467787116,0.8476190476190475,0.8324929971988795
CHL,2017,0.6205741626794258,0.4727272727272728,0.5466507177033493
CHL,2018,0.6856459330143541,0.5909090909090908,0.6382775119617224
CHL,2020,0.6606231297306813,0.6260869565217391,0.6433550431262102
CHL,2022,0.9134307340256997,1.0521739130434784,0.9828023235345891
CHL,2024,0.6309269162210338,0.6318181818181818,0.6313725490196078
CHN,2016,0.7703081232492999,0.8666666666666668,0.8184873949579834
CHN,2017,0.7354066985645933,0.7181818181818181,0.7267942583732057
CHN,2018,0.8186602870813398,0.7272727272727273,0.7729665071770335
CHN,2020,0.6965675057208237,0.5043478260869565,0.60045766590389
CHN,2022,0.7052631578947368,0.5826086956521739,0.6439359267734553
CHN,2024,0.39064171122994656,0.30454545454545456,0.3475935828877006
CIV,2016,0.480672268907563,0.5142857142857143,0.49747899159663866
CIV,2017,0.36818181818181817,0.5636363636363636,0.4659090909090909
CIV,2018,0.3910563121089437,0.6090909090909091,0.5000736105999264
CIV,2020,0.5994719239570498,0.808695652173913,0.7040837880654814
CIV,2022,0.2471395881006865,0.4608695652173913,0.3540045766590389
CIV,2024,0.3680035650623886,0.7909090909090909,0.5794563279857398
CMR,2016,0.6560224089635854,0.8285714285714285,0.742296918767507
CMR,2017,0.6646531100478469,0.7,0.6823265550239235
CMR,2018,0.6521531100478468,0.6909090909090908,0.6715311004784688
CMR,2020,0.834324942791762,0.808695652173913,0.8215102974828374
CMR,2022,0.7176201372997711,0.8782608695652174,0.7979405034324942
CMR,2024,0.47085561497326206,0.75,0.6104278074866311
COD,2016,0.5675070028011204,0.419047619047619,0.4932773109243697
COD,2017,0.4688995215311005,0.509090909090909,0.48899521531100476
COD,2018,0.6430622009569379,0.6,0.6215311004784689
COD,2020,0.6897025171624714,1.017391304347826,0.8535469107551488
COD,2022,0.5157894736842106,0.7391304347826088,0.6274599542334096
COD,2024,0.3088235294117647,0.39090909090909093,0.3498663101604278
COG,2016,0.5152661064425771,0.5047619047619047,0.5100140056022409
COG,2017,0.46746411483253586,0.6454545454545455,0.5564593301435407
COG,2018,0.364666912035333,0.6545454545454545,0.5096061832903938
COG,2020,0.3537757437070938,0.7652173913043478,0.5594965675057209
COG,2024,0.2516488413547237,0.37272727272727274,0.3121880570409982
COK,2024,0.37049910873440284,0.4045454545454546,0.38752228163992875
COL,2016,0.8203081232492998,0.7333333333333334,0.7768207282913167
COL,2017,0.9433014354066984,1.0,0.9716507177033492
COL,2018,0.8849098270150902,0.9181818181818182,0.9015458225984543
COL,2020,0.8260165463826791,1.0173913043478262,0.9217039253652526
COL,2022,0.9928885759549374,1.0521739130434784,1.0225312444992078
COL,2024,0.6289661319073084,0.6318181818181818,0.6303921568627451
COM,2024,0.24928698752228162,0.509090909090909,0.37918894830659533
CPV,2016,0.46386554621848736,0.7238095238095238,0.5938375350140056
CPV,2017,0.3679425837320574,0.4545454545454545,0.41124401913875597
CPV,2018,0.46028708133971286,0.5727272727272728,0.5165071770334928
CPV,2020,0.7977116704805491,0.8608695652173914,0.8292906178489703
CPV,2022,0.748741418764302,0.8956521739130434,0.8221967963386727
CPV,2024,0.4360962566844919,0.46818181818181814,0.45213903743315503
CRI,2016,0.3918767507002801,0.29523809523809524,0.3435574229691877
CRI,2017,0.7852870813397128,1.1181818181818182,0.9517344497607655
CRI,2018,0.831726168568274,1.109090909090909,0.9704085388295914
CRI,2020,0.9714838936806901,1.191304347826087,1.0813941207533886
CRI,2022,0.8905474388311918,1.1739130434782608,1.0322302411547262
CRI,2024,0.620187165775401,0.6863636363636363,0.6532754010695186
CUB,2016,0.7750700280112045,0.8476190476190476,0.811344537815126
CUB,2017,0.7267942583732057,0.5818181818181818,0.6543062200956937
CUB,2018,0.7177033492822967,0.5727272727272728,0.6452153110047847
CUB,2020,0.9187819045942616,0.8347826086956521,0.8767822566449568
CUB,2022,0.8918500264038022,0.5304347826086956,0.7111424045062489
CUB,2024,0.4379679144385027,0.38636363636363635,0.4121657754010695
CYP,2016,0.8491596638655461,0.9047619047619048,0.8769607843137255
CYP,2017,0.7861244019138758,1.1,0.9430622009569379
CYP,2018,0.8861244019138755,1.481818181818182,1.1839712918660288
CYP,2020,0.7794050343249428,1.4,1.0897025171624715
CYP,2022,0.8315789473684211,1.4,1.1157894736842104
CYP,2024,0.43903743315508015,0.6272727272727273,0.5331550802139038
CZE,2016,1.3665266106442577,1.5904761904761906,1.4785014005602242
CZE,2017,1.1212320574162677,1.3363636363636364,1.228797846889952
CZE,2018,1.1767758557232244,1.3272727272727272,1.2520242914979758
CZE,2020,1.2142228480901252,1.2956521739130435,1.2549375110015843
CZE,2022,1.1970075690899489,1.2608695652173911,1.2289385671536701
CZE,2024,0.49875222816399295,0.6545454545454545,0.5766488413547237
DEU,2016,1.0365546218487396,1.361904761904762,1.1992296918767509
DEU,2017,0.8492822966507176,1.409090909090909,1.1291866028708133
DEU,2018,1.1235921972764076,1.7,1.4117960986382037
DEU,2020,1.1324766766414363,1.6434782608695653,1.3879774687555009
DEU,2022,1.2297834888223904,1.6086956521739133,1.419239570498152
DEU,2024,0.6268716577540108,0.859090909090909,0.7429812834224598
DJI,2016,0.5210084033613445,0.49523809523809526,0.5081232492997199
DJI,2017,0.42105263157894735,0.5818181818181818,0.5014354066985646
DJI,2018,0.43923444976076553,0.6272727272727272,0.5332535885167464
DJI,2020,0.4874141876430206,0.5913043478260869,0.5393592677345538
DJI,2022,0.5066361556064074,0.591304347826087,0.5489702517162471
DJI,2024,0.28663101604278074,0.3772727272727273,0.331951871657754
DMA,2020,0.4565217391304348,0.8695652173913043,0.6630434782608696
DMA,2022,0.42976588628762535,0.6347826086956522,0.5322742474916388
DMA,2024,0.24431818181818182,0.38636363636363635,0.31534090909090906
DNK,2016,1.1746498599439776,1.6952380952380952,1.4349439775910364
DNK,2017,1.1905502392344496,1.7909090909090906,1.49072966507177
DNK,2018,1.35933014354067,1.8272727272727274,1.5933014354066986
DNK,2020,1.3508537229361026,1.7565217391304349,1.5536877310332686
DNK,2022,1.3876430205949657,1.826086956521739,1.6068649885583524
DNK,2024,0.7867647058823529,0.9318181818181819,0.8592914438502675
DOM,2016,0.8756302521008404,0.9047619047619048,0.8901960784313726
DOM,2017,0.781578947368421,0.9090909090909092,0.8453349282296652
DOM,2018,0.8203901361796099,0.9272727272727274,0.8738314317261686
DOM,2020,0.9765182186234818,1.1652173913043478,1.0708678049639149
DOM,2022,1.0166167928181657,1.0347826086956522,1.0256997007569089
DOM,2024,0.5881461675579323,0.5863636363636363,0.5872549019607842
DZA,2016,0.45210084033613446,0.3904761904761905,0.42128851540616247
DZA,2017,0.5799043062200957,0.5454545454545455,0.5626794258373207
DZA,2018,0.6058152373941847,0.5818181818181818,0.5938167096061833
DZA,2020,0.631578947368421,0.5043478260869565,0.5679633867276888
DZA,2022,0.6073226544622425,0.4434782608695652,0.5254004576659039
DZA,2024,0.26122994652406417,0.2590909090909091,0.2601604278074866
ECU,2016,0.983893557422969,1.1238095238095238,1.0538515406162463
ECU,2017,0.8742822966507177,1.190909090909091,1.0325956937799043
ECU,2018,0.8388295914611703,1.209090909090909,1.0239602502760397
ECU,2020,1.066291145925013,1.3304347826086957,1.1983629642668543
ECU,2022,1.1029044182362262,1.3217391304347825,1.2123217743355044
ECU,2024,0.5535650623885917,0.6863636363636364,0.619964349376114
EGY,2016,0.7417366946778712,0.6,0.6708683473389356
EGY,2017,0.7904306220095695,0.6090909090909091,0.6997607655502394
EGY,2018,0.7904306220095695,0.5818181818181818,0.6861244019138757
EGY,2020,0.8201372997711669,0.6173913043478261,0.7187643020594965
EGY,2022,0.8719591621193453,0.5913043478260869,0.731631754972716
EGY,2024,0.5438948306595365,0.4136363636363637,0.4787655971479501
ESP,2016,1.0219887955182072,1.380952380952381,1.201470588235294
ESP,2017,0.9624401913875598,1.1545454545454545,1.0584928229665072
ESP,2018,1.1908722856091276,1.3727272727272728,1.2817997791682
ESP,2020,1.2135891568385848,1.426086956521739,1.3198380566801617
ESP,2022,1.2421404682274249,1.4260869565217391,1.3341137123745819
ESP,2024,0.7426916221033868,0.7772727272727272,0.7599821746880571
EST,2016,1.3663865546218488,1.4952380952380953,1.430812324929972
EST,2017,1.0518540669856458,1.4545454545454546,1.25319976076555
EST,2018,1.0184762605815236,1.5454545454545454,1.2819654030180345
EST,2020,1.0021123041718005,1.4260869565217391,1.21409963034677
EST,2022,1.0875198028516109,1.6956521739130435,1.3915859883823272
EST,2024,0.5675579322638147,0.8772727272727272,0.7224153297682709
ETH,2016,0.4704481792717087,0.4095238095238095,0.4399859943977591
ETH,2017,0.5674641148325359,0.5181818181818182,0.5428229665071771
ETH,2018,0.500956937799043,0.6,0.5504784688995215
ETH,2020,0.4106319309980638,0.3565217391304348,0.3835768350642493
ETH,2022,0.6835064249251893,0.8782608695652174,0.7808836472452034
ETH,2024,0.3974598930481284,0.4409090909090909,0.41918449197860963
FIN,2016,1.2974789915966387,1.4857142857142858,1.3915966386554621
FIN,2017,1.1004784688995215,1.6727272727272726,1.386602870813397
FIN,2018,1.34953993375046,1.618181818181818,1.4838608759661391
FIN,2020,1.4734025699700757,1.6434782608695653,1.5584404154198204
FIN,2022,1.4645308924485128,1.6956521739130435,1.580091533180778
FIN,2024,0.7791889483065954,0.9363636363636363,0.8577762923351158
FJI,2016,0.5971988795518207,0.43809523809523804,0.5176470588235293
FJI,2017,0.49234449760765553,0.6181818181818182,0.5552631578947369
FJI,2018,0.5287081339712919,0.5909090909090908,0.5598086124401913
FJI,2020,0.6817461714486887,0.7130434782608696,0.6973948248547791
FJI,2022,0.7531420524555537,0.7304347826086957,0.7417884175321247
FJI,2024,0.42090017825311943,0.39545454545454545,0.40817736185383247
FRA,2016,0.8417366946778712,1.0095238095238095,0.9256302521008404
FRA,2017,0.8264952153110048,1.309090909090909,1.0677930622009568
FRA,2018,0.9413691571586309,1.3909090909090909,1.1661391240338608
FRA,2020,1.019996479493047,1.3043478260869565,1.1621721527900017
FRA,2022,1.0489350466467173,1.460869565217391,1.2549023059320543
FRA,2024,0.4771390374331551,0.7,0.5885695187165776
FSM,2016,0.7023809523809523,0.48571428571428565,0.5940476190476189
FSM,2017,0.4066985645933014,0.41818181818181815,0.4124401913875598
FSM,2018,0.4102870813397129,0.509090909090909,0.459688995215311
FSM,2020,0.5693979933110368,0.6608695652173913,0.615133779264214
FSM,2022,0.4573578595317726,0.5217391304347826,0.48954849498327757
FSM,2024,0.240530303030303,0.2590909090909091,0.24981060606060607
GAB,2016,0.32549019607843144,0.3904761904761905,0.357983193277311
GAB,2017,0.22870813397129183,0.4,0.31435406698564594
GAB,2018,0.15454545454545454,0.39090909090909093,0.2727272727272727
GAB,2020,0.36018306636155606,0.5217391304347826,0.4409610983981693
GAB,2022,0.46435486710086255,0.8,0.6321774335504313
GAB,2024,0.26898395721925134,0.42727272727272725,0.3481283422459893
GBR,2016,0.7995798319327732,0.9904761904761905,0.8950280112044818
GBR,2017,0.8096889952153109,1.1272727272727274,0.9684808612440192
GBR,2018,0.8595509753404491,1.1272727272727274,0.9934118513065883
GBR,2020,0.8726984685794754,1.1652173913043478,1.0189579299419116
GBR,2022,0.8795634571378279,1.391304347826087,1.1354339024819575
GBR,2024,0.5176916221033868,0.8,0.6588458110516935
GEO,2016,1.0556022408963588,1.0476190476190477,1.0516106442577033
GEO,2017,0.8966507177033491,1.1454545454545455,1.0210526315789474
GEO,2018,0.9302171512697827,1.1818181818181817,1.0560176665439822
GEO,2020,1.0146453089244851,1.4260869565217393,1.2203661327231123
GEO,2022,1.0443935926773453,1.5217391304347827,1.283066361556064
GEO,2024,0.5643048128342245,0.75,0.6571524064171123
GHA,2016,0.6747899159663866,0.41904761904761906,0.5469187675070029
GHA,2017,0.695334928229665,0.6454545454545455,0.6703947368421053
GHA,2018,0.8613176297386824,0.6818181818181819,0.7715679057784322
GHA,2020,0.8005632811124801,0.6869565217391305,0.7437599014258053
GHA,2022,0.8378102446752331,0.7043478260869566,0.7710790353810948
GHA,2024,0.5538324420677362,0.4909090909090909,0.5223707664884135
GIN,2016,0.734453781512605,0.8095238095238095,0.7719887955182072
GIN,2017,0.6680023923444975,0.7,0.6840011961722487
GIN,2018,0.7191387559808613,0.6636363636363637,0.6913875598086126
GIN,2020,0.8808308396409081,0.6782608695652174,0.7795458546030627
GIN,2022,0.9330047526843865,0.7304347826086957,0.8317197676465411
GIN,2024,0.4328877005347594,0.41818181818181815,0.42553475935828877
GMB,2016,0.32857142857142857,0.3142857142857143,0.3214285714285714
GMB,2017,0.49264354066985644,0.5363636363636364,0.5145035885167464
GMB,2018,0.5868237026131763,0.7000000000000001,0.6434118513065882
GMB,2020,0.7939095229713078,0.9391304347826086,0.8665199788769582
GMB,2022,0.7852138707973949,0.9391304347826086,0.8621721527900017
GMB,2024,0.4308377896613191,0.47727272727272724,0.45405525846702316
GNB,2016,0.3378151260504202,0.7238095238095238,0.530812324929972
GNB,2017,0.38181818181818183,0.6636363636363637,0.5227272727272727
GNB,2018,0.36650717703349284,0.6363636363636364,0.5014354066985646
GNB,2020,0.3011441647597254,0.41739130434782606,0.3592677345537757
GNB,2024,0.3088235294117647,0.39545454545454545,0.3521390374331551
GNQ,2020,0.5355747227600773,0.5043478260869565,0.5199612744235169
GNQ,2022,0.5924309100510474,0.5652173913043479,0.5788241506776977
GNQ,2024,0.2716577540106952,0.39090909090909093,0.33128342245989306
GRC,2016,0.8061624649859944,0.9333333333333333,0.8697478991596639
GRC,2017,0.7202751196172248,1.018181818181818,0.8692284688995214
GRC,2018,0.8757453073242548,1.2,1.0378726536621274
GRC,2020,0.9644428797746875,1.2608695652173914,1.1126562224960395
GRC,2022,0.9731385319486007,1.2608695652173911,1.117004048582996
GRC,2024,0.44006238859180036,0.5727272727272726,0.5063948306595365
GRD,2022,0.2608695652173913,0.2956521739130435,0.2782608695652174
GRD,2024,0.3390151515151515,0.35909090909090907,0.34905303030303025
GRL,2020,0.8062665023763422,1.173913043478261,0.9900897729273016
GRL,2022,0.7860235873965852,1.3565217391304347,1.07127266326351
GRL,2024,0.45904634581105175,0.75,0.6045231729055258
GTM,2016,0.4633053221288515,0.5047619047619047,0.4840336134453781
GTM,2017,0.5421052631578946,0.590909090909091,0.5665071770334928
GTM,2018,0.5904306220095694,0.6636363636363637,0.6270334928229666
GTM,2020,0.5833480021123042,0.6521739130434783,0.6177609575778913
GTM,2022,0.6023939447280408,0.6695652173913043,0.6359795810596724
GTM,2024,0.5060160427807487,0.5409090909090909,0.5234625668449198
GUY,2016,0.4873949579831932,0.5904761904761904,0.5389355742296917
GUY,2017,0.41052631578947374,0.40909090909090906,0.4098086124401914
GUY,2018,0.4196172248803828,0.41818181818181815,0.41889952153110044
GUY,2020,0.3949656750572082,0.6956521739130433,0.5453089244851258
GUY,2022,0.4627002288329519,0.8,0.6313501144164759
GUY,2024,0.38395721925133686,0.5,0.44197860962566843
HKG,2016,0.8720238095238095,0.5428571428571429,0.7074404761904762
HKG,2017,1.0245215311004785,1.1363636363636365,1.0804425837320575
HKG,2018,1.1136363636363638,1.5636363636363637,1.3386363636363638
HKG,2020,1.2207357859531773,1.6,1.4103678929765886
HKG,2022,1.3411371237458194,1.6782608695652173,1.5096989966555183
HKG,2024,0.7376893939393939,0.9136363636363637,0.8256628787878788
HND,2016,0.6368347338935575,0.44761904761904764,0.5422268907563026
HND,2017,0.6302033492822967,0.6909090909090909,0.6605562200956938
HND,2018,0.7814869341185131,0.7363636363636363,0.7589252852410747
HND,2020,0.6696708325998942,0.7130434782608697,0.6913571554303819
HND,2022,0.7116000704101391,0.808695652173913,0.760147861292026
HND,2024,0.4711675579322637,0.47727272727272724,0.47422014260249545
HRV,2016,1.0824929971988795,1.019047619047619,1.0507703081232491
HRV,2017,0.737799043062201,0.8363636363636363,0.7870813397129186
HRV,2018,0.8531836584468163,0.9909090909090909,0.9220463746779536
HRV,2020,0.9474740362612218,1.2782608695652171,1.1128674529132194
HRV,2022,1.0237282168632285,1.165217391304348,1.094472804083788
HRV,2024,0.49264705882352944,0.6227272727272728,0.5576871657754011
HTI,2016,0.06666666666666667,0.10476190476190475,0.08571428571428572
HTI,2017,0.23636363636363633,0.24545454545454545,0.2409090909090909
HTI,2018,0.21818181818181817,0.17272727272727273,0.19545454545454544
HTI,2020,0.05217391304347826,0.06956521739130435,0.0608695652173913
HTI,2022,0.05217391304347826,0.0782608695652174,0.06521739130434782
HTI,2024,0.2248663101604278,0.2590909090909091,0.24197860962566844
HUN,2016,1.0724089635854341,1.0857142857142856,1.0790616246498599
HUN,2017,0.9733851674641147,1.0636363636363637,1.0185107655502392
HUN,2018,0.9274935590725064,1.1454545454545455,1.036474052263526
HUN,2020,1.1274775567681745,1.2782608695652173,1.202869213166696
HUN,2022,1.005421580707622,1.2869565217391306,1.1461890512233763
HUN,2024,0.6194295900178253,0.8636363636363636,0.7415329768270944
IDN,2016,0.8151260504201682,0.6,0.7075630252100841
IDN,2017,1.059031100478469,1.1363636363636362,1.0976973684210525
IDN,2018,0.8297386823702613,1.190909090909091,1.010323886639676
IDN,2020,0.9888399929589861,1.4260869565217393,1.2074634747403628
IDN,2022,1.1444816053511706,1.4260869565217391,1.2852842809364549
IDN,2024,0.6350713012477718,0.7545454545454545,0.6948083778966132
IND,2016,0.8956582633053219,1.0857142857142859,0.990686274509804
IND,2017,0.826913875598086,1.109090909090909,0.9680023923444975
IND,2018,0.753662127346338,1.2,0.976831063673169
IND,2020,0.8391832423869037,1.2260869565217392,1.0326350994543214
IND,2022,0.7156134483365604,1.1826086956521737,0.9491110719943671
IND,2024,0.440463458110517,0.5636363636363637,0.5020499108734404
IRL,2016,0.9324929971988795,1.3047619047619048,1.1186274509803922
IRL,2017,0.8364234449760766,1.4181818181818184,1.1273026315789476
IRL,2018,0.9483989694516011,1.590909090909091,1.269654030180346
IRL,2020,1.0102798803027635,1.7043478260869562,1.3573138531948599
IRL,2022,0.8852314733321599,1.6956521739130435,1.2904418236226016
IRL,2024,0.5086007130124777,0.9045454545454547,0.7065730837789661
IRN,2017,0.6904306220095694,0.5727272727272726,0.631578947368421
IRN,2018,0.7842105263157895,0.5636363636363637,0.6739234449760766
IRN,2020,0.7016018306636156,0.6956521739130433,0.6986270022883294
IRN,2022,0.668649885583524,0.7043478260869565,0.6864988558352403
IRQ,2016,0.6369747899159663,0.49523809523809514,0.5661064425770308
IRQ,2017,0.507177033492823,0.4818181818181818,0.4944976076555024
IRQ,2018,0.4617224880382775,0.4909090909090909,0.4763157894736842
IRQ,2020,0.7244851258581236,1.008695652173913,0.8665903890160183
IRQ,2022,0.6318605879246613,0.8695652173913043,0.7507129026579829
IRQ,2024,0.3588235294117647,0.5,0.4294117647058824
ISL,2016,0.7140056022408963,0.9619047619047618,0.837955182072829
ISL,2017,0.8048444976076556,1.290909090909091,1.0478767942583733
ISL,2018,0.7517482517482518,1.2,0.9758741258741259
ISL,2020,0.7563457137827848,1.1565217391304348,0.9564337264566098
ISL,2022,0.7705333568033796,1.1739130434782608,0.9722232001408202
ISL,2024,0.48453654188948303,0.8863636363636364,0.6854500891265597
ISR,2016,0.44985994397759105,0.9047619047619048,0.6773109243697479
ISR,2017,0.7301435406698565,1.0454545454545454,0.8877990430622009
ISR,2018,0.8392344497607656,1.1,0.9696172248803828
ISR,2020,0.9080091533180779,1.1652173913043478,1.0366132723112127
ISR,2022,0.9444464002816405,1.382608695652174,1.1635275479669072
ISR,2024,0.549554367201426,0.8181818181818181,0.6838680926916221
ITA,2016,1.2212885154061623,1.5523809523809524,1.3868347338935574
ITA,2017,1.1300837320574162,1.3545454545454545,1.2423145933014355
ITA,2018,0.9843945528156055,1.527272727272727,1.255833640044166
ITA,2020,0.9820102094701639,1.5391304347826087,1.2605703221263864
ITA,2022,0.9694772047174792,1.565217391304348,1.2673472980109135
ITA,2024,0.679367201426025,0.790909090909091,0.735138146167558
JAM,2016,0.36134453781512604,0.35238095238095235,0.35686274509803917
JAM,2017,0.5406698564593302,1.1181818181818182,0.8294258373205742
JAM,2018,0.8086124401913877,1.3727272727272728,1.0906698564593302
JAM,2020,0.8781904594261574,1.3217391304347825,1.0999647949304698
JAM,2022,0.7675057208237985,1.4086956521739131,1.0881006864988558
JAM,2024,0.4072192513368983,0.7181818181818181,0.5627005347593582
JOR,2016,0.9362745098039216,0.7904761904761904,0.8633753501400561
JOR,2017,0.6688995215311004,0.7545454545454546,0.7117224880382775
JOR,2018,0.8626794258373206,0.8090909090909092,0.8358851674641149
JOR,2020,0.97081499735962,0.9043478260869564,0.9375814117232881
JOR,2022,1.0216159126914275,1.3478260869565215,1.1847209998239745
JOR,2024,0.5490196078431373,0.7909090909090908,0.669964349376114
JPN,2016,0.8246498599439777,1.0952380952380953,0.9599439775910366
JPN,2017,0.9732057416267942,1.1,1.0366028708133972
JPN,2018,0.9306220095693781,1.2909090909090908,1.1107655502392344
JPN,2020,1.128287273367365,1.365217391304348,1.2467523323358565
JPN,2022,1.1042070058088365,1.391304347826087,1.2477556768174618
JPN,2024,0.598440285204991,0.7545454545454545,0.6764928698752228
KAZ,2016,1.0525210084033614,0.7047619047619047,0.878641456582633
KAZ,2017,1.1252392344497608,0.809090909090909,0.9671650717703348
KAZ,2018,1.0306220095693779,0.8818181818181818,0.9562200956937799
KAZ,2020,0.9546910755148742,1.2260869565217392,1.0903890160183067
KAZ,2022,0.9854603062841051,1.3130434782608693,1.1492518922724873
KAZ,2024,0.6692067736185383,0.7,0.6846033868092691
KEN,2016,0.8820728291316527,0.9714285714285713,0.9267507002801121
KEN,2017,0.7379186602870813,0.6363636363636365,0.6871411483253589
KEN,2018,0.796797938903202,0.6181818181818182,0.7074898785425101
KEN,2020,0.9259637387783842,0.6347826086956522,0.7803731737370182
KEN,2022,0.9405386375638093,0.7043478260869565,0.8224432318253829
KEN,2024,0.5383689839572192,0.6136363636363636,0.5760026737967914
KGZ,2016,1.0603641456582633,0.9904761904761905,1.0254201680672268
KGZ,2017,0.9504186602870813,0.8545454545454545,0.902482057416268
KGZ,2018,0.9570850202429151,0.8545454545454545,0.9058152373941848
KGZ,2020,0.8915331807780321,0.8782608695652174,0.8848970251716248
KGZ,2022,0.9926773455377577,0.8434782608695652,0.9180778032036614
KGZ,2024,0.5673796791443849,0.5227272727272727,0.5450534759358288
KHM,2016,0.43921568627450974,0.40952380952380957,0.42436974789915966
KHM,2017,0.4052631578947368,0.5818181818181818,0.4935406698564593
KHM,2018,0.4330143540669857,0.5727272727272726,0.5028708133971291
KHM,2020,0.4906178489702516,0.7130434782608696,0.6018306636155606
KHM,2022,0.5693363844393592,0.8173913043478261,0.6933638443935927
KHM,2024,0.36715686274509807,0.4454545454545455,0.4063057040998218
KIR,2016,0.5059523809523809,0.49523809523809526,0.5005952380952381
KIR,2017,0.41088516746411485,0.5454545454545454,0.47816985645933013
KIR,2022,0.612876254180602,0.6173913043478262,0.6151337792642141
KIR,2024,0.3456439393939394,0.3954545454545454,0.37054924242424236
KNA,2020,0.4188963210702341,0.7217391304347825,0.5703177257525083
KNA,2022,0.4974916387959866,0.9652173913043478,0.7313545150501672
KNA,2024,0.2954545454545454,0.42727272727272725,0.36136363636363633
KOR,2016,1.1102240896358544,1.1523809523809523,1.1313025210084033
KOR,2017,0.9476076555023922,1.4636363636363638,1.2056220095693782
KOR,2018,0.9955097534044901,1.5,1.247754876702245
KOR,2020,1.0420348530188348,1.5130434782608697,1.2775391656398523
KOR,2022,1.076465411019187,1.5391304347826087,1.3077979229008978
KOR,2024,0.5027183600713012,0.8818181818181818,0.6922682709447415
KWT,2016,0.6827731092436975,0.7238095238095238,0.7032913165266106
KWT,2017,0.8148923444976077,0.9818181818181818,0.8983552631578948
KWT,2018,0.8723224144276773,0.9454545454545455,0.9088884799411114
KWT,2020,0.7848970251716247,0.8347826086956521,0.8098398169336385
KWT,2022,0.7098398169336384,0.7652173913043478,0.7375286041189931
KWT,2024,0.38716577540106956,0.5636363636363636,0.4754010695187166
LAO,2016,0.48683473389355736,0.5428571428571429,0.5148459383753501
LAO,2017,0.41913875598086126,0.4454545454545455,0.4322966507177034
LAO,2018,0.45406698564593306,0.3818181818181817,0.4179425837320574
LAO,2020,0.5816933638443936,0.8434782608695652,0.7125858123569795
LAO,2022,0.7194508009153318,0.9391304347826088,0.8292906178489703
LAO,2024,0.3302139037433155,0.5272727272727273,0.4287433155080214
LBN,2016,0.6224089635854342,0.5142857142857142,0.5683473389355742
LBN,2017,0.6052631578947368,0.709090909090909,0.6571770334928229
LBN,2018,0.5492822966507178,0.7636363636363637,0.6564593301435407
LBN,2020,0.6025699700756909,0.9043478260869564,0.7534588980813237
LBN,2022,0.5014258053159655,0.6521739130434783,0.5767998591797219
LBN,2024,0.24229055258467022,0.3909090909090908,0.3165998217468805
LBR,2016,0.6347338935574229,0.7523809523809523,0.6935574229691877
LBR,2017,0.6733851674641149,0.7545454545454545,0.7139653110047848
LBR,2018,0.6925653294074345,0.7454545454545454,0.71900993743099
LBR,2020,0.6640028164055625,0.7130434782608696,0.6885231473332161
LBR,2022,0.5016018306636155,0.8869565217391304,0.6942791762013729
LBR,2024,0.2951871657754011,0.3181818181818182,0.30668449197860964
LBY,2016,0.3042016806722689,0.019047619047619046,0.16162464985994396
LBY,2017,0.3526315789473684,0.16363636363636364,0.258133971291866
LBY,2018,0.3253588516746412,0.22727272727272724,0.2763157894736842
LBY,2020,0.44393592677345534,0.25217391304347825,0.3480549199084668
LBY,2022,0.2924485125858124,0.5130434782608695,0.40274599542334094
LBY,2024,0.25026737967914436,0.2818181818181818,0.26604278074866305
LCA,2016,0.5565476190476191,0.42857142857142855,0.49255952380952384
LCA,2017,0.42045454545454547,0.32727272727272727,0.3738636363636364
LCA,2018,0.3522727272727273,0.3363636363636363,0.3443181818181818
LCA,2020,0.8511705685618729,1.3391304347826085,1.0951505016722407
LCA,2022,0.7449832775919732,1.182608695652174,0.9637959866220736
LCA,2024,0.4564393939393939,0.5454545454545454,0.5009469696969697
LIE,2017,0.687200956937799,0.7999999999999999,0.7436004784688994
LIE,2018,0.7703349282296651,0.9181818181818182,0.8442583732057416
LIE,2020,0.7809364548494984,0.9652173913043478,0.8730769230769231
LIE,2022,0.7834448160535117,1.4,1.0917224080267558
LIE,2024,0.4829545454545454,0.7999999999999999,0.6414772727272726
LKA,2016,0.8732492997198881,0.8476190476190476,0.8604341736694678
LKA,2017,0.8455143540669857,0.809090909090909,0.8273026315789473
LKA,2018,0.979205005520795,0.818181818181818,0.8986934118513066
LKA,2020,1.0815701461010385,0.8695652173913043,0.9755676817461714
LKA,2022,0.9984509769406795,0.9130434782608695,0.9557472276007746
LKA,2024,0.5029411764705882,0.4454545454545455,0.4741978609625669
LSO,2016,0.5802521008403361,0.6,0.590126050420168
LSO,2017,0.43785885167464117,0.7727272727272727,0.6052930622009569
LSO,2018,0.48277511961722486,0.7818181818181819,0.6322966507177034
LSO,2020,0.6164759725400458,1.0434782608695652,0.8299771167048056
LSO,2022,0.6707621897553248,0.7652173913043477,0.7179897905298362
LSO,2024,0.38636363636363635,0.45,0.4181818181818182
LTU,2016,1.5302521008403362,1.380952380952381,1.4556022408963587
LTU,2017,1.0936602870813397,1.3727272727272726,1.233193779904306
LTU,2018,1.1668752300331249,1.436363636363636,1.3016194331983804
LTU,2020,1.1734905826439008,1.4695652173913043,1.3215279000176026
LTU,2022,1.151064953353283,1.4086956521739131,1.279880302763598
LTU,2024,0.6159982174688057,0.759090909090909,0.6875445632798574
LUX,2016,0.7352941176470588,0.9142857142857143,0.8247899159663865
LUX,2017,0.5775717703349283,1.1454545454545455,0.8615131578947369
LUX,2018,0.6895472948104528,1.390909090909091,1.040228192859772
LUX,2020,0.7580003520506952,1.5565217391304347,1.157261045590565
LUX,2022,0.7391304347826088,1.5739130434782607,1.1565217391304348
LUX,2024,0.4505793226381461,0.740909090909091,0.5957442067736185
LVA,2016,1.2673669467787114,1.4190476190476191,1.3432072829131654
LVA,2017,0.8923444976076554,1.490909090909091,1.1916267942583731
LVA,2018,0.9120353330879647,1.272727272727273,1.0923813029076188
LVA,2020,0.8728744939271256,1.2347826086956524,1.053828551311389
LVA,2022,0.9946136243619084,1.7304347826086957,1.362524203485302
LVA,2024,0.5460784313725491,0.9,0.7230392156862746
MAC,2017,0.6477272727272727,0.8090909090909092,0.728409090909091
MAC,2018,0.6818181818181818,0.8181818181818181,0.75
MAC,2020,0.75,0.8956521739130434,0.8228260869565217
MAC,2022,0.7065217391304348,0.9304347826086957,0.8184782608695653
MAC,2024,0.4318181818181818,0.55,0.49090909090909096
MAR,2016,0.6799719887955181,0.4095238095238095,0.5447478991596638
MAR,2017,0.5992224880382775,0.5,0.5496112440191387
MAR,2018,0.8715863084284138,1.2727272727272727,1.0721567905778433
MAR,2020,0.9961978524907587,1.3565217391304347,1.1763597958105967
MAR,2022,1.1746171448688612,1.3565217391304347,1.265569441999648
MAR,2024,0.5880124777183601,0.8636363636363636,0.7258244206773619
MCO,2022,0.4347826086956521,0.43478260869565216,0.4347826086956521
MCO,2024,0.20454545454545453,0.21818181818181817,0.21136363636363636
MDA,2016,0.9850140056022407,1.2285714285714284,1.1067927170868346
MDA,2017,0.9511961722488037,1.5454545454545454,1.2483253588516745
MDA,2018,0.9652926021347075,1.6272727272727274,1.2962826647037176
MDA,2020,0.9374053863756382,1.6347826086956523,1.2860939975356454
MDA,2022,1.0521035029044183,1.6434782608695653,1.3477908818869917
MDA,2024,0.5819073083778966,0.8636363636363635,0.72277183600713
MDG,2016,0.05714285714285714,0.06666666666666667,0.06190476190476191
MDG,2017,0.13636363636363635,0.1,0.11818181818181818
MDG,2018,0.32870813397129184,0.32727272727272727,0.32799043062200955
MDG,2020,0.6146453089244852,0.7478260869565218,0.6812356979405034
MDG,2022,0.6298538989614504,0.6173913043478262,0.6236226016546382
MDG,2024,0.29144385026737973,0.35909090909090907,0.32526737967914443
MDV,2016,0.7589285714285714,0.5428571428571429,0.6508928571428572
MDV,2017,0.6662679425837321,0.8,0.7331339712918661
MDV,2018,0.7721291866028708,0.7909090909090909,0.7815191387559808
MDV,2020,0.947324414715719,1.0347826086956522,0.9910535117056856
MDV,2022,0.8545150501672241,0.8521739130434783,0.8533444816053513
MDV,2024,0.5520833333333334,0.5045454545454546,0.528314393939394
MEX,2016,0.9556022408963585,1.495238095238095,1.2254201680672268
MEX,2017,0.9866028708133971,1.6,1.2933014354066987
MEX,2018,0.9775119617224881,1.509090909090909,1.2433014354066985
MEX,2020,0.9909522971307869,1.5739130434782609,1.282432670304524
MEX,2022,1.0132019010737545,1.5826086956521739,1.2979052983629642
MEX,2024,0.674108734402852,0.809090909090909,0.7415998217468804
MHL,2016,0.5297619047619048,0.37142857142857144,0.4505952380952381
MHL,2017,0.3672248803827751,0.4727272727272728,0.41997607655502395
MHL,2018,0.3444976076555024,0.42727272727272725,0.38588516746411483
MHL,2020,0.5794314381270903,0.6173913043478261,0.5984113712374581
MHL,2022,0.5167224080267558,0.5130434782608695,0.5148829431438127
MHL,2024,0.3323863636363636,0.36818181818181817,0.35028409090909085
MKD,2016,0.9921568627450978,1.0952380952380953,1.0436974789915965
MKD,2017,0.9071770334928232,1.1636363636363636,1.0354066985645933
MKD,2018,0.9511961722488037,1.2181818181818183,1.084688995215311
MKD,2020,0.9837352578771343,1.1826086956521737,1.0831719767646542
MKD,2022,1.0529484245731386,1.208695652173913,1.130822038373526
MKD,2024,0.6266042780748663,0.6454545454545454,0.6360294117647058
MLI,2016,0.7627450980392156,0.9619047619047618,0.8623249299719887
MLI,2017,0.6992822966507177,0.790909090909091,0.7450956937799044
MLI,2018,0.7073242546926758,0.7909090909090909,0.7491166728008833
MLI,2020,0.7639500088012674,0.8608695652173912,0.8124097870093293
MLI,2022,0.8201372997711669,0.6434782608695653,0.7318077803203661
MLI,2024,0.42058823529411765,0.6409090909090909,0.5307486631016043
MLT,2016,0.7440476190476191,0.819047619047619,0.781547619047619
MLT,2017,0.6549043062200957,0.8818181818181818,0.7683612440191387
MLT,2018,0.7248803827751197,0.9636363636363636,0.8442583732057416
MLT,2020,0.7290969899665551,0.8782608695652174,0.8036789297658863
MLT,2022,0.794314381270903,1.0434782608695652,0.9188963210702341
MLT,2024,0.4583333333333333,0.6545454545454545,0.5564393939393939
MMR,2016,0.47731092436974787,0.6857142857142857,0.5815126050420167
MMR,2017,0.5688995215311005,0.9,0.7344497607655502
MMR,2018,0.7444976076555024,1.0090909090909093,0.8767942583732058
MMR,2020,0.8585812356979405,1.0347826086956524,0.9466819221967965
MMR,2022,0.7803203661327232,1.0521739130434784,0.9162471395881008
MMR,2024,0.45641711229946524,0.6272727272727273,0.5418449197860963
MNE,2016,0.8350140056022409,0.6476190476190475,0.7413165266106443
MNE,2017,0.6790071770334929,0.6545454545454545,0.6667763157894737
MNE,2018,0.7679425837320574,0.809090909090909,0.7885167464114832
MNE,2020,0.6887871853546911,1.3391304347826085,1.0139588100686499
MNE,2022,0.671395881006865,1.1826086956521737,0.9270022883295194
MNE,2024,0.3676470588235294,0.6272727272727273,0.4974598930481283
MNG,2016,1.069607843137255,1.2095238095238094,1.1395658263305322
MNG,2017,0.933133971291866,1.3545454545454545,1.1438397129186604
MNG,2018,1.073095325726905,1.7,1.3865476628634523
MNG,2020,1.1349762365780673,1.7478260869565219,1.4414011617672946
MNG,2022,1.191163527547967,1.7652173913043476,1.4781904594261572
MNG,2024,0.6926470588235294,0.8772727272727272,0.7849598930481283
MOZ,2016,0.542156862745098,0.49523809523809526,0.5186974789915966
MOZ,2017,0.6392942583732057,0.44545454545454544,0.5423744019138756
MOZ,2018,0.6478468899521531,0.46363636363636357,0.5557416267942583
MOZ,2020,0.5482837528604119,0.41739130434782606,0.482837528604119
MOZ,2022,0.8080619609223728,0.591304347826087,0.6996831543742299
MOZ,2024,0.44977718360071295,0.5136363636363637,0.4817067736185383
MRT,2016,0.5686274509803921,0.6476190476190476,0.60812324929972
MRT,2017,0.578468899521531,0.6909090909090908,0.634688995215311
MRT,2018,0.6603606919396394,0.7272727272727273,0.6938167096061834
MRT,2020,0.5551487414187642,0.6,0.5775743707093821
MRT,2022,0.7016018306636156,0.7565217391304349,0.7290617848970252
MRT,2024,0.3711229946524064,0.41818181818181815,0.3946524064171123
MUS,2016,0.9662464985994397,1.0761904761904764,1.021218487394958
MUS,2017,0.9196172248803828,1.1454545454545453,1.032535885167464
MUS,2018,0.9421052631578947,1.0818181818181816,1.0119617224880382
MUS,2020,0.8768878718535469,1.1130434782608696,0.9949656750572082
MUS,2022,0.7409610983981694,1.1043478260869564,0.9226544622425629
MUS,2024,0.4583778966131907,0.6090909090909091,0.5337344028520499
MWI,2016,0.6369747899159663,0.7714285714285714,0.7042016806722688
MWI,2017,0.5267942583732057,0.6909090909090908,0.6088516746411483
MWI,2018,0.5974236290025763,0.6727272727272726,0.6350754508649245
MWI,2020,0.7644428797746874,0.8,0.7822214398873437
MWI,2022,0.7606055271959162,0.7217391304347827,0.7411723288153494
MWI,2024,0.3448306595365419,0.4136363636363637,0.3792335115864528
MYS,2016,0.5871148459383753,0.7333333333333333,0.6602240896358542
MYS,2017,0.6995215311004784,0.9272727272727271,0.8133971291866028
MYS,2018,0.8023923444976078,0.990909090909091,0.8966507177033494
MYS,2020,0.8826615032564689,0.982608695652174,0.9326350994543214
MYS,2022,0.9247667664143636,1.2434782608695651,1.0841225136419643
MYS,2024,0.7360516934046346,0.9818181818181818,0.8589349376114082
NAM,2016,0.5775910364145658,0.5809523809523809,0.5792717086834733
NAM,2017,0.4674641148325359,0.5181818181818182,0.49282296650717705
NAM,2018,0.5737578211262422,0.7727272727272727,0.6732425469267574
NAM,2020,0.6474212286569265,0.8608695652173912,0.7541453969371589
NAM,2022,0.6041189931350115,0.7565217391304347,0.6803203661327231
NAM,2024,0.24679144385026736,0.47727272727272735,0.36203208556149735
NER,2016,0.615546218487395,0.5333333333333333,0.5744397759103641
NER,2017,0.6885167464114833,0.6363636363636364,0.6624401913875598
NER,2018,0.6899521531100479,0.7090909090909091,0.6995215311004785
NER,2020,0.659778208061961,0.608695652173913,0.6342369301179369
NER,2022,0.6703045238514347,0.6608695652173913,0.665587044534413
NER,2024,0.4379679144385027,0.7954545454545455,0.616711229946524
NGA,2016,0.7841736694677872,0.7523809523809524,0.7682773109243698
NGA,2017,0.8024521531100479,0.6545454545454545,0.7284988038277512
NGA,2018,0.8445712182554287,0.7454545454545454,0.7950128818549871
NGA,2020,0.8237986270022883,0.9739130434782609,0.8988558352402747
NGA,2022,0.8498855835240274,0.826086956521739,0.8379862700228833
NGA,2024,0.4368983957219251,0.6363636363636365,0.5366310160427807
NIC,2016,0.6826330532212885,0.7428571428571429,0.7127450980392157
NIC,2017,0.6344497607655503,0.6,0.6172248803827751
NIC,2018,0.8603606919396393,0.5909090909090909,0.7256348914243651
NIC,2020,0.8348882239042423,0.5913043478260869,0.7130962858651646
NIC,2022,0.808625242034853,0.6521739130434783,0.7303995775391656
NIC,2024,0.3953208556149732,0.37272727272727274,0.384024064171123
NLD,2016,0.9278711484593838,1.619047619047619,1.2734593837535013
NLD,2017,0.9705143540669857,1.8727272727272726,1.421620813397129
NLD,2018,1.2465955097534045,1.8181818181818183,1.5323886639676114
NLD,2020,1.2627706389720121,1.7826086956521738,1.5226896673120929
NLD,2022,1.2019010737546207,1.7652173913043476,1.4835592325294842
NLD,2024,0.6412210338680927,0.9363636363636363,0.7887923351158646
NOR,2016,1.2459383753501403,1.6761904761904762,1.4610644257703083
NOR,2017,1.2564593301435407,1.4636363636363636,1.3600478468899522
NOR,2018,1.3853514906146485,1.4636363636363636,1.4244939271255062
NOR,2020,1.2739306460130257,1.5913043478260869,1.4326174969195562
NOR,2022,1.323076923076923,1.7565217391304349,1.539799331103679
NOR,2024,0.7159090909090909,0.95,0.8329545454545455
NPL,2016,0.8187675070028011,0.5428571428571429,0.680812324929972
NPL,2017,0.6241626794258374,0.6363636363636364,0.6302631578947369
NPL,2018,0.7112256164887744,0.6727272727272728,0.6919764446080237
NPL,2020,0.8567857771519097,0.7130434782608696,0.7849146277063896
NPL,2022,0.8261925717303292,0.773913043478261,0.8000528076042951
NPL,2024,0.4563279857397505,0.48636363636363633,0.4713458110516934
NRU,2022,0.11956521739130435,0.2608695652173913,0.19021739130434784
NRU,2024,0.2575757575757576,0.2363636363636364,0.246969696969697
NZL,2016,0.9943977591036413,1.4380952380952379,1.2162464985994395
NZL,2017,0.8747607655502392,1.4181818181818184,1.1464712918660287
NZL,2018,0.9217519322782481,1.4181818181818184,1.1699668752300334
NZL,2020,0.9479317021651118,1.5217391304347825,1.234835416299947
NZL,2022,0.8941031508537229,1.4782608695652173,1.1861820102094702
NZL,2024,0.5752673796791444,0.8409090909090908,0.7080882352941176
OMN,2016,0.5899159663865546,0.9904761904761905,0.7901960784313726
OMN,2017,0.6958133971291866,1.309090909090909,1.0024521531100479
OMN,2018,0.8283032756716967,1.6636363636363636,1.24596981965403
OMN,2020,1.035169864460482,1.791304347826087,1.4132371061432845
OMN,2022,0.9482133427213519,1.7478260869565214,1.3480197148389368
OMN,2024,0.6467914438502673,0.9727272727272727,0.80975935828877
PAK,2016,0.8030812324929973,0.5619047619047619,0.6824929971988796
PAK,2017,0.7226076555023924,0.5363636363636364,0.6294856459330144
PAK,2018,0.8178505704821493,0.6000000000000001,0.7089252852410747
PAK,2020,0.8701284985037846,0.6521739130434783,0.7611512057736314
PAK,2022,0.840204189403274,0.6695652173913043,0.7548847033972892
PAK,2024,0.41127450980392155,0.3681818181818182,0.3897281639928699
PAN,2016,0.7911764705882354,0.7714285714285714,0.7813025210084034
PAN,2017,0.7163277511961723,0.7090909090909091,0.7127093301435408
PAN,2018,0.737394184762606,0.7636363636363637,0.7505152741994848
PAN,2020,0.7746523499383912,0.9304347826086957,0.8525435662735434
PAN,2022,0.7360323886639676,0.9478260869565218,0.8419292378102448
PAN,2024,0.4979055258467023,0.6454545454545454,0.5716800356506239
PER,2016,0.7869747899159665,0.5523809523809523,0.6696778711484594
PER,2017,0.9421650717703347,1.1636363636363636,1.0529007177033491
PER,2018,0.9919396393080602,1.1181818181818182,1.0550607287449392
PER,2020,1.0435838760781553,1.1478260869565216,1.0957049815173385
PER,2022,0.988558352402746,1.1826086956521737,1.0855835240274598
PER,2024,0.5605169340463458,0.6136363636363636,0.5870766488413548
PHL,2016,0.8984593837535014,0.7523809523809523,0.8254201680672268
PHL,2017,0.8092105263157894,1.3363636363636364,1.072787081339713
PHL,2018,0.8541405962458594,1.2363636363636363,1.045252116304748
PHL,2020,1.0734377750396056,1.5478260869565215,1.3106319309980634
PHL,2022,1.0334448160535117,1.4956521739130433,1.2645484949832775
PHL,2024,0.6160873440285204,0.7818181818181819,0.6989527629233512
PLW,2020,0.6530100334448161,0.4521739130434783,0.5525919732441472
PLW,2022,0.7182274247491638,0.5565217391304348,0.6373745819397993
PLW,2024,0.46022727272727276,0.34545454545454546,0.4028409090909091
PNG,2016,0.32478991596638657,0.24761904761904763,0.28620448179271707
PNG,2017,0.2967105263157895,0.3454545454545455,0.3210825358851675
PNG,2018,0.2890688259109312,0.3181818181818182,0.3036253220463747
PNG,2020,0.30297482837528605,0.4782608695652174,0.39061784897025176
PNG,2022,0.34508009153318076,0.5043478260869565,0.4247139588100686
PNG,2024,0.30935828877005345,0.36818181818181817,0.3387700534759358
POL,2016,1.3589635854341737,1.5142857142857142,1.436624649859944
POL,2017,1.250299043062201,1.518181818181818,1.3842404306220095
POL,2018,1.3895841001104159,1.6272727272727274,1.5084284136915715
POL,2020,1.4118641084316141,1.6956521739130435,1.5537581411723287
POL,2022,1.417356099278296,1.7478260869565219,1.582591093117409
POL,2024,0.725445632798574,0.9681818181818181,0.8468137254901961
PRT,2016,1.0736694677871148,1.419047619047619,1.246358543417367
PRT,2017,0.9639952153110048,1.3727272727272728,1.1683612440191389
PRT,2018,0.9784320942215678,1.3818181818181818,1.180125138019875
PRT,2020,0.9920788593557471,1.4521739130434783,1.2221263861996128
PRT,2022,1.1152966027107905,1.7217391304347829,1.4185178665727867
PRT,2024,0.627807486631016,0.9272727272727274,0.7775401069518717
PRY,2016,0.761204481792717,0.5714285714285714,0.6663165266106442
PRY,2017,0.7287679425837321,0.6,0.664383971291866
PRY,2018,0.8211998527788003,0.7545454545454546,0.7878726536621274
PRY,2020,0.846048230945256,0.6695652173913043,0.7578067241682802
PRY,2022,0.8790001760253474,1.0782608695652174,0.9786305227952824
PRY,2024,0.5075311942959002,0.7,0.6037655971479501
PSE,2016,0.7731092436974789,0.7523809523809524,0.7627450980392156
PSE,2017,0.8189593301435408,0.7818181818181819,0.8003887559808613
PSE,2018,0.9046742730953259,1.1363636363636365,1.0205189547294813
PSE,2020,1.204999119873262,1.4260869565217391,1.3155430381975006
PSE,2022,1.2301003344481605,1.4260869565217393,1.32809364548495
PSE,2024,0.6966577540106952,0.7681818181818182,0.7324197860962567
QAT,2016,0.6067226890756301,0.5428571428571429,0.5747899159663865
QAT,2017,0.7000598086124402,0.6818181818181819,0.6909389952153111
QAT,2018,0.8149061464850937,0.6909090909090909,0.7529076186970923
QAT,2020,0.7514874141876431,0.8347826086956521,0.7931350114416476
QAT,2022,0.7899313501144165,0.8260869565217392,0.8080091533180779
QAT,2024,0.43716577540106955,0.5136363636363637,0.47540106951871663
ROU,2016,1.0413165266106443,0.8761904761904761,0.9587535014005601
ROU,2017,0.6153708133971292,0.7000000000000001,0.6576854066985647
ROU,2018,0.952153110047847,1.090909090909091,1.021531100478469
ROU,2020,0.9696180249955992,1.4,1.1848090124977997
ROU,2022,0.9803203661327231,1.565217391304348,1.2727688787185354
ROU,2024,0.7257575757575758,0.8318181818181818,0.7787878787878788
RUS,2016,1.008543417366947,0.9428571428571428,0.9757002801120449
RUS,2017,0.9540669856459332,0.8181818181818183,0.8861244019138758
RUS,2018,1.0416267942583732,0.9636363636363636,1.0026315789473683
RUS,2020,0.997077979229009,1.0956521739130434,1.0463650765710262
RUS,2022,1.0007393064601302,1.2521739130434784,1.1264566097518043
RUS,2024,0.4858288770053476,0.6363636363636364,0.5610962566844919
RWA,2016,0.7333333333333334,1.2857142857142858,1.0095238095238095
RWA,2017,0.7847488038277513,1.2363636363636363,1.010556220095694
RWA,2018,0.8106735369893265,1.2727272727272727,1.0417004048582996
RWA,2020,1.0099278296074634,1.365217391304348,1.1875726104559057
RWA,2022,0.980003520506953,1.2,1.0900017602534766
RWA,2024,0.4951871657754011,0.6590909090909092,0.5771390374331551
SAU,2016,0.6179271708683474,0.44761904761904764,0.5327731092436975
SAU,2017,0.5373205741626793,0.5454545454545454,0.5413875598086124
SAU,2018,0.6688995215311004,0.6272727272727272,0.6480861244019138
SAU,2020,0.8233409610983982,0.826086956521739,0.8247139588100686
SAU,2022,0.8233409610983979,1.2434782608695651,1.0334096109839814
SAU,2024,0.5645276292335117,0.718181818181818,0.6413547237076649
SDN,2017,0.26507177033492824,0.26363636363636367,0.26435406698564595
SDN,2018,0.400956937799043,0.4545454545454545,0.42775119617224877
SEN,2016,0.6397759103641457,0.780952380952381,0.7103641456582633
SEN,2017,0.6947368421052632,0.8272727272727274,0.7610047846889954
SEN,2018,0.7842105263157895,0.8454545454545455,0.8148325358851675
SEN,2020,0.8581235697940504,0.9565217391304348,0.9073226544622426
SEN,2022,0.8475972540045766,0.9391304347826086,0.8933638443935926
SEN,2024,0.5291443850267379,0.8818181818181816,0.7054812834224597
SGP,2016,0.8571428571428571,0.9142857142857143,0.8857142857142857
SGP,2017,1.0568181818181819,1.409090909090909,1.2329545454545454
SGP,2018,1.2272727272727273,1.9090909090909094,1.5681818181818183
SGP,2020,1.3043478260869565,1.9130434782608696,1.608695652173913
SGP,2022,1.2717391304347827,1.9130434782608696,1.5923913043478262
SGP,2024,0.7604166666666666,0.9454545454545455,0.8529356060606061
SLB,2016,0.5770308123249299,0.44761904761904764,0.5123249299719888
SLB,2017,0.5205741626794258,0.6181818181818182,0.569377990430622
SLB,2018,0.576555023923445,0.6545454545454545,0.6155502392344498
SLB,2020,0.5308924485125858,0.6,0.5654462242562929
SLB,2022,0.5121281464530892,0.5739130434782609,0.543020594965675
SLB,2024,0.31844919786096254,0.3772727272727273,0.34786096256684496
SLE,2016,0.7366946778711485,0.5428571428571429,0.6397759103641457
SLE,2017,0.600956937799043,0.6454545454545454,0.6232057416267942
SLE,2018,0.8410011041589988,0.9,0.8705005520794994
SLE,2020,0.7843337440591445,0.8434782608695652,0.8139060024643548
SLE,2022,0.9136067593733497,0.9391304347826086,0.9263685970779791
SLE,2024,0.4160427807486631,0.45,0.4330213903743315
SLV,2016,0.4470588235294117,0.39047619047619053,0.4187675070028011
SLV,2017,0.6426435406698564,0.7454545454545455,0.6940490430622009
SLV,2018,0.6693779904306221,0.7636363636363637,0.7165071770334929
SLV,2020,0.7462770638972012,0.7739130434782608,0.760095053687731
SLV,2022,0.782890336208414,0.782608695652174,0.782749515930294
SLV,2024,0.29683600713012476,0.3363636363636363,0.3165998217468805
SMR,2020,0.4623745819397993,0.43478260869565216,0.4485785953177257
SMR,2022,0.6688963210702341,0.6347826086956522,0.6518394648829431
SMR,2024,0.3106060606060606,0.3318181818181818,0.32121212121212117
SOM,2017,0.09090909090909091,0.11818181818181817,0.10454545454545454
SOM,2018,0.09090909090909091,0.15454545454545454,0.12272727272727273
SOM,2020,0.32906178489702514,0.6782608695652173,0.5036613272311212
SOM,2022,0.40366132723112125,0.8608695652173912,0.6322654462242563
SOM,2024,0.2885026737967914,0.4818181818181818,0.3851604278074866
SRB,2016,0.8494397759103641,1.0857142857142856,0.9675770308123248
SRB,2017,0.6272727272727272,0.7545454545454545,0.6909090909090909
SRB,2018,0.7301435406698564,0.990909090909091,0.8605263157894737
SRB,2020,0.9397289209646189,1.3043478260869565,1.1220383735257877
SRB,2022,1.1017426509417354,1.417391304347826,1.2595669776447806
SRB,2024,0.5485739750445633,0.790909090909091,0.6697415329768271
SSD,2016,0.44145658263305326,0.48571428571428565,0.4635854341736695
SSD,2017,0.269976076555024,0.4909090909090909,0.3804425837320574
SSD,2018,0.2723224144276776,0.4909090909090909,0.3816157526683842
SSD,2020,0.15148741418764303,0.5391304347826087,0.34530892448512585
SSD,2022,0.05217391304347826,0.32173913043478264,0.18695652173913044
SSD,2024,0.11951871657754012,0.2681818181818182,0.19385026737967914
STP,2016,0.41666666666666663,0.7428571428571429,0.5797619047619047
STP,2017,0.3068181818181818,0.48181818181818176,0.3943181818181818
STP,2018,0.2727272727272727,0.4545454545454545,0.3636363636363636
STP,2020,0.7483277591973244,0.6695652173913043,0.7089464882943144
STP,2022,0.9096989966555183,0.6608695652173914,0.7852842809364549
STP,2024,0.4857954545454546,0.45,0.46789772727272727
SUR,2016,0.6095238095238095,0.7714285714285714,0.6904761904761905
SUR,2017,0.5799043062200957,0.6636363636363637,0.6217703349282298
SUR,2018,0.5813397129186603,0.7,0.6406698564593301
SUR,2020,0.9139588100686498,1.0956521739130434,1.0048054919908465
SUR,2022,0.8077803203661327,1.0,0.9038901601830663
SUR,2024,0.4737967914438503,0.6636363636363637,0.568716577540107
SVK,2016,0.9910364145658264,0.895238095238095,0.9431372549019608
SVK,2017,0.9879784688995216,1.4909090909090907,1.239443779904306
SVK,2018,1.1368052999631948,1.6272727272727274,1.3820390136179612
SVK,2020,1.1336736490054569,1.6956521739130437,1.4146629114592502
SVK,2022,1.155923252948425,1.634782608695652,1.3953529308220385
SVK,2024,0.5739750445632799,0.8681818181818182,0.721078431372549
SVN,2016,1.107983193277311,1.380952380952381,1.244467787114846
SVN,2017,0.9512559808612441,1.5636363636363637,1.257446172248804
SVN,2018,1.1702981229297018,1.709090909090909,1.4396945160103054
SVN,2020,1.2146101038549553,1.6434782608695655,1.4290441823622604
SVN,2022,1.2242914979757085,1.7478260869565214,1.4860587924661148
SVN,2024,0.6571746880570409,0.9454545454545455,0.8013146167557932
SWE,2016,1.3289915966386554,1.7238095238095237,1.5264005602240895
SWE,2017,1.2010765550239237,1.6454545454545453,1.4232655502392344
SWE,2018,1.2355171144644832,1.590909090909091,1.4132131026867871
SWE,2020,1.3398345361732091,1.6782608695652173,1.5090477028692133
SWE,2022,1.2644252772399223,1.652173913043478,1.4582995951417002
SWE,2024,0.7229500891265598,0.8454545454545455,0.7842023172905526
SWZ,2016,0.07619047619047618,0.12380952380952381,0.1
SWZ,2017,0.10909090909090909,0.17272727272727273,0.1409090909090909
SWZ,2018,0.24354066985645934,0.33636363636363636,0.28995215311004785
SWZ,2020,0.11304347826086958,0.24347826086956523,0.17826086956521742
SWZ,2022,0.2402745995423341,0.34782608695652173,0.2940503432494279
SWZ,2024,0.24812834224598931,0.36818181818181817,0.30815508021390375
SYC,2017,0.7177033492822967,0.6909090909090908,0.7043062200956938
SYC,2018,0.8199760765550239,0.7818181818181817,0.8008971291866028
SYC,2020,0.7558528428093645,0.7304347826086957,0.7431438127090301
SYC,2022,0.7826086956521738,0.6347826086956523,0.7086956521739131
SYC,2024,0.4147727272727273,0.4136363636363637,0.4142045454545455
SYR,2017,0.30574162679425837,0.3181818181818181,0.3119617224880382
SYR,2018,0.42535885167464105,0.4545454545454545,0.43995215311004776
SYR,2020,0.5693363844393593,0.49565217391304345,0.5324942791762014
SYR,2022,0.3848970251716247,0.4,0.39244851258581237
SYR,2024,0.23983957219251337,0.2772727272727272,0.2585561497326203
TCD,2016,0.6389355742296918,0.5428571428571429,0.5908963585434174
TCD,2017,0.04120813397129187,0.1,0.07060406698564593
TCD,2020,0.30160183066361557,0.42608695652173906,0.3638443935926773
TCD,2022,0.47048054919908466,0.5739130434782609,0.5221967963386728
TCD,2024,0.4243761140819964,0.5227272727272727,0.47355169340463454
TGO,2016,0.5277310924369748,0.6952380952380951,0.611484593837535
TGO,2017,0.40149521531100485,0.5454545454545454,0.47347488038277513
TGO,2018,0.470887007729113,0.6090909090909091,0.539988958410011
TGO,2020,0.5524027459954233,0.6869565217391302,0.6196796338672768
TGO,2022,0.7378630522795282,0.7913043478260869,0.7645837000528075
TGO,2024,0.49768270944741533,0.5363636363636364,0.5170231729055259
THA,2016,0.6728291316526611,0.7333333333333333,0.7030812324929971
THA,2017,0.6832535885167464,0.5545454545454545,0.6188995215311004
THA,2018,0.7043062200956938,0.5727272727272728,0.6385167464114833
THA,2020,0.7812356979405033,0.7478260869565218,0.7645308924485126
THA,2022,0.8334096109839816,0.8434782608695652,0.8384439359267735
THA,2024,0.5569964349376113,0.6409090909090909,0.5989527629233511
TJK,2016,0.7854341736694678,0.7333333333333333,0.7593837535014005
TJK,2017,0.637799043062201,0.8818181818181818,0.7598086124401915
TJK,2018,0.6846889952153109,0.8363636363636363,0.7605263157894736
TJK,2020,0.7830663615560641,0.6782608695652174,0.7306636155606407
TJK,2022,0.7879246611512056,0.7043478260869566,0.746136243619081
TJK,2024,0.4982174688057041,0.5727272727272728,0.5354723707664885
TKM,2016,0.46358543417366943,0.39047619047619053,0.42703081232493
TKM,2017,0.21052631578947367,0.31818181818181823,0.26435406698564595
TKM,2018,0.01818181818181818,0.03636363636363636,0.02727272727272727
TKM,2020,0.017391304347826087,0.02608695652173913,0.021739130434782608
TKM,2022,0.017391304347826087,0.02608695652173913,0.021739130434782608
TKM,2024,0.1877005347593583,0.16363636363636364,0.17566844919786095
TLS,2016,0.7103641456582633,0.4666666666666667,0.588515406162465
TLS,2017,0.5856459330143541,0.4636363636363637,0.5246411483253589
TLS,2018,0.5583732057416267,0.5181818181818182,0.5382775119617225
TLS,2020,0.8266502376342194,0.6434782608695653,0.7350642492518924
TLS,2022,0.7585636331631755,0.6956521739130435,0.7271079035381095
TLS,2024,0.46876114081996423,0.38181818181818183,0.42528966131907303
TON,2020,0.7918060200668896,0.7652173913043478,0.7785117056856188
TON,2022,0.9698996655518395,0.791304347826087,0.8806020066889633
TON,2024,0.4621212121212121,0.37727272727272726,0.4196969696969697
TTO,2016,0.3619047619047619,0.36190476190476184,0.36190476190476184
TTO,2017,0.35454545454545455,0.7,0.5272727272727272
TTO,2018,0.3937799043062201,0.6272727272727272,0.5105263157894737
TTO,2020,0.3464530892448513,0.6,0.47322654462242564
TTO,2022,0.5929589860939976,0.6695652173913044,0.631262101742651
TTO,2024,0.39491978609625666,0.5181818181818182,0.4565508021390374
TUN,2016,0.7277310924369748,0.9142857142857143,0.8210084033613445
TUN,2017,0.622488038277512,0.6545454545454545,0.6385167464114833
TUN,2018,0.7498343761501656,1.0363636363636364,0.893099006256901
TUN,2020,0.7519450800915332,1.1304347826086958,0.9411899313501144
TUN,2022,0.6979405034324943,1.3217391304347825,1.0098398169336384
TUN,2024,0.3975935828877005,0.6863636363636363,0.5419786096256685
TUR,2016,0.7918767507002801,0.8095238095238095,0.8007002801120449
TUR,2017,0.7708133971291866,1.1181818181818184,0.9444976076555025
TUR,2018,0.7708133971291866,1.0,0.8854066985645933
TUR,2020,0.8941031508537229,1.0608695652173914,0.9774863580355572
TUR,2022,0.9839112832247843,1.191304347826087,1.0876078155254356
TUR,2024,0.6233511586452762,0.5954545454545455,0.6094028520499108
TUV,2022,0.552675585284281,0.6173913043478262,0.5850334448160536
TUV,2024,0.33428030303030304,0.35,0.34214015151515154
TWN,2016,0.6044817927170868,0.9047619047619049,0.7546218487394958
TWN,2017,0.6014354066985647,0.8727272727272728,0.7370813397129188
TWN,2018,0.8464114832535884,1.190909090909091,1.0186602870813397
TWN,2020,0.8320366132723113,1.2956521739130433,1.0638443935926774
TWN,2022,0.9958810068649886,1.3652173913043477,1.1805491990846682
TWN,2024,0.5187165775401069,0.6954545454545454,0.6070855614973262
TZA,2016,0.7107843137254902,0.49523809523809526,0.6030112044817928
TZA,2017,0.6441387559808612,0.6090909090909091,0.6266148325358851
TZA,2018,0.6135443503864556,0.6363636363636364,0.624953993375046
TZA,2020,0.8039429677873613,1.234782608695652,1.0193627882415066
TZA,2022,0.7833480021123043,1.2,0.9916740010561521
TZA,2024,0.41902852049910866,0.6363636363636364,0.5276960784313725
UGA,2016,0.7354341736694678,0.7238095238095238,0.7296218487394959
UGA,2017,0.6866626794258374,0.9,0.7933313397129187
UGA,2018,0.7105263157894737,0.8272727272727274,0.7688995215311005
UGA,2020,0.7947896497095583,0.9391304347826086,0.8669600422460835
UGA,2022,0.7444464002816406,0.9391304347826086,0.8417884175321246
UGA,2024,0.45860071301247773,0.6318181818181818,0.5452094474153297
UKR,2016,0.9107843137254902,0.5904761904761905,0.7506302521008403
UKR,2017,0.8023923444976078,0.690909090909091,0.7466507177033495
UKR,2018,0.7574162679425837,0.7090909090909092,0.7332535885167464
UKR,2020,0.9610983981693364,1.2347826086956522,1.0979405034324943
UKR,2022,0.9313501144164759,1.173913043478261,1.0526315789473684
UKR,2024,0.5217023172905525,0.6409090909090909,0.5813057040998217
URY,2016,0.6564425770308123,0.44761904761904764,0.55203081232493
URY,2017,0.7148325358851674,0.9545454545454545,0.8346889952153109
URY,2018,0.7813397129186603,0.9727272727272727,0.8770334928229665
URY,2020,0.7588100686498855,1.1391304347826088,0.9489702517162472
URY,2022,0.837070938215103,1.1739130434782608,1.005491990846682
URY,2024,0.44438502673796787,0.5409090909090909,0.4926470588235294
USA,2016,1.4018207282913164,1.419047619047619,1.4104341736694677
USA,2017,1.1977272727272728,1.3727272727272726,1.2852272727272727
USA,2018,1.1363268310636732,1.5727272727272728,1.3545270518954728
USA,2020,1.0955113536349235,1.5391304347826087,1.3173208942087662
USA,2022,1.2023587396585107,1.5478260869565217,1.3750924133075162
USA,2024,0.6659090909090909,0.8545454545454545,0.7602272727272728
UZB,2016,0.27829131652661065,0.27619047619047615,0.27724089635854343
UZB,2017,0.36363636363636365,0.39090909090909093,0.3772727272727273
UZB,2018,0.40430622009569384,0.39090909090909093,0.3976076555023924
UZB,2020,0.8913571554303819,1.373913043478261,1.1326350994543213
UZB,2022,1.0388311916916035,1.5391304347826087,1.2889808132371061
UZB,2024,0.7153743315508022,0.8772727272727272,0.7963235294117648
VCT,2016,0.6577380952380952,0.36190476190476184,0.5098214285714285
VCT,2017,0.6148325358851674,0.5727272727272726,0.59377990430622
VCT,2018,0.6566985645933014,0.7181818181818183,0.6874401913875599
VCT,2020,0.6413043478260869,1.0434782608695652,0.842391304347826
VCT,2022,0.6413043478260869,1.026086956521739,0.833695652173913
VCT,2024,0.3465909090909091,0.509090909090909,0.4278409090909091
VEN,2016,0.6487394957983194,0.45714285714285713,0.5529411764705883
VEN,2017,0.5631578947368421,0.5545454545454545,0.5588516746411483
VEN,2018,0.5177033492822967,0.5454545454545454,0.531578947368421
VEN,2022,0.3148741418764302,0.3913043478260869,0.3530892448512586
VEN,2024,0.1967914438502674,0.23181818181818184,0.21430481283422462
VNM,2016,0.6252100840336134,0.7428571428571428,0.6840336134453782
VNM,2017,0.5464114832535885,0.7909090909090908,0.6686602870813396
VNM,2018,0.6220095693779905,0.818181818181818,0.7200956937799042
VNM,2020,0.7281464530892449,1.0173913043478262,0.8727688787185355
VNM,2022,0.8181306108079562,1.1130434782608696,0.9655870445344129
VNM,2024,0.3516042780748663,0.5272727272727272,0.4394385026737968
VUT,2016,0.5371148459383754,0.44761904761904764,0.4923669467787115
VUT,2017,0.504366028708134,0.5636363636363637,0.5340011961722488
VUT,2018,0.4910563121089436,0.5727272727272728,0.5318917924181081
VUT,2022,0.6064425277239922,0.5304347826086957,0.568438655166344
VUT,2024,0.38114973262032087,0.35909090909090907,0.37012032085561497
WSM,2016,0.661624649859944,0.6571428571428571,0.6593837535014005
WSM,2017,0.600956937799043,0.7636363636363637,0.6822966507177033
WSM,2018,0.6401913875598086,0.7727272727272728,0.7064593301435407
WSM,2020,0.6347826086956522,0.9565217391304346,0.7956521739130433
WSM,2022,0.7596549903186058,0.7217391304347827,0.7406970603766942
WSM,2024,0.4129233511586453,0.39545454545454545,0.40418894830659535
XKX,2016,0.7568627450980392,0.6952380952380952,0.7260504201680672
XKX,2017,0.778468899521531,0.8636363636363636,0.8210526315789473
XKX,2018,0.876923076923077,0.9,0.8884615384615385
XKX,2020,0.9182186234817813,1.026086956521739,0.9721527900017601
XKX,2022,0.8437951064953353,0.9913043478260868,0.917549727160711
XKX,2024,0.4312834224598931,0.609090909090909,0.520187165775401
YEM,2016,0.7058823529411764,0.5238095238095238,0.6148459383753502
YEM,2020,0.731350114416476,0.6347826086956522,0.6830663615560641
YEM,2022,0.7281464530892447,0.6869565217391305,0.7075514874141876
YEM,2024,0.34197860962566845,0.35,0.3459893048128342
ZAF,2016,0.8771708683473388,1.0285714285714285,0.9528711484593837
ZAF,2017,0.6526913875598087,0.9363636363636363,0.7945275119617226
ZAF,2018,0.7493559072506442,1.0272727272727273,0.8883143172616857
ZAF,2020,0.7151557824326703,1.0869565217391304,0.9010561520859004
ZAF,2022,0.7659566977644781,1.0956521739130436,0.9308044358387608
ZAF,2024,0.40271836007130124,0.5409090909090909,0.47181372549019607
ZMB,2016,0.4745098039215686,0.37142857142857144,0.42296918767507
ZMB,2017,0.5197966507177034,0.41818181818181815,0.4689892344497608
ZMB,2018,0.5375414059624586,0.48181818181818176,0.5096797938903201
ZMB,2020,0.7154374229889104,1.0,0.8577187114944552
ZMB,2022,0.5987326174969196,0.6608695652173913,0.6298010913571555
ZMB,2024,0.3433600713012478,0.38181818181818183,0.3625891265597148
ZWE,2016,0.5820728291316526,0.4476190476190475,0.5148459383753501
ZWE,2017,0.5239832535885167,0.5,0.5119916267942584
ZWE,2018,0.6325358851674642,0.6,0.6162679425837321
ZWE,2020,0.7815173384967434,0.9478260869565215,0.8646717127266325
ZWE,2022,0.54261573666608,1.026086956521739,0.7843513465939095
ZWE,2024,0.33529411764705885,0.5136363636363637,0.42446524064171126
