country_name,year,pew_gov_restrictions_index,pew_social_hostilities_index
Afghanistan,2007,5.32,8.461540000000001
Afghanistan,2008,5.275,7.823080000000001
Afghanistan,2009,6.52,8.592310000000001
Afghanistan,2010,7.955000000000001,7.692310000000001
Afghanistan,2011,8.020000000000001,7.438460000000001
Afghanistan,2012,8.05,9.61538
Afghanistan,2013,8.020000000000001,7.823080000000001
Afghanistan,2014,6.45,7.692310000000001
Afghanistan,2015,5.52,7.88461
Afghanistan,2016,6.02,7.115380000000001
Afghanistan,2017,6.52,6.861540000000001
Afghanistan,2018,6.52,6.861540000000001
Afghanistan,2019,6.27,5.70769
Afghanistan,2020,6.77,8.01538
Afghanistan,2021,8.155000000000001,7.630770000000001
Afghanistan,2022,8.22,7.307700000000001
Albania,2007,0.775,0.19231
Albania,2008,1.915,0.70769
Albania,2009,0.7250000000000001,0.0
Albania,2010,1.345,0.19231
Albania,2011,1.425,0.0
Albania,2012,1.475,0.0
Albania,2013,2.245,0.25385
Albania,2014,1.04,0.63846
Albania,2015,2.525,0.5769200000000001
Albania,2016,1.14,0.19231
Albania,2017,1.64,0.06154
Albania,2018,2.39,0.0
Albania,2019,1.89,0.0
Albania,2020,1.89,0.0
Albania,2021,1.89,1.73077
Albania,2022,1.975,2.5615
Algeria,2007,5.585000000000001,3.59231
Algeria,2008,6.785,5.26154
Algeria,2009,7.285000000000001,5.26154
Algeria,2010,6.870000000000001,5.38461
Algeria,2011,7.535000000000001,5.26154
Algeria,2012,6.870000000000001,6.476920000000001
Algeria,2013,6.105,5.89231
Algeria,2014,5.755000000000001,6.607690000000001
Algeria,2015,7.19,6.22308
Algeria,2016,7.77,6.476920000000001
Algeria,2017,8.040000000000001,6.28462
Algeria,2018,7.955000000000001,6.03077
Algeria,2019,7.955000000000001,5.0
Algeria,2020,8.435,5.57692
Algeria,2021,8.120000000000001,4.61538
Algeria,2022,7.455000000000001,3.976900000000001
Andorra,2007,0.8750000000000001,0.0
Andorra,2008,0.7500000000000001,0.25385
Andorra,2009,0.7400000000000001,0.0
Andorra,2010,0.7100000000000001,0.0
Andorra,2011,0.675,0.0
Andorra,2012,1.155,0.0
Andorra,2013,1.155,0.0
Andorra,2014,0.905,0.25385
Andorra,2015,2.325,0.7692300000000001
Andorra,2016,2.325,0.7692300000000001
Andorra,2017,2.36,0.0
Andorra,2018,2.36,0.0
Andorra,2019,2.36,0.0
Andorra,2020,2.36,0.0
Andorra,2021,2.525,0.0
Andorra,2022,2.765,0.0
Angola,2007,3.285,3.72308
Angola,2008,4.010000000000001,2.43846
Angola,2009,2.4,1.15385
Angola,2010,3.73,2.30769
Angola,2011,4.86,2.05385
Angola,2012,4.145,3.59231
Angola,2013,5.010000000000001,2.94615
Angola,2014,2.7,1.02308
Angola,2015,4.33,2.17692
Angola,2016,4.2,1.92308
Angola,2017,4.100000000000001,3.2
Angola,2018,4.300000000000001,1.33846
Angola,2019,4.265000000000001,0.56923
Angola,2020,2.765,1.08462
Angola,2021,3.115,1.08462
Angola,2022,4.130000000000001,1.0846
Antigua and Barbuda,2007,1.065,0.25385
Antigua and Barbuda,2008,1.05,0.25385
Antigua and Barbuda,2009,1.37,0.64615
Antigua and Barbuda,2010,1.23,0.38461
Antigua and Barbuda,2011,2.335,0.38461
Antigua and Barbuda,2012,2.335,0.38461
Antigua and Barbuda,2013,2.335,0.13077
Antigua and Barbuda,2014,1.93,0.0
Antigua and Barbuda,2015,2.43,0.0
Antigua and Barbuda,2016,2.68,0.13077
Antigua and Barbuda,2017,2.18,0.0
Antigua and Barbuda,2018,1.3,0.0
Antigua and Barbuda,2019,0.8,0.0
Antigua and Barbuda,2020,0.765,0.0
Antigua and Barbuda,2021,0.765,0.0
Antigua and Barbuda,2022,0.93,0.0615
Argentina,2007,1.66,0.64615
Argentina,2008,1.72,1.02308
Argentina,2009,2.545,0.96154
Argentina,2010,1.575,0.5076900000000001
Argentina,2011,1.935,1.40769
Argentina,2012,1.935,1.92308
Argentina,2013,2.02,1.40769
Argentina,2014,2.52,1.40769
Argentina,2015,2.575,1.98462
Argentina,2016,2.575,1.79231
Argentina,2017,2.74,1.79231
Argentina,2018,2.325,1.27692
Argentina,2019,2.075,1.79231
Argentina,2020,2.24,1.79231
Argentina,2021,2.74,1.40769
Argentina,2022,2.325,0.1923
Armenia,2007,3.41,2.69231
Armenia,2008,4.535,2.43846
Armenia,2009,4.215000000000001,3.20769
Armenia,2010,4.735,4.292310000000001
Armenia,2011,5.905,4.61538
Armenia,2012,5.955,4.74615
Armenia,2013,5.205,5.26154
Armenia,2014,4.45,3.97692
Armenia,2015,3.8,3.71538
Armenia,2016,3.82,2.69231
Armenia,2017,3.72,2.56154
Armenia,2018,4.82,4.230770000000001
Armenia,2019,3.52,1.79231
Armenia,2020,3.67,2.11538
Armenia,2021,3.7,2.04615
Armenia,2022,4.5,3.5846
Australia,2007,1.295,1.8
Australia,2008,0.535,1.92308
Australia,2009,0.68,1.79231
Australia,2010,1.715,2.05385
Australia,2011,2.225,2.23846
Australia,2012,1.575,2.94615
Australia,2013,1.42,1.40769
Australia,2014,0.95,2.24615
Australia,2015,1.11,3.84615
Australia,2016,1.23,4.230770000000001
Australia,2017,1.135,2.56154
Australia,2018,1.8,2.69231
Australia,2019,1.135,2.30769
Australia,2020,1.92,2.30769
Australia,2021,1.585,2.69231
Australia,2022,1.775,1.2769
Austria,2007,2.62,1.09231
Austria,2008,3.63,1.73077
Austria,2009,3.27,1.66923
Austria,2010,3.165,1.85385
Austria,2011,2.45,2.88461
Austria,2012,3.785,3.00769
Austria,2013,3.13,1.86154
Austria,2014,3.35,1.85385
Austria,2015,4.105,3.26923
Austria,2016,3.885,3.77692
Austria,2017,4.215000000000001,3.2
Austria,2018,4.25,2.43077
Austria,2019,4.42,2.17692
Austria,2020,4.52,2.17692
Austria,2021,4.585,1.92308
Austria,2022,3.42,3.2077
Azerbaijan,2007,4.955,2.88461
Azerbaijan,2008,5.505000000000001,1.86154
Azerbaijan,2009,5.135000000000001,2.76154
Azerbaijan,2010,6.890000000000001,2.17692
Azerbaijan,2011,6.500000000000001,4.038460000000001
Azerbaijan,2012,7.32,4.68461
Azerbaijan,2013,7.32,3.4
Azerbaijan,2014,7.505000000000001,4.423080000000001
Azerbaijan,2015,6.840000000000001,1.47692
Azerbaijan,2016,6.94,0.7692300000000001
Azerbaijan,2017,6.840000000000001,0.8307700000000001
Azerbaijan,2018,6.855,0.8307700000000001
Azerbaijan,2019,6.985,1.6
Azerbaijan,2020,6.985,1.73077
Azerbaijan,2021,6.735,1.6
Azerbaijan,2022,7.485,0.7692000000000001
Bahamas,2007,1.36,0.5076900000000001
Bahamas,2008,0.975,0.25385
Bahamas,2009,2.26,0.0
Bahamas,2010,2.995,0.0
Bahamas,2011,2.81,0.0
Bahamas,2012,3.31,0.0
Bahamas,2013,2.95,0.0
Bahamas,2014,3.55,0.0
Bahamas,2015,3.575,0.7692300000000001
Bahamas,2016,2.975,0.7692300000000001
Bahamas,2017,2.975,0.0
Bahamas,2018,3.09,0.0
Bahamas,2019,3.425,0.0
Bahamas,2020,3.425,0.7692300000000001
Bahamas,2021,3.425,0.0
Bahamas,2022,3.745,0.0615
Bahrain,2007,4.255000000000001,2.95385
Bahrain,2008,3.67,1.92308
Bahrain,2009,4.725000000000001,3.33077
Bahrain,2010,4.185,3.65385
Bahrain,2011,6.155,3.90769
Bahrain,2012,6.485,5.32308
Bahrain,2013,6.470000000000001,3.52308
Bahrain,2014,6.170000000000001,3.01538
Bahrain,2015,5.875000000000001,1.27692
Bahrain,2016,6.125000000000001,1.03077
Bahrain,2017,6.225000000000001,2.11538
Bahrain,2018,6.290000000000001,1.66154
Bahrain,2019,6.390000000000001,1.46923
Bahrain,2020,6.290000000000001,1.6
Bahrain,2021,6.455000000000001,0.89231
Bahrain,2022,5.24,0.7000000000000001
Bangladesh,2007,4.02,8.330770000000001
Bangladesh,2008,5.100000000000001,6.600000000000001
Bangladesh,2009,5.130000000000001,8.26923
Bangladesh,2010,5.565,8.207690000000001
Bangladesh,2011,6.07,6.346150000000001
Bangladesh,2012,5.32,7.630770000000001
Bangladesh,2013,5.225000000000001,8.65385
Bangladesh,2014,4.33,5.83077
Bangladesh,2015,5.02,5.64615
Bangladesh,2016,4.885000000000001,7.561540000000001
Bangladesh,2017,4.785,7.176920000000001
Bangladesh,2018,4.685,6.923080000000001
Bangladesh,2019,4.785,6.730770000000001
Bangladesh,2020,4.785,6.98462
Bangladesh,2021,5.140000000000001,6.861540000000001
Bangladesh,2022,5.285,6.084600000000001
Barbados,2007,0.7500000000000001,0.25385
Barbados,2008,0.805,0.25385
Barbados,2009,0.78,0.38461
Barbados,2010,0.8,0.38461
Barbados,2011,1.385,0.13077
Barbados,2012,1.565,0.38461
Barbados,2013,1.48,0.13077
Barbados,2014,1.48,0.38461
Barbados,2015,2.24,0.13077
Barbados,2016,2.34,0.13077
Barbados,2017,2.34,0.25385
Barbados,2018,2.34,0.06154
Barbados,2019,2.34,0.06154
Barbados,2020,1.99,0.8307700000000001
Barbados,2021,0.66,0.7692300000000001
Barbados,2022,1.45,0.7692000000000001
Belarus,2007,5.855,1.41538
Belarus,2008,6.330000000000001,2.43846
Belarus,2009,6.380000000000001,3.07692
Belarus,2010,6.77,1.40769
Belarus,2011,6.335000000000001,1.79231
Belarus,2012,6.330000000000001,1.27692
Belarus,2013,6.330000000000001,1.15385
Belarus,2014,5.795000000000001,0.5076900000000001
Belarus,2015,6.445,2.17692
Belarus,2016,6.445,2.04615
Belarus,2017,6.445,1.40769
Belarus,2018,6.180000000000001,1.27692
Belarus,2019,5.680000000000001,1.34615
Belarus,2020,5.78,1.08462
Belarus,2021,6.215000000000001,0.44615
Belarus,2022,6.445,0.1923
Belgium,2007,3.95,0.89231
Belgium,2008,3.75,1.79231
Belgium,2009,3.535,1.66923
Belgium,2010,3.655,2.18461
Belgium,2011,3.935,2.37692
Belgium,2012,4.670000000000001,3.33077
Belgium,2013,3.75,1.6
Belgium,2014,3.5,1.53846
Belgium,2015,3.895,2.11538
Belgium,2016,3.995,2.69231
Belgium,2017,3.82,2.17692
Belgium,2018,3.32,3.97692
Belgium,2019,3.92,3.84615
Belgium,2020,3.3,4.492310000000001
Belgium,2021,3.6,4.61538
Belgium,2022,2.885,2.6923
Belize,2007,1.295,0.0
Belize,2008,0.93,0.0
Belize,2009,0.7400000000000001,0.0
Belize,2010,0.8250000000000001,0.0
Belize,2011,1.23,0.0
Belize,2012,1.365,0.0
Belize,2013,1.115,0.0
Belize,2014,1.215,0.7692300000000001
Belize,2015,1.115,0.0
Belize,2016,1.115,0.38461
Belize,2017,1.115,0.31538
Belize,2018,1.115,0.25385
Belize,2019,1.115,1.02308
Belize,2020,1.465,0.7692300000000001
Belize,2021,1.365,0.7692300000000001
Belize,2022,1.865,1.0846
Benin,2007,0.33,0.0
Benin,2008,0.345,1.66923
Benin,2009,0.33,0.0
Benin,2010,0.51,0.38461
Benin,2011,0.4950000000000001,1.15385
Benin,2012,0.345,2.04615
Benin,2013,0.345,0.38461
Benin,2014,0.43,0.25385
Benin,2015,0.68,0.25385
Benin,2016,1.195,3.59231
Benin,2017,1.18,3.91538
Benin,2018,0.68,2.82308
Benin,2019,0.68,2.63077
Benin,2020,1.345,0.0
Benin,2021,1.345,0.25385
Benin,2022,1.96,0.3846000000000001
Bhutan,2007,4.405,1.92308
Bhutan,2008,4.455,1.15385
Bhutan,2009,4.965000000000001,0.5076900000000001
Bhutan,2010,3.62,0.0
Bhutan,2011,4.350000000000001,0.9
Bhutan,2012,5.07,1.66923
Bhutan,2013,4.970000000000001,1.79231
Bhutan,2014,4.535,2.56154
Bhutan,2015,5.155,1.28461
Bhutan,2016,4.555000000000001,0.38461
Bhutan,2017,4.555000000000001,0.44615
Bhutan,2018,4.655,0.44615
Bhutan,2019,4.630000000000001,0.44615
Bhutan,2020,4.805000000000001,1.46923
Bhutan,2021,4.350000000000001,1.46923
Bhutan,2022,5.185,1.8538
Bolivia,2007,0.975,0.0
Bolivia,2008,0.935,1.27692
Bolivia,2009,0.675,0.38461
Bolivia,2010,1.01,0.25385
Bolivia,2011,1.11,0.7692300000000001
Bolivia,2012,1.445,0.0
Bolivia,2013,1.545,0.0
Bolivia,2014,1.92,0.25385
Bolivia,2015,0.98,2.05385
Bolivia,2016,0.995,3.97692
Bolivia,2017,0.995,3.91538
Bolivia,2018,0.995,3.01538
Bolivia,2019,0.995,2.94615
Bolivia,2020,0.945,2.94615
Bolivia,2021,0.91,0.32308
Bolivia,2022,0.66,0.7692000000000001
Bosnia-Herzegovina,2007,1.505,2.43846
Bosnia-Herzegovina,2008,1.915,2.82308
Bosnia-Herzegovina,2009,1.615,3.13846
Bosnia-Herzegovina,2010,2.015,2.56154
Bosnia-Herzegovina,2011,2.015,3.4
Bosnia-Herzegovina,2012,2.3,4.292310000000001
Bosnia-Herzegovina,2013,2.3,4.169230000000001
Bosnia-Herzegovina,2014,1.985,3.01538
Bosnia-Herzegovina,2015,2.115,3.71538
Bosnia-Herzegovina,2016,2.95,3.4
Bosnia-Herzegovina,2017,2.915,3.20769
Bosnia-Herzegovina,2018,2.815,2.24615
Bosnia-Herzegovina,2019,2.815,2.36923
Bosnia-Herzegovina,2020,2.815,1.98462
Bosnia-Herzegovina,2021,3.33,1.21538
Bosnia-Herzegovina,2022,3.43,2.8846
Botswana,2007,0.8550000000000001,0.13077
Botswana,2008,0.8300000000000001,0.5153800000000001
Botswana,2009,0.6000000000000001,0.0
Botswana,2010,1.24,0.0
Botswana,2011,0.56,0.0
Botswana,2012,0.535,0.89231
Botswana,2013,0.7250000000000001,0.0
Botswana,2014,0.785,0.25385
Botswana,2015,1.12,0.0
Botswana,2016,1.62,0.0
Botswana,2017,1.335,0.0
Botswana,2018,1.335,0.0
Botswana,2019,1.335,0.0
Botswana,2020,2.0,0.0
Botswana,2021,1.6,0.0
Botswana,2022,1.5,0.0
Brazil,2007,0.43,0.8384600000000001
Brazil,2008,0.8400000000000001,1.6
Brazil,2009,1.11,1.66923
Brazil,2010,0.99,3.26154
Brazil,2011,0.43,3.52308
Brazil,2012,0.5800000000000001,2.75385
Brazil,2013,0.23,3.71538
Brazil,2014,0.665,3.45385
Brazil,2015,0.665,2.5
Brazil,2016,1.43,3.53077
Brazil,2017,1.33,4.300000000000001
Brazil,2018,1.305,4.492310000000001
Brazil,2019,2.355,4.61538
Brazil,2020,2.455,4.61538
Brazil,2021,2.48,3.84615
Brazil,2022,2.385,3.723100000000001
Brunei,2007,7.205000000000001,4.230770000000001
Brunei,2008,6.185,1.66154
Brunei,2009,5.420000000000001,1.79231
Brunei,2010,6.455000000000001,3.07692
Brunei,2011,6.77,3.07692
Brunei,2012,7.02,3.07692
Brunei,2013,6.920000000000001,3.07692
Brunei,2014,5.57,2.30769
Brunei,2015,6.920000000000001,2.05385
Brunei,2016,7.170000000000001,2.05385
Brunei,2017,6.57,2.36923
Brunei,2018,6.57,2.36923
Brunei,2019,6.635000000000001,1.21538
Brunei,2020,7.235,1.28462
Brunei,2021,6.505000000000001,1.28462
Brunei,2022,6.470000000000001,1.2154
Bulgaria,2007,4.0,2.18461
Bulgaria,2008,5.850000000000001,3.20769
Bulgaria,2009,3.97,3.97692
Bulgaria,2010,3.29,2.17692
Bulgaria,2011,3.92,4.74615
Bulgaria,2012,5.19,4.423080000000001
Bulgaria,2013,5.355,3.59231
Bulgaria,2014,5.470000000000001,2.82308
Bulgaria,2015,4.955,3.20769
Bulgaria,2016,5.695,2.69231
Bulgaria,2017,5.345000000000001,4.230770000000001
Bulgaria,2018,5.745,4.230770000000001
Bulgaria,2019,5.58,3.96923
Bulgaria,2020,4.48,2.17692
Bulgaria,2021,4.655,2.43077
Bulgaria,2022,4.45,2.6308
Burkina Faso,2007,0.33,1.53846
Burkina Faso,2008,1.08,2.43077
Burkina Faso,2009,0.5800000000000001,1.27692
Burkina Faso,2010,1.345,1.53846
Burkina Faso,2011,0.8300000000000001,2.04615
Burkina Faso,2012,0.8300000000000001,2.04615
Burkina Faso,2013,1.315,3.13846
Burkina Faso,2014,0.415,2.56154
Burkina Faso,2015,1.55,4.87692
Burkina Faso,2016,1.23,6.03077
Burkina Faso,2017,1.75,4.292310000000001
Burkina Faso,2018,1.4,2.75385
Burkina Faso,2019,2.7,5.57692
Burkina Faso,2020,2.685,6.861540000000001
Burkina Faso,2021,2.95,6.22308
Burkina Faso,2022,3.625,6.084600000000001
Burundi,2007,0.43,0.9
Burundi,2008,0.165,2.30769
Burundi,2009,0.165,0.7692300000000001
Burundi,2010,0.7050000000000001,2.17692
Burundi,2011,0.18,1.79231
Burundi,2012,0.18,0.9
Burundi,2013,2.315,1.02308
Burundi,2014,2.9,1.53846
Burundi,2015,2.9,2.04615
Burundi,2016,2.935,1.34615
Burundi,2017,2.44,1.53846
Burundi,2018,3.175,1.98462
Burundi,2019,3.775,1.6
Burundi,2020,2.775,1.73077
Burundi,2021,3.275,2.5
Burundi,2022,3.775,1.0923
Cambodia,2007,2.93,0.7692300000000001
Cambodia,2008,2.885,0.5153800000000001
Cambodia,2009,2.385,0.0
Cambodia,2010,2.735,2.23846
Cambodia,2011,2.435,1.53846
Cambodia,2012,2.435,0.5769200000000001
Cambodia,2013,2.185,0.38461
Cambodia,2014,2.42,0.38461
Cambodia,2015,3.385,0.13077
Cambodia,2016,3.635,1.8
Cambodia,2017,3.215,1.53846
Cambodia,2018,3.965,1.53846
Cambodia,2019,3.465,0.7692300000000001
Cambodia,2020,3.465,0.9
Cambodia,2021,3.43,1.47692
Cambodia,2022,3.8,1.4769
Cameroon,2007,1.13,1.40769
Cameroon,2008,0.25,1.27692
Cameroon,2009,1.255,0.38461
Cameroon,2010,0.5650000000000001,0.38461
Cameroon,2011,2.025,1.27692
Cameroon,2012,1.17,1.34615
Cameroon,2013,1.61,0.5769200000000001
Cameroon,2014,0.395,1.40769
Cameroon,2015,3.205,2.69231
Cameroon,2016,3.04,3.72308
Cameroon,2017,3.225,5.2
Cameroon,2018,2.875,4.230770000000001
Cameroon,2019,3.225,4.869230000000001
Cameroon,2020,2.66,5.51538
Cameroon,2021,2.56,6.03077
Cameroon,2022,3.56,5.515400000000001
Canada,2007,1.015,1.21538
Canada,2008,1.555,2.11538
Canada,2009,1.33,1.47692
Canada,2010,1.605,1.09231
Canada,2011,1.87,1.09231
Canada,2012,1.87,1.34615
Canada,2013,1.205,1.15385
Canada,2014,1.205,1.53846
Canada,2015,1.22,2.30769
Canada,2016,1.22,2.30769
Canada,2017,1.22,2.36923
Canada,2018,1.22,2.30769
Canada,2019,2.03,1.92308
Canada,2020,2.035,1.53846
Canada,2021,2.135,2.43846
Canada,2022,2.415,1.9231
Cape Verde,2007,0.275,0.13077
Cape Verde,2008,0.275,0.0
Cape Verde,2009,0.275,0.0
Cape Verde,2010,0.275,0.0
Cape Verde,2011,0.275,0.0
Cape Verde,2012,0.275,0.0
Cape Verde,2013,0.275,0.38461
Cape Verde,2014,0.39,0.38461
Cape Verde,2015,0.34,0.0
Cape Verde,2016,1.12,0.0
Cape Verde,2017,0.54,0.0
Cape Verde,2018,0.94,0.0
Cape Verde,2019,1.455,0.0
Cape Verde,2020,0.94,0.0
Cape Verde,2021,0.775,0.0
Cape Verde,2022,0.8400000000000001,0.0
Central African Republic,2007,3.7,3.33077
Central African Republic,2008,2.05,2.30769
Central African Republic,2009,4.550000000000001,2.30769
Central African Republic,2010,4.45,4.48461
Central African Republic,2011,4.850000000000001,4.100000000000001
Central African Republic,2012,4.725000000000001,4.48461
Central African Republic,2013,4.215000000000001,7.561540000000001
Central African Republic,2014,2.285,6.923080000000001
Central African Republic,2015,2.91,6.923080000000001
Central African Republic,2016,3.1,6.923080000000001
Central African Republic,2017,2.575,7.692310000000001
Central African Republic,2018,3.51,7.307690000000001
Central African Republic,2019,2.91,6.28462
Central African Republic,2020,2.745,4.100000000000001
Central African Republic,2021,3.455,4.100000000000001
Central African Republic,2022,3.855,4.2308
Chad,2007,4.16,3.33846
Chad,2008,3.65,3.20769
Chad,2009,3.84,0.25385
Chad,2010,6.010000000000001,2.63077
Chad,2011,5.485,2.30769
Chad,2012,4.61,2.18461
Chad,2013,3.015,2.17692
Chad,2014,1.585,0.63846
Chad,2015,2.97,3.20769
Chad,2016,3.505,1.79231
Chad,2017,3.935,2.24615
Chad,2018,3.785,2.05385
Chad,2019,3.685,2.05385
Chad,2020,3.850000000000001,1.98462
Chad,2021,4.550000000000001,1.79231
Chad,2022,3.865,1.6615
Chile,2007,1.155,0.38461
Chile,2008,1.325,1.02308
Chile,2009,1.295,0.7692300000000001
Chile,2010,1.325,1.79231
Chile,2011,1.575,1.79231
Chile,2012,1.325,2.30769
Chile,2013,1.575,1.15385
Chile,2014,1.325,1.15385
Chile,2015,1.295,0.7615400000000001
Chile,2016,2.16,0.7615400000000001
Chile,2017,1.31,1.28462
Chile,2018,1.31,0.7692300000000001
Chile,2019,1.475,0.7692300000000001
Chile,2020,1.735,1.40769
Chile,2021,1.535,1.79231
Chile,2022,1.515,0.9615
China,2007,7.755000000000001,0.89231
China,2008,7.655,2.69231
China,2009,8.24,3.33846
China,2010,7.52,1.98462
China,2011,8.450000000000001,2.17692
China,2012,8.600000000000001,3.59231
China,2013,9.135000000000002,4.361540000000001
China,2014,8.635000000000002,3.33077
China,2015,8.635000000000002,2.94615
China,2016,8.835,1.27692
China,2017,8.860000000000001,1.27692
China,2018,9.335,1.53077
China,2019,9.335,0.5076900000000001
China,2020,9.335,0.13077
China,2021,9.085,0.13077
China,2022,9.085,0.3846000000000001
Colombia,2007,1.82,3.33846
Colombia,2008,2.405,3.07692
Colombia,2009,1.59,3.27692
Colombia,2010,2.755,3.07692
Colombia,2011,2.52,3.46923
Colombia,2012,1.47,3.90769
Colombia,2013,1.57,2.05385
Colombia,2014,1.57,2.18461
Colombia,2015,1.66,1.15385
Colombia,2016,3.09,2.30769
Colombia,2017,2.005,2.17692
Colombia,2018,1.42,3.33846
Colombia,2019,1.42,2.56923
Colombia,2020,1.375,2.24615
Colombia,2021,2.11,1.40769
Colombia,2022,1.085,2.0538
Comoros,2007,5.395,6.15385
Comoros,2008,3.25,5.13077
Comoros,2009,4.32,4.87692
Comoros,2010,3.585,1.02308
Comoros,2011,3.94,1.40769
Comoros,2012,3.175,2.94615
Comoros,2013,4.04,2.94615
Comoros,2014,3.555,2.43077
Comoros,2015,6.12,1.15385
Comoros,2016,6.285,0.5153800000000001
Comoros,2017,7.385000000000001,0.63846
Comoros,2018,5.835000000000001,0.5153800000000001
Comoros,2019,5.37,0.5153800000000001
Comoros,2020,4.62,0.5153800000000001
Comoros,2021,4.455,0.5153800000000001
Comoros,2022,4.29,0.5154000000000001
Costa Rica,2007,1.015,0.0
Costa Rica,2008,2.985,0.7692300000000001
Costa Rica,2009,2.085,0.5076900000000001
Costa Rica,2010,2.585,0.7692300000000001
Costa Rica,2011,3.585,0.5076900000000001
Costa Rica,2012,3.32,0.25385
Costa Rica,2013,3.07,0.13077
Costa Rica,2014,2.555,0.13077
Costa Rica,2015,2.89,0.13077
Costa Rica,2016,3.24,0.13077
Costa Rica,2017,3.24,0.06154
Costa Rica,2018,2.74,0.06154
Costa Rica,2019,2.74,0.06154
Costa Rica,2020,2.74,0.06154
Costa Rica,2021,2.74,0.06154
Costa Rica,2022,2.57,0.0615
Croatia,2007,0.7300000000000001,1.99231
Croatia,2008,2.28,2.36923
Croatia,2009,1.78,1.27692
Croatia,2010,2.67,2.30769
Croatia,2011,2.34,1.79231
Croatia,2012,2.94,2.17692
Croatia,2013,1.54,2.69231
Croatia,2014,1.405,2.17692
Croatia,2015,1.405,0.25385
Croatia,2016,1.655,0.5076900000000001
Croatia,2017,2.44,0.44615
Croatia,2018,2.94,0.63846
Croatia,2019,2.19,0.5076900000000001
Croatia,2020,2.89,0.96154
Croatia,2021,3.375,0.96154
Croatia,2022,2.195,0.1923
Cuba,2007,4.53,0.0
Cuba,2008,4.42,1.27692
Cuba,2009,4.02,1.27692
Cuba,2010,4.81,0.89231
Cuba,2011,5.285,1.53846
Cuba,2012,4.985,0.7692300000000001
Cuba,2013,5.2,0.0
Cuba,2014,4.45,0.5153800000000001
Cuba,2015,4.895,0.0
Cuba,2016,4.96,0.0
Cuba,2017,4.345000000000001,0.19231
Cuba,2018,4.345000000000001,0.06154
Cuba,2019,5.345000000000001,0.19231
Cuba,2020,5.595000000000001,0.19231
Cuba,2021,5.260000000000001,0.96154
Cuba,2022,5.475000000000001,0.9615
Cyprus,2007,1.185,0.9
Cyprus,2008,1.925,2.69231
Cyprus,2009,1.905,1.09231
Cyprus,2010,2.755,3.78461
Cyprus,2011,2.64,5.2
Cyprus,2012,2.115,3.97692
Cyprus,2013,2.45,3.20769
Cyprus,2014,2.56,2.75385
Cyprus,2015,2.285,2.88461
Cyprus,2016,2.7,2.17692
Cyprus,2017,2.45,2.82308
Cyprus,2018,3.3,2.82308
Cyprus,2019,3.2,3.33077
Cyprus,2020,2.865,2.56154
Cyprus,2021,4.065,3.20769
Cyprus,2022,3.15,4.2308
Czech Republic,2007,1.03,1.16154
Czech Republic,2008,1.235,1.28461
Czech Republic,2009,2.17,1.27692
Czech Republic,2010,1.085,1.27692
Czech Republic,2011,1.485,2.17692
Czech Republic,2012,1.75,1.53846
Czech Republic,2013,1.07,2.69231
Czech Republic,2014,2.45,2.04615
Czech Republic,2015,2.215,2.04615
Czech Republic,2016,2.45,1.27692
Czech Republic,2017,3.28,2.56154
Czech Republic,2018,2.78,1.92308
Czech Republic,2019,2.415,1.02308
Czech Republic,2020,2.315,1.79231
Czech Republic,2021,2.315,1.6
Czech Republic,2022,2.665,1.9846
Democratic Republic of the Congo,2007,1.295,2.63077
Democratic Republic of the Congo,2008,2.06,4.038460000000001
Democratic Republic of the Congo,2009,0.7100000000000001,3.07692
Democratic Republic of the Congo,2010,2.84,2.94615
Democratic Republic of the Congo,2011,2.07,3.71538
Democratic Republic of the Congo,2012,1.15,3.20769
Democratic Republic of the Congo,2013,1.115,2.30769
Democratic Republic of the Congo,2014,1.2,1.02308
Democratic Republic of the Congo,2015,2.41,3.07692
Democratic Republic of the Congo,2016,1.91,4.361540000000001
Democratic Republic of the Congo,2017,3.03,3.97692
Democratic Republic of the Congo,2018,3.03,4.492310000000001
Democratic Republic of the Congo,2019,1.37,3.07692
Democratic Republic of the Congo,2020,2.285,3.78462
Democratic Republic of the Congo,2021,1.17,5.384620000000001
Democratic Republic of the Congo,2022,2.6,3.4615
Denmark,2007,2.485,1.21538
Denmark,2008,2.385,3.01538
Denmark,2009,3.05,4.553850000000001
Denmark,2010,3.415,2.05385
Denmark,2011,3.735,1.66923
Denmark,2012,3.05,1.99231
Denmark,2013,3.185,2.37692
Denmark,2014,3.52,2.88461
Denmark,2015,3.705000000000001,4.230770000000001
Denmark,2016,4.12,4.361540000000001
Denmark,2017,3.97,4.361540000000001
Denmark,2018,4.735,3.58462
Denmark,2019,4.135000000000001,3.71538
Denmark,2020,4.435,4.35385
Denmark,2021,4.4,3.46154
Denmark,2022,3.8,3.2692
Djibouti,2007,2.365,1.79231
Djibouti,2008,0.8400000000000001,2.56154
Djibouti,2009,1.565,1.27692
Djibouti,2010,2.13,0.5076900000000001
Djibouti,2011,2.635,0.38461
Djibouti,2012,4.15,0.38461
Djibouti,2013,5.07,1.15385
Djibouti,2014,4.015000000000001,3.01538
Djibouti,2015,3.42,1.66923
Djibouti,2016,4.385000000000001,1.66923
Djibouti,2017,4.0,1.6
Djibouti,2018,3.9,1.6
Djibouti,2019,3.58,0.44615
Djibouti,2020,4.245,0.44615
Djibouti,2021,3.745,0.44615
Djibouti,2022,3.745,1.9846
Dominica,2007,0.7500000000000001,0.25385
Dominica,2008,0.8500000000000001,0.25385
Dominica,2009,1.05,0.38461
Dominica,2010,0.8500000000000001,0.38461
Dominica,2011,1.31,0.13077
Dominica,2012,1.135,0.13077
Dominica,2013,1.285,0.0
Dominica,2014,1.45,0.0
Dominica,2015,1.81,0.0
Dominica,2016,2.06,0.0
Dominica,2017,1.645,0.0
Dominica,2018,1.645,0.0
Dominica,2019,2.395,0.0
Dominica,2020,2.23,0.38462
Dominica,2021,2.395,0.0
Dominica,2022,1.265,0.0
Dominican Republic,2007,0.5650000000000001,0.0
Dominican Republic,2008,0.43,0.0
Dominican Republic,2009,1.03,0.0
Dominican Republic,2010,0.5950000000000001,0.0
Dominican Republic,2011,0.9,0.0
Dominican Republic,2012,0.9,0.0
Dominican Republic,2013,1.2,0.0
Dominican Republic,2014,1.285,0.0
Dominican Republic,2015,1.45,0.0
Dominican Republic,2016,1.735,0.0
Dominican Republic,2017,1.315,0.0
Dominican Republic,2018,1.315,0.0
Dominican Republic,2019,1.485,0.0
Dominican Republic,2020,1.35,0.0
Dominican Republic,2021,1.615,0.06154
Dominican Republic,2022,1.485,0.0615
Ecuador,2007,1.1,0.64615
Ecuador,2008,1.415,0.64615
Ecuador,2009,0.675,0.0
Ecuador,2010,0.8400000000000001,0.0
Ecuador,2011,0.805,0.13077
Ecuador,2012,0.805,0.38461
Ecuador,2013,0.68,0.13077
Ecuador,2014,0.8450000000000001,0.25385
Ecuador,2015,1.645,0.13077
Ecuador,2016,2.115,0.5153800000000001
Ecuador,2017,2.45,0.44615
Ecuador,2018,2.2,0.38462
Ecuador,2019,2.54,0.19231
Ecuador,2020,2.04,0.06154
Ecuador,2021,1.625,0.7692300000000001
Ecuador,2022,1.29,0.0615
Egypt,2007,7.185,6.09231
Egypt,2008,8.07,6.984610000000001
Egypt,2009,8.57,7.369230000000001
Egypt,2010,8.735000000000001,7.561540000000001
Egypt,2011,8.885000000000002,7.630770000000001
Egypt,2012,8.785,8.26923
Egypt,2013,8.235000000000001,7.692310000000001
Egypt,2014,8.270000000000001,6.792310000000001
Egypt,2015,8.67,7.18461
Egypt,2016,7.870000000000001,8.461540000000001
Egypt,2017,8.035,8.461540000000001
Egypt,2018,7.670000000000001,7.500000000000001
Egypt,2019,8.370000000000001,6.476920000000001
Egypt,2020,7.335000000000001,7.369230000000001
Egypt,2021,7.605,7.884620000000001
Egypt,2022,8.370000000000001,7.3692
El Salvador,2007,0.5750000000000001,0.38461
El Salvador,2008,1.2,0.38461
El Salvador,2009,1.44,0.0
El Salvador,2010,1.44,0.0
El Salvador,2011,1.66,0.0
El Salvador,2012,1.475,0.0
El Salvador,2013,1.46,0.0
El Salvador,2014,1.44,0.0
El Salvador,2015,1.69,0.13077
El Salvador,2016,2.045,0.13077
El Salvador,2017,2.045,0.96154
El Salvador,2018,2.31,3.07692
El Salvador,2019,2.325,2.82308
El Salvador,2020,2.325,2.17692
El Salvador,2021,2.725,1.15385
El Salvador,2022,2.175,1.6
Equatorial Guinea,2007,2.645,0.0
Equatorial Guinea,2008,1.785,0.0
Equatorial Guinea,2009,1.74,0.0
Equatorial Guinea,2010,2.39,0.0
Equatorial Guinea,2011,2.52,0.0
Equatorial Guinea,2012,2.585,0.0
Equatorial Guinea,2013,2.085,0.0
Equatorial Guinea,2014,3.635,0.0
Equatorial Guinea,2015,3.87,0.9
Equatorial Guinea,2016,2.87,0.7692300000000001
Equatorial Guinea,2017,3.305,0.7692300000000001
Equatorial Guinea,2018,3.305,0.0
Equatorial Guinea,2019,3.305,0.0
Equatorial Guinea,2020,4.100000000000001,0.0
Equatorial Guinea,2021,3.635,0.0
Equatorial Guinea,2022,4.365,0.7692000000000001
Eritrea,2007,7.035,0.38461
Eritrea,2008,7.135000000000001,0.7692300000000001
Eritrea,2009,7.920000000000001,0.5769200000000001
Eritrea,2010,7.685,0.5769200000000001
Eritrea,2011,7.285000000000001,0.5769200000000001
Eritrea,2012,7.9,0.19231
Eritrea,2013,6.9,0.19231
Eritrea,2014,6.470000000000001,0.0
Eritrea,2015,6.685,0.0
Eritrea,2016,7.435,0.13077
Eritrea,2017,7.550000000000001,0.0
Eritrea,2018,7.65,0.19231
Eritrea,2019,6.65,0.06154
Eritrea,2020,6.735,0.0
Eritrea,2021,6.535,0.06154
Eritrea,2022,6.37,0.0615
Estonia,2007,1.12,0.7692300000000001
Estonia,2008,0.895,0.64615
Estonia,2009,0.95,0.25385
Estonia,2010,1.41,0.7692300000000001
Estonia,2011,1.22,0.38461
Estonia,2012,1.37,0.25385
Estonia,2013,1.385,0.0
Estonia,2014,1.385,0.38461
Estonia,2015,1.16,0.38461
Estonia,2016,1.16,1.02308
Estonia,2017,1.16,0.8307700000000001
Estonia,2018,0.91,0.44615
Estonia,2019,1.36,0.44615
Estonia,2020,1.36,0.44615
Estonia,2021,1.325,0.44615
Estonia,2022,1.195,0.0615
Eswatini,2007,1.475,0.0
Eswatini,2008,1.695,0.0
Eswatini,2009,1.575,1.8
Eswatini,2010,2.4,0.5076900000000001
Eswatini,2011,2.405,3.07692
Eswatini,2012,2.14,2.95385
Eswatini,2013,2.075,3.07692
Eswatini,2014,2.075,2.04615
Eswatini,2015,2.155,1.53077
Eswatini,2016,2.905,0.63846
Eswatini,2017,2.405,0.31538
Eswatini,2018,2.235,0.31538
Eswatini,2019,2.575,0.44615
Eswatini,2020,2.575,0.06154
Eswatini,2021,2.575,0.06154
Eswatini,2022,3.495,0.8308000000000001
Ethiopia,2007,2.565,5.253850000000001
Ethiopia,2008,2.85,3.20769
Ethiopia,2009,3.45,5.061540000000001
Ethiopia,2010,4.25,4.93846
Ethiopia,2011,4.885000000000001,6.730770000000001
Ethiopia,2012,5.335000000000001,5.32308
Ethiopia,2013,4.615,4.80769
Ethiopia,2014,3.565,3.20769
Ethiopia,2015,3.085,1.98462
Ethiopia,2016,4.685,2.5
Ethiopia,2017,4.055000000000001,3.91538
Ethiopia,2018,3.89,5.19231
Ethiopia,2019,3.385,6.02308
Ethiopia,2020,4.125,4.48462
Ethiopia,2021,3.905,4.74615
Ethiopia,2022,3.735,4.2923
Federated States of Micronesia,2007,0.2,0.0
Federated States of Micronesia,2008,0.18,0.0
Federated States of Micronesia,2009,0.18,0.0
Federated States of Micronesia,2010,0.2,0.0
Federated States of Micronesia,2011,0.18,0.0
Federated States of Micronesia,2012,0.23,0.0
Federated States of Micronesia,2013,0.2,0.0
Federated States of Micronesia,2014,0.18,0.0
Federated States of Micronesia,2015,0.45,0.0
Federated States of Micronesia,2016,0.45,0.5153800000000001
Federated States of Micronesia,2017,0.7000000000000001,0.44615
Federated States of Micronesia,2018,0.975,0.44615
Federated States of Micronesia,2019,0.25,0.44615
Federated States of Micronesia,2020,0.415,1.08462
Federated States of Micronesia,2021,0.415,1.21538
Federated States of Micronesia,2022,0.415,0.0615
Fiji,2007,0.8700000000000001,2.56923
Fiji,2008,0.46,1.15385
Fiji,2009,0.8600000000000001,1.15385
Fiji,2010,2.95,0.89231
Fiji,2011,2.025,0.7692300000000001
Fiji,2012,2.25,1.66154
Fiji,2013,1.915,1.91538
Fiji,2014,2.78,1.91538
Fiji,2015,1.535,0.38461
Fiji,2016,1.785,0.63846
Fiji,2017,1.535,0.19231
Fiji,2018,1.535,0.19231
Fiji,2019,1.535,1.09231
Fiji,2020,2.785,0.96154
Fiji,2021,2.285,0.96154
Fiji,2022,2.2,0.4462
Finland,2007,0.5800000000000001,0.7692300000000001
Finland,2008,0.965,0.63846
Finland,2009,1.315,0.38461
Finland,2010,1.065,0.0
Finland,2011,1.65,1.15385
Finland,2012,1.635,1.92308
Finland,2013,2.315,0.13077
Finland,2014,1.315,0.13077
Finland,2015,2.01,1.15385
Finland,2016,2.45,2.04615
Finland,2017,2.64,1.66923
Finland,2018,2.575,2.17692
Finland,2019,2.475,2.94615
Finland,2020,3.31,3.71538
Finland,2021,3.485,4.738460000000001
Finland,2022,3.45,3.7154
France,2007,3.32,3.4
France,2008,3.435,2.63077
France,2009,5.260000000000001,3.01538
France,2010,4.090000000000001,5.13077
France,2011,3.895,5.38461
France,2012,4.29,6.476920000000001
France,2013,4.175000000000001,5.13077
France,2014,4.375,5.38461
France,2015,5.16,5.13077
France,2016,5.24,5.9
France,2017,4.86,5.95385
France,2018,4.975000000000001,5.384620000000001
France,2019,4.625,3.46154
France,2020,5.375,4.74615
France,2021,5.375,5.51538
France,2022,6.03,5.9
Gabon,2007,1.71,0.13077
Gabon,2008,0.935,0.25385
Gabon,2009,1.755,0.25385
Gabon,2010,1.875,0.7692300000000001
Gabon,2011,1.565,0.5153800000000001
Gabon,2012,1.2,1.02308
Gabon,2013,0.535,1.02308
Gabon,2014,1.015,0.0
Gabon,2015,0.95,0.7692300000000001
Gabon,2016,0.55,0.7692300000000001
Gabon,2017,0.95,1.08462
Gabon,2018,1.12,1.02308
Gabon,2019,1.12,1.02308
Gabon,2020,1.22,0.7692300000000001
Gabon,2021,0.785,0.7692300000000001
Gabon,2022,0.8500000000000001,0.0
Gambia,2007,0.535,0.7692300000000001
Gambia,2008,1.12,1.41538
Gambia,2009,1.075,0.25385
Gambia,2010,1.76,0.5153800000000001
Gambia,2011,1.715,0.0
Gambia,2012,1.645,0.0
Gambia,2013,1.845,0.25385
Gambia,2014,1.755,0.63846
Gambia,2015,1.655,1.79231
Gambia,2016,3.76,3.07692
Gambia,2017,0.7350000000000001,3.00769
Gambia,2018,0.8850000000000001,2.23846
Gambia,2019,1.135,1.85385
Gambia,2020,1.48,0.31538
Gambia,2021,0.94,0.7000000000000001
Gambia,2022,1.035,2.5
Georgia,2007,2.175,4.74615
Georgia,2008,3.455,3.72308
Georgia,2009,2.445,2.56923
Georgia,2010,2.935,4.100000000000001
Georgia,2011,2.045,4.48461
Georgia,2012,2.775,6.15385
Georgia,2013,3.14,4.492310000000001
Georgia,2014,3.605,4.68461
Georgia,2015,4.21,4.169230000000001
Georgia,2016,3.71,4.48461
Georgia,2017,3.46,3.13846
Georgia,2018,3.46,4.292310000000001
Georgia,2019,3.625,3.2
Georgia,2020,3.875,2.94615
Georgia,2021,3.815,3.78462
Georgia,2022,3.815,4.553800000000001
Germany,2007,3.1,2.12308
Germany,2008,3.2,2.88461
Germany,2009,2.985,3.65385
Germany,2010,4.035,5.32308
Germany,2011,3.45,5.0
Germany,2012,3.765,5.57692
Germany,2013,4.470000000000001,4.292310000000001
Germany,2014,3.35,2.5
Germany,2015,3.68,5.253850000000001
Germany,2016,2.98,6.792310000000001
Germany,2017,3.15,7.053850000000001
Germany,2018,3.315,5.76923
Germany,2019,3.15,5.9
Germany,2020,3.25,3.97692
Germany,2021,2.815,4.100000000000001
Germany,2022,3.0,3.9077
Ghana,2007,1.18,4.87692
Ghana,2008,0.47,3.72308
Ghana,2009,0.8450000000000001,3.46154
Ghana,2010,0.97,2.56923
Ghana,2011,0.43,2.18461
Ghana,2012,0.8,3.84615
Ghana,2013,1.325,2.69231
Ghana,2014,0.78,1.02308
Ghana,2015,1.96,1.15385
Ghana,2016,1.61,2.69231
Ghana,2017,1.595,2.63077
Ghana,2018,1.625,2.63077
Ghana,2019,1.57,1.86154
Ghana,2020,1.57,2.63077
Ghana,2021,1.135,2.23846
Ghana,2022,0.77,1.0846
Greece,2007,5.205,4.361540000000001
Greece,2008,4.52,2.82308
Greece,2009,3.95,3.07692
Greece,2010,5.455,4.100000000000001
Greece,2011,5.420000000000001,5.0
Greece,2012,5.02,6.538460000000001
Greece,2013,4.37,5.253850000000001
Greece,2014,4.415,4.100000000000001
Greece,2015,4.155,3.2
Greece,2016,4.535,3.46154
Greece,2017,4.27,5.13077
Greece,2018,3.92,5.51538
Greece,2019,4.355,3.07692
Greece,2020,3.92,2.17692
Greece,2021,4.17,0.5769200000000001
Greece,2022,5.435,1.0231
Grenada,2007,0.5,0.0
Grenada,2008,0.5,0.0
Grenada,2009,0.515,0.0
Grenada,2010,0.785,0.7692300000000001
Grenada,2011,0.785,0.0
Grenada,2012,0.785,0.0
Grenada,2013,0.8150000000000001,0.0
Grenada,2014,0.8150000000000001,0.0
Grenada,2015,1.91,0.0
Grenada,2016,2.245,0.0
Grenada,2017,2.23,0.0
Grenada,2018,1.995,0.0
Grenada,2019,1.995,0.0
Grenada,2020,1.995,0.0
Grenada,2021,1.66,0.0
Grenada,2022,1.66,0.0
Guatemala,2007,1.225,1.02308
Guatemala,2008,0.8150000000000001,1.27692
Guatemala,2009,0.8900000000000001,1.15385
Guatemala,2010,1.005,0.25385
Guatemala,2011,1.255,0.25385
Guatemala,2012,1.255,0.5076900000000001
Guatemala,2013,1.89,1.15385
Guatemala,2014,2.09,1.15385
Guatemala,2015,1.675,2.17692
Guatemala,2016,2.275,1.27692
Guatemala,2017,2.19,0.44615
Guatemala,2018,2.29,1.21538
Guatemala,2019,1.935,0.96154
Guatemala,2020,1.935,2.17692
Guatemala,2021,2.685,2.17692
Guatemala,2022,3.205,2.7615
Guinea,2007,1.535,1.66923
Guinea,2008,1.14,3.20769
Guinea,2009,1.61,0.0
Guinea,2010,2.91,1.92308
Guinea,2011,2.66,2.05385
Guinea,2012,2.895,4.48461
Guinea,2013,2.135,1.66154
Guinea,2014,3.445,3.33077
Guinea,2015,2.915,4.100000000000001
Guinea,2016,2.58,3.07692
Guinea,2017,2.545,3.91538
Guinea,2018,2.57,3.20769
Guinea,2019,2.57,2.68462
Guinea,2020,3.27,3.46154
Guinea,2021,3.09,3.46154
Guinea,2022,3.135,3.3308
Guinea-Bissau,2007,1.55,0.0
Guinea-Bissau,2008,0.33,0.9
Guinea-Bissau,2009,0.33,0.0
Guinea-Bissau,2010,0.33,1.15385
Guinea-Bissau,2011,0.33,1.53846
Guinea-Bissau,2012,0.33,1.53846
Guinea-Bissau,2013,0.8300000000000001,0.0
Guinea-Bissau,2014,0.43,0.0
Guinea-Bissau,2015,0.43,0.7692300000000001
Guinea-Bissau,2016,0.33,0.7692300000000001
Guinea-Bissau,2017,0.4450000000000001,0.7692300000000001
Guinea-Bissau,2018,0.6950000000000001,0.7692300000000001
Guinea-Bissau,2019,0.6950000000000001,1.08462
Guinea-Bissau,2020,0.4450000000000001,1.08462
Guinea-Bissau,2021,0.795,1.21538
Guinea-Bissau,2022,1.76,0.8308000000000001
Guyana,2007,0.7400000000000001,0.0
Guyana,2008,0.5750000000000001,0.0
Guyana,2009,0.5,0.0
Guyana,2010,2.055,0.0
Guyana,2011,1.355,0.0
Guyana,2012,1.13,0.0
Guyana,2013,1.23,0.0
Guyana,2014,1.23,0.0
Guyana,2015,1.325,0.0
Guyana,2016,1.325,0.0
Guyana,2017,2.455,0.0
Guyana,2018,2.455,0.0
Guyana,2019,2.455,0.0
Guyana,2020,2.455,0.0
Guyana,2021,3.055,0.0
Guyana,2022,1.475,0.0
Haiti,2007,1.755,0.63846
Haiti,2008,0.7400000000000001,1.66154
Haiti,2009,0.775,0.38461
Haiti,2010,0.79,2.17692
Haiti,2011,1.61,1.66154
Haiti,2012,1.89,1.79231
Haiti,2013,1.475,2.18461
Haiti,2014,1.86,0.64615
Haiti,2015,1.925,1.15385
Haiti,2016,2.275,2.81538
Haiti,2017,2.69,1.85385
Haiti,2018,2.94,1.98462
Haiti,2019,2.155,3.13846
Haiti,2020,2.355,3.07692
Haiti,2021,2.805,4.738460000000001
Haiti,2022,2.175,3.9692
Honduras,2007,1.325,0.25385
Honduras,2008,0.8200000000000001,0.5076900000000001
Honduras,2009,2.705,0.25385
Honduras,2010,1.625,0.7692300000000001
Honduras,2011,2.435,0.63846
Honduras,2012,2.18,0.25385
Honduras,2013,2.015,0.25385
Honduras,2014,2.595,0.13077
Honduras,2015,2.525,0.9
Honduras,2016,2.775,1.15385
Honduras,2017,3.275,1.40769
Honduras,2018,2.025,1.40769
Honduras,2019,2.025,2.43077
Honduras,2020,2.025,2.37692
Honduras,2021,1.69,3.13846
Honduras,2022,1.08,2.3692
Hong Kong,2007,0.985,0.7692300000000001
Hong Kong,2008,1.95,0.5153800000000001
Hong Kong,2009,2.4,0.0
Hong Kong,2010,1.185,0.0
Hong Kong,2011,2.1,0.5076900000000001
Hong Kong,2012,2.585,1.15385
Hong Kong,2013,2.935,2.17692
Hong Kong,2014,2.26,0.38461
Hong Kong,2015,1.935,2.05385
Hong Kong,2016,1.935,0.38461
Hong Kong,2017,1.77,0.25385
Hong Kong,2018,1.77,0.31538
Hong Kong,2019,1.77,0.32308
Hong Kong,2020,1.87,0.19231
Hong Kong,2021,3.785,1.09231
Hong Kong,2022,3.655,0.0615
Hungary,2007,0.265,1.02308
Hungary,2008,0.65,2.43846
Hungary,2009,0.625,1.15385
Hungary,2010,0.7500000000000001,2.82308
Hungary,2011,1.03,2.04615
Hungary,2012,2.42,2.69231
Hungary,2013,2.855,2.43846
Hungary,2014,2.755,2.17692
Hungary,2015,2.185,1.92308
Hungary,2016,3.315,2.56154
Hungary,2017,3.35,3.71538
Hungary,2018,2.65,3.71538
Hungary,2019,2.75,3.07692
Hungary,2020,3.1,2.04615
Hungary,2021,2.285,2.04615
Hungary,2022,2.015,1.4077
Iceland,2007,2.57,0.38461
Iceland,2008,2.335,1.79231
Iceland,2009,1.835,1.27692
Iceland,2010,2.835,1.15385
Iceland,2011,2.135,0.38461
Iceland,2012,3.165,1.15385
Iceland,2013,3.385,0.64615
Iceland,2014,2.55,1.02308
Iceland,2015,3.635,0.25385
Iceland,2016,3.655,0.13077
Iceland,2017,3.67,0.06154
Iceland,2018,3.67,0.19231
Iceland,2019,3.67,0.96154
Iceland,2020,3.62,1.73077
Iceland,2021,3.605,1.6
Iceland,2022,3.635,0.1923
India,2007,4.825,8.846150000000002
India,2008,5.755000000000001,8.846150000000002
India,2009,4.975000000000001,8.846150000000002
India,2010,5.31,9.03846
India,2011,5.125,9.55385
India,2012,5.475000000000001,9.61538
India,2013,5.025,8.976920000000002
India,2014,4.510000000000001,7.94615
India,2015,5.06,8.715380000000001
India,2016,5.11,9.67692
India,2017,5.380000000000001,9.48462
India,2018,5.880000000000001,9.61538
India,2019,5.58,9.1
India,2020,5.750000000000001,9.42308
India,2021,5.550000000000001,8.65385
India,2022,6.415000000000001,9.2923
Indonesia,2007,6.195,8.26923
Indonesia,2008,7.405,7.246150000000001
Indonesia,2009,6.970000000000001,8.13846
Indonesia,2010,8.565000000000001,7.18461
Indonesia,2011,8.180000000000001,8.715380000000001
Indonesia,2012,8.295,8.52308
Indonesia,2013,8.545,7.753850000000001
Indonesia,2014,7.870000000000001,7.053850000000001
Indonesia,2015,7.620000000000001,5.38461
Indonesia,2016,8.47,5.51538
Indonesia,2017,7.920000000000001,5.9
Indonesia,2018,7.705000000000001,6.669230000000001
Indonesia,2019,7.905,4.74615
Indonesia,2020,7.870000000000001,5.51538
Indonesia,2021,7.370000000000001,5.83846
Indonesia,2022,7.855,4.7462
Iran,2007,7.920000000000001,5.96154
Iran,2008,8.655000000000001,4.423080000000001
Iran,2009,7.970000000000001,6.669230000000001
Iran,2010,7.935,5.0
Iran,2011,8.82,5.9
Iran,2012,8.885000000000002,5.44615
Iran,2013,8.600000000000001,5.19231
Iran,2014,8.035,4.48461
Iran,2015,8.505,3.2
Iran,2016,8.505,3.52308
Iran,2017,8.370000000000001,2.56154
Iran,2018,8.47,2.56154
Iran,2019,8.120000000000001,1.53846
Iran,2020,8.155000000000001,1.92308
Iran,2021,8.155000000000001,2.75385
Iran,2022,8.200000000000001,5.5769
Iraq,2007,5.07,10.0
Iraq,2008,5.105,9.03846
Iraq,2009,5.44,9.23077
Iraq,2010,4.585,8.330770000000001
Iraq,2011,5.005000000000001,8.461540000000001
Iraq,2012,6.790000000000001,9.03846
Iraq,2013,6.390000000000001,7.438460000000001
Iraq,2014,6.37,8.461540000000001
Iraq,2015,7.305000000000001,8.90769
Iraq,2016,6.755000000000001,8.90769
Iraq,2017,6.405,8.78462
Iraq,2018,7.155,9.1
Iraq,2019,7.055000000000001,7.692310000000001
Iraq,2020,5.955,7.307690000000001
Iraq,2021,6.455000000000001,6.15385
Iraq,2022,6.655,7.823100000000001
Ireland,2007,0.6000000000000001,0.38461
Ireland,2008,1.875,1.02308
Ireland,2009,0.6000000000000001,0.5769200000000001
Ireland,2010,0.6000000000000001,0.0
Ireland,2011,1.1,0.63846
Ireland,2012,1.12,1.92308
Ireland,2013,1.45,1.79231
Ireland,2014,0.8,2.43077
Ireland,2015,1.025,1.27692
Ireland,2016,0.795,1.79231
Ireland,2017,0.975,1.21538
Ireland,2018,0.99,1.40769
Ireland,2019,1.465,3.07692
Ireland,2020,0.965,2.43077
Ireland,2021,0.96,2.10769
Ireland,2022,1.225,1.0846
Israel,2007,3.92,7.823080000000001
Israel,2008,5.105,6.861540000000001
Israel,2009,4.255000000000001,7.823080000000001
Israel,2010,6.055000000000001,7.94615
Israel,2011,5.955,8.90769
Israel,2012,6.485,9.361540000000002
Israel,2013,5.705,9.03846
Israel,2014,5.505000000000001,9.1
Israel,2015,6.02,8.207690000000001
Israel,2016,6.52,7.692310000000001
Israel,2017,5.52,7.307690000000001
Israel,2018,5.95,8.461540000000001
Israel,2019,5.95,7.500000000000001
Israel,2020,6.45,8.01538
Israel,2021,5.715000000000001,8.207690000000001
Israel,2022,6.665000000000001,7.1154
Italy,2007,1.99,1.86154
Italy,2008,2.31,2.37692
Italy,2009,2.095,2.43077
Italy,2010,2.56,3.33077
Italy,2011,2.78,4.038460000000001
Italy,2012,2.595,5.70769
Italy,2013,1.995,3.65385
Italy,2014,2.31,5.13077
Italy,2015,2.965,4.80769
Italy,2016,3.03,5.123080000000001
Italy,2017,2.93,4.992310000000001
Italy,2018,2.93,2.81538
Italy,2019,2.93,1.66154
Italy,2020,2.93,2.94615
Italy,2021,2.93,3.07692
Italy,2022,3.12,3.6538
Ivory Coast,2007,1.895,3.14615
Ivory Coast,2008,2.28,4.292310000000001
Ivory Coast,2009,1.99,0.7692300000000001
Ivory Coast,2010,1.98,3.71538
Ivory Coast,2011,3.695,4.93846
Ivory Coast,2012,1.01,3.46154
Ivory Coast,2013,0.7000000000000001,0.7692300000000001
Ivory Coast,2014,1.275,0.38461
Ivory Coast,2015,0.92,0.5769200000000001
Ivory Coast,2016,1.65,1.53846
Ivory Coast,2017,1.0,0.25385
Ivory Coast,2018,1.25,0.44615
Ivory Coast,2019,1.435,0.96154
Ivory Coast,2020,1.285,1.40769
Ivory Coast,2021,1.17,1.40769
Ivory Coast,2022,1.95,1.8
Jamaica,2007,0.99,0.0
Jamaica,2008,0.7150000000000001,0.25385
Jamaica,2009,1.285,0.0
Jamaica,2010,1.43,0.38461
Jamaica,2011,1.8,0.38461
Jamaica,2012,1.835,0.38461
Jamaica,2013,1.2,0.38461
Jamaica,2014,1.215,0.38461
Jamaica,2015,1.41,0.38461
Jamaica,2016,1.41,0.13077
Jamaica,2017,1.41,0.44615
Jamaica,2018,1.41,0.06154
Jamaica,2019,2.075,0.06154
Jamaica,2020,1.95,0.06154
Jamaica,2021,2.35,0.8307700000000001
Jamaica,2022,2.75,0.8308000000000001
Japan,2007,0.165,0.44615
Japan,2008,0.5,2.5
Japan,2009,0.18,0.44615
Japan,2010,1.95,3.13846
Japan,2011,1.915,3.00769
Japan,2012,0.68,2.81538
Japan,2013,1.095,2.36923
Japan,2014,0.68,1.40769
Japan,2015,0.765,2.63077
Japan,2016,0.765,1.86154
Japan,2017,0.93,0.25385
Japan,2018,0.765,0.06154
Japan,2019,0.765,0.06154
Japan,2020,0.515,0.06154
Japan,2021,0.8,0.06154
Japan,2022,0.5950000000000001,1.0923
Jordan,2007,4.57,3.52308
Jordan,2008,6.07,5.061540000000001
Jordan,2009,4.640000000000001,5.0
Jordan,2010,6.455000000000001,5.13077
Jordan,2011,6.035,5.44615
Jordan,2012,5.705,5.061540000000001
Jordan,2013,6.205,2.94615
Jordan,2014,5.49,5.0
Jordan,2015,5.600000000000001,3.78461
Jordan,2016,5.850000000000001,3.97692
Jordan,2017,5.300000000000001,3.4
Jordan,2018,4.9,3.84615
Jordan,2019,4.9,3.58462
Jordan,2020,4.800000000000001,3.58462
Jordan,2021,5.470000000000001,3.58462
Jordan,2022,6.035,5.769200000000001
Kazakhstan,2007,5.625000000000001,3.13846
Kazakhstan,2008,4.29,2.62308
Kazakhstan,2009,4.985,1.98462
Kazakhstan,2010,5.705,1.21538
Kazakhstan,2011,5.735,1.73077
Kazakhstan,2012,6.735,1.92308
Kazakhstan,2013,5.955,1.02308
Kazakhstan,2014,7.52,1.27692
Kazakhstan,2015,6.705000000000001,2.24615
Kazakhstan,2016,7.535000000000001,1.73077
Kazakhstan,2017,7.120000000000001,0.8307700000000001
Kazakhstan,2018,6.955000000000001,1.21538
Kazakhstan,2019,6.985,1.98462
Kazakhstan,2020,6.985,2.63077
Kazakhstan,2021,6.955000000000001,1.6
Kazakhstan,2022,6.290000000000001,2.2462
Kenya,2007,2.885,2.43846
Kenya,2008,2.935,6.923080000000001
Kenya,2009,3.78,2.95385
Kenya,2010,4.735,6.669230000000001
Kenya,2011,5.145,7.176920000000001
Kenya,2012,3.99,8.338460000000001
Kenya,2013,3.395,7.307690000000001
Kenya,2014,3.59,7.053850000000001
Kenya,2015,3.335,6.669230000000001
Kenya,2016,3.335,6.792310000000001
Kenya,2017,3.335,6.538460000000001
Kenya,2018,3.235,6.407690000000001
Kenya,2019,3.065,6.35385
Kenya,2020,3.165,5.96154
Kenya,2021,3.52,4.423080000000001
Kenya,2022,3.165,4.423100000000001
Kiribati,2007,0.335,0.7692300000000001
Kiribati,2008,0.775,1.66154
Kiribati,2009,0.8350000000000001,1.02308
Kiribati,2010,0.5,0.7692300000000001
Kiribati,2011,0.5,1.53846
Kiribati,2012,0.5,0.7692300000000001
Kiribati,2013,0.8600000000000001,0.5153800000000001
Kiribati,2014,0.8500000000000001,0.0
Kiribati,2015,0.895,0.38461
Kiribati,2016,0.91,1.28461
Kiribati,2017,0.895,1.21538
Kiribati,2018,0.925,1.21538
Kiribati,2019,0.895,1.21538
Kiribati,2020,1.125,1.21538
Kiribati,2021,1.375,1.21538
Kiribati,2022,1.375,1.0846
Kosovo,2007,1.86,2.43846
Kosovo,2008,2.195,3.01538
Kosovo,2009,1.545,2.82308
Kosovo,2010,1.68,3.65385
Kosovo,2011,1.82,5.19231
Kosovo,2012,1.505,6.730770000000001
Kosovo,2013,2.515,5.31538
Kosovo,2014,2.645,5.061540000000001
Kosovo,2015,3.235,3.77692
Kosovo,2016,3.085,3.77692
Kosovo,2017,2.735,4.35385
Kosovo,2018,2.35,4.100000000000001
Kosovo,2019,2.85,3.06923
Kosovo,2020,2.835,2.56154
Kosovo,2021,2.835,2.68462
Kosovo,2022,2.9,2.7538
Kuwait,2007,4.755000000000001,1.85385
Kuwait,2008,5.255000000000001,3.66154
Kuwait,2009,5.755000000000001,0.38461
Kuwait,2010,4.720000000000001,1.73077
Kuwait,2011,5.455,3.65385
Kuwait,2012,5.105,4.292310000000001
Kuwait,2013,5.37,3.64615
Kuwait,2014,5.37,3.52308
Kuwait,2015,5.87,3.06923
Kuwait,2016,6.37,1.92308
Kuwait,2017,6.12,1.91538
Kuwait,2018,5.62,1.46923
Kuwait,2019,6.205,0.7000000000000001
Kuwait,2020,5.855,1.85385
Kuwait,2021,5.605,1.85385
Kuwait,2022,5.705,1.6615
Kyrgyzstan,2007,3.885,5.45385
Kyrgyzstan,2008,3.505,5.70769
Kyrgyzstan,2009,5.600000000000001,2.5
Kyrgyzstan,2010,6.49,5.061540000000001
Kyrgyzstan,2011,6.16,4.87692
Kyrgyzstan,2012,6.52,5.0
Kyrgyzstan,2013,5.735,1.92308
Kyrgyzstan,2014,5.970000000000001,1.99231
Kyrgyzstan,2015,6.365,4.292310000000001
Kyrgyzstan,2016,6.465000000000001,5.19231
Kyrgyzstan,2017,5.715000000000001,4.038460000000001
Kyrgyzstan,2018,6.500000000000001,4.553850000000001
Kyrgyzstan,2019,6.600000000000001,2.24615
Kyrgyzstan,2020,5.7,1.6
Kyrgyzstan,2021,5.7,3.07692
Kyrgyzstan,2022,6.12,2.7538
Laos,2007,6.28,1.03077
Laos,2008,4.065,0.9
Laos,2009,7.125000000000001,0.63846
Laos,2010,5.715000000000001,3.07692
Laos,2011,5.510000000000001,2.81538
Laos,2012,5.645,2.30769
Laos,2013,6.145,1.53846
Laos,2014,7.02,3.2
Laos,2015,5.66,2.81538
Laos,2016,6.91,1.66154
Laos,2017,6.91,2.43077
Laos,2018,6.245,3.07692
Laos,2019,6.075,2.18462
Laos,2020,5.99,3.97692
Laos,2021,6.460000000000001,4.107690000000001
Laos,2022,5.86,4.2308
Latvia,2007,2.28,1.41538
Latvia,2008,2.435,0.7692300000000001
Latvia,2009,2.015,0.5769200000000001
Latvia,2010,2.05,0.7692300000000001
Latvia,2011,2.855,0.5076900000000001
Latvia,2012,2.605,1.02308
Latvia,2013,2.855,1.15385
Latvia,2014,2.815,1.41538
Latvia,2015,2.63,1.02308
Latvia,2016,2.4,0.32308
Latvia,2017,2.565,1.21538
Latvia,2018,2.565,0.06154
Latvia,2019,2.565,0.06154
Latvia,2020,2.4,0.31538
Latvia,2021,2.4,0.31538
Latvia,2022,2.55,0.3154
Lebanon,2007,1.35,5.13077
Lebanon,2008,2.185,4.74615
Lebanon,2009,2.785,2.63077
Lebanon,2010,3.735,4.869230000000001
Lebanon,2011,3.635,5.63846
Lebanon,2012,3.135,7.88461
Lebanon,2013,3.95,6.09231
Lebanon,2014,3.67,7.630770000000001
Lebanon,2015,3.135,5.253850000000001
Lebanon,2016,3.95,5.253850000000001
Lebanon,2017,3.45,5.19231
Lebanon,2018,4.050000000000001,3.78462
Lebanon,2019,4.550000000000001,3.78462
Lebanon,2020,4.065,4.67692
Lebanon,2021,3.795,3.90769
Lebanon,2022,4.065,5.4462
Lesotho,2007,0.3750000000000001,0.0
Lesotho,2008,0.645,0.0
Lesotho,2009,0.535,0.0
Lesotho,2010,0.635,0.38461
Lesotho,2011,0.56,0.0
Lesotho,2012,0.3700000000000001,0.0
Lesotho,2013,0.515,0.0
Lesotho,2014,0.685,0.0
Lesotho,2015,0.8300000000000001,0.0
Lesotho,2016,0.665,0.25385
Lesotho,2017,0.685,0.96154
Lesotho,2018,0.635,0.0
Lesotho,2019,0.635,0.0
Lesotho,2020,1.25,0.0
Lesotho,2021,1.05,0.0
Lesotho,2022,1.6,0.0
Liberia,2007,1.725,3.78461
Liberia,2008,0.56,4.169230000000001
Liberia,2009,0.515,0.5076900000000001
Liberia,2010,1.69,1.8
Liberia,2011,1.18,1.79231
Liberia,2012,1.465,2.56154
Liberia,2013,1.42,1.02308
Liberia,2014,1.355,0.7692300000000001
Liberia,2015,1.585,2.17692
Liberia,2016,1.685,1.15385
Liberia,2017,2.64,3.07692
Liberia,2018,2.14,2.17692
Liberia,2019,1.39,1.85385
Liberia,2020,1.49,1.98462
Liberia,2021,1.39,3.59231
Liberia,2022,2.06,5.392300000000001
Libya,2007,5.135000000000001,1.40769
Libya,2008,6.000000000000001,3.07692
Libya,2009,6.870000000000001,1.47692
Libya,2010,5.845000000000001,0.19231
Libya,2011,6.235,1.85385
Libya,2012,5.485,5.44615
Libya,2013,4.705,6.923080000000001
Libya,2014,4.705,7.115380000000001
Libya,2015,3.875,7.053850000000001
Libya,2016,3.375,6.669230000000001
Libya,2017,4.12,7.053850000000001
Libya,2018,5.52,7.561540000000001
Libya,2019,5.77,7.753850000000001
Libya,2020,5.835000000000001,7.438460000000001
Libya,2021,6.005000000000001,6.792310000000001
Libya,2022,5.605,6.476900000000001
Liechtenstein,2007,1.3,0.13077
Liechtenstein,2008,1.485,0.7692300000000001
Liechtenstein,2009,1.32,1.15385
Liechtenstein,2010,1.4,1.15385
Liechtenstein,2011,1.705,1.15385
Liechtenstein,2012,2.045,0.64615
Liechtenstein,2013,1.88,1.92308
Liechtenstein,2014,2.05,1.92308
Liechtenstein,2015,2.185,1.66923
Liechtenstein,2016,2.45,0.9
Liechtenstein,2017,2.485,0.8307700000000001
Liechtenstein,2018,1.985,1.6
Liechtenstein,2019,1.985,0.7692300000000001
Liechtenstein,2020,2.485,0.8307700000000001
Liechtenstein,2021,1.985,0.8307700000000001
Liechtenstein,2022,1.97,0.8308000000000001
Lithuania,2007,1.65,0.7692300000000001
Lithuania,2008,2.005,1.53846
Lithuania,2009,2.485,0.7692300000000001
Lithuania,2010,1.585,1.53846
Lithuania,2011,2.32,1.53846
Lithuania,2012,2.57,1.53846
Lithuania,2013,2.315,0.7615400000000001
Lithuania,2014,2.065,1.27692
Lithuania,2015,2.27,0.7692300000000001
Lithuania,2016,2.1,0.9
Lithuania,2017,2.5,0.64615
Lithuania,2018,2.75,0.8307700000000001
Lithuania,2019,2.75,0.5076900000000001
Lithuania,2020,2.25,0.44615
Lithuania,2021,2.75,0.44615
Lithuania,2022,2.35,0.5769000000000001
Luxembourg,2007,0.785,0.0
Luxembourg,2008,0.8450000000000001,0.25385
Luxembourg,2009,0.65,0.38461
Luxembourg,2010,1.245,0.0
Luxembourg,2011,1.31,0.0
Luxembourg,2012,1.55,0.0
Luxembourg,2013,1.505,0.0
Luxembourg,2014,1.505,0.0
Luxembourg,2015,2.335,0.0
Luxembourg,2016,2.07,0.0
Luxembourg,2017,2.52,0.8307700000000001
Luxembourg,2018,3.07,0.7692300000000001
Luxembourg,2019,2.935,0.96154
Luxembourg,2020,2.85,0.96154
Luxembourg,2021,3.1,0.8307700000000001
Luxembourg,2022,2.265,0.3231000000000001
Macao,2007,1.255,0.25385
Macao,2008,1.75,0.0
Macao,2009,1.88,0.0
Macao,2010,0.5850000000000001,0.0
Macao,2011,0.785,0.0
Macao,2012,0.8,0.0
Macao,2013,0.8,0.0
Macao,2014,0.8,0.0
Macao,2015,0.8,0.0
Macao,2016,0.8,0.0
Macao,2017,1.05,0.0
Macao,2018,1.05,0.0
Macao,2019,1.1,0.0
Macao,2020,0.8,0.0
Macao,2021,0.38,0.0
Macao,2022,0.55,0.0615
Madagascar,2007,1.83,0.0
Madagascar,2008,2.18,0.9
Madagascar,2009,2.365,0.13077
Madagascar,2010,3.26,0.38461
Madagascar,2011,2.47,0.25385
Madagascar,2012,3.32,2.56154
Madagascar,2013,3.42,0.38461
Madagascar,2014,3.065,0.25385
Madagascar,2015,2.85,0.0
Madagascar,2016,2.33,1.66923
Madagascar,2017,3.0,1.46923
Madagascar,2018,2.75,1.6
Madagascar,2019,2.75,0.96154
Madagascar,2020,2.75,0.96154
Madagascar,2021,3.25,0.96154
Madagascar,2022,3.68,0.8308000000000001
Malawi,2007,0.43,0.25385
Malawi,2008,0.39,2.30769
Malawi,2009,1.2,0.0
Malawi,2010,0.965,0.38461
Malawi,2011,1.955,0.13077
Malawi,2012,1.83,2.30769
Malawi,2013,0.8250000000000001,1.28461
Malawi,2014,1.14,0.38461
Malawi,2015,0.955,2.17692
Malawi,2016,2.055,1.40769
Malawi,2017,2.055,1.53846
Malawi,2018,2.22,0.7692300000000001
Malawi,2019,2.22,1.85385
Malawi,2020,2.22,1.98462
Malawi,2021,2.22,1.79231
Malawi,2022,2.22,2.0538
Malaysia,2007,6.420000000000001,0.96154
Malaysia,2008,7.085000000000001,1.86154
Malaysia,2009,8.120000000000001,1.34615
Malaysia,2010,6.420000000000001,2.23846
Malaysia,2011,7.120000000000001,3.90769
Malaysia,2012,7.620000000000001,3.90769
Malaysia,2013,7.870000000000001,2.94615
Malaysia,2014,6.955000000000001,5.96154
Malaysia,2015,7.955000000000001,5.38461
Malaysia,2016,8.205,6.15385
Malaysia,2017,8.305000000000001,4.492310000000001
Malaysia,2018,8.205,6.415380000000001
Malaysia,2019,8.455,3.84615
Malaysia,2020,8.455,3.46154
Malaysia,2021,7.705000000000001,3.26923
Malaysia,2022,7.305000000000001,2.5615
Maldives,2007,6.535,2.56154
Maldives,2008,7.915000000000001,2.94615
Maldives,2009,7.350000000000001,1.92308
Maldives,2010,8.565000000000001,2.69231
Maldives,2011,8.100000000000001,5.13077
Maldives,2012,8.100000000000001,5.45385
Maldives,2013,6.500000000000001,3.91538
Maldives,2014,6.815,4.361540000000001
Maldives,2015,6.600000000000001,3.65385
Maldives,2016,8.200000000000001,3.72308
Maldives,2017,8.200000000000001,2.56154
Maldives,2018,8.200000000000001,1.66923
Maldives,2019,7.700000000000001,2.82308
Maldives,2020,6.7,2.82308
Maldives,2021,6.600000000000001,3.20769
Maldives,2022,7.100000000000001,3.5923
Mali,2007,0.8800000000000001,0.32308
Mali,2008,0.8300000000000001,0.19231
Mali,2009,0.5800000000000001,0.38461
Mali,2010,0.8550000000000001,1.34615
Mali,2011,1.655,2.36923
Mali,2012,1.695,6.984610000000001
Mali,2013,1.775,3.59231
Mali,2014,0.5,3.72308
Mali,2015,0.9,2.56154
Mali,2016,0.64,2.56154
Mali,2017,1.23,5.13077
Mali,2018,2.23,5.9
Mali,2019,1.73,6.992310000000001
Mali,2020,2.53,7.884620000000001
Mali,2021,2.365,6.98462
Mali,2022,2.695,5.638500000000001
Malta,2007,1.215,0.38461
Malta,2008,1.115,0.0
Malta,2009,1.315,0.0
Malta,2010,1.715,0.0
Malta,2011,0.985,0.13077
Malta,2012,1.3,0.9
Malta,2013,1.05,0.9
Malta,2014,1.035,0.9
Malta,2015,2.03,0.7692300000000001
Malta,2016,2.2,1.15385
Malta,2017,2.135,0.7692300000000001
Malta,2018,2.135,0.31538
Malta,2019,2.15,0.8307700000000001
Malta,2020,2.15,0.7692300000000001
Malta,2021,1.98,0.7692300000000001
Malta,2022,1.8,0.0
Marshall Islands,2007,0.165,0.0
Marshall Islands,2008,0.355,0.25385
Marshall Islands,2009,0.165,0.0
Marshall Islands,2010,0.165,0.7692300000000001
Marshall Islands,2011,0.165,0.0
Marshall Islands,2012,0.165,0.0
Marshall Islands,2013,0.205,0.0
Marshall Islands,2014,0.24,0.0
Marshall Islands,2015,0.18,0.0
Marshall Islands,2016,0.475,0.0
Marshall Islands,2017,0.64,0.06154
Marshall Islands,2018,0.64,0.8307700000000001
Marshall Islands,2019,0.64,0.7000000000000001
Marshall Islands,2020,0.39,0.7000000000000001
Marshall Islands,2021,0.39,1.08462
Marshall Islands,2022,0.39,0.8308000000000001
Mauritania,2007,6.500000000000001,0.9
Mauritania,2008,6.565,1.66154
Mauritania,2009,6.15,0.96154
Mauritania,2010,6.2,1.46923
Mauritania,2011,5.835000000000001,0.96154
Mauritania,2012,6.535,0.96154
Mauritania,2013,5.935,1.34615
Mauritania,2014,5.535,1.21538
Mauritania,2015,6.600000000000001,1.21538
Mauritania,2016,6.600000000000001,1.09231
Mauritania,2017,6.7,2.10769
Mauritania,2018,6.600000000000001,2.10769
Mauritania,2019,6.100000000000001,1.98462
Mauritania,2020,6.2,1.79231
Mauritania,2021,6.100000000000001,1.85385
Mauritania,2022,6.600000000000001,0.7692000000000001
Mauritius,2007,1.38,0.25385
Mauritius,2008,1.075,2.43846
Mauritius,2009,1.35,1.27692
Mauritius,2010,1.195,2.82308
Mauritius,2011,1.35,2.43846
Mauritius,2012,1.2,2.94615
Mauritius,2013,1.435,1.02308
Mauritius,2014,1.17,1.02308
Mauritius,2015,1.545,1.40769
Mauritius,2016,1.285,0.7692300000000001
Mauritius,2017,1.52,1.47692
Mauritius,2018,1.52,0.25385
Mauritius,2019,1.52,0.44615
Mauritius,2020,1.52,0.31538
Mauritius,2021,1.685,1.60769
Mauritius,2022,2.97,1.3462
Mexico,2007,4.735,5.51538
Mexico,2008,3.375,3.85385
Mexico,2009,4.175000000000001,5.13077
Mexico,2010,3.55,3.59231
Mexico,2011,3.615,3.20769
Mexico,2012,3.865,6.66154
Mexico,2013,2.945,3.71538
Mexico,2014,4.075,4.230770000000001
Mexico,2015,3.925,3.71538
Mexico,2016,4.445,5.9
Mexico,2017,4.095000000000001,5.64615
Mexico,2018,4.095000000000001,5.51538
Mexico,2019,4.095000000000001,4.492310000000001
Mexico,2020,3.345,5.0
Mexico,2021,3.495,5.13077
Mexico,2022,4.36,5.130800000000001
Moldova,2007,4.23,3.84615
Moldova,2008,5.045000000000001,3.2
Moldova,2009,4.680000000000001,4.230770000000001
Moldova,2010,4.760000000000001,2.94615
Moldova,2011,4.445,4.48461
Moldova,2012,4.595000000000001,3.97692
Moldova,2013,4.36,3.84615
Moldova,2014,3.53,3.84615
Moldova,2015,5.11,4.61538
Moldova,2016,4.61,5.0
Moldova,2017,4.445,4.48462
Moldova,2018,4.61,4.61538
Moldova,2019,4.61,4.230770000000001
Moldova,2020,4.61,4.100000000000001
Moldova,2021,4.71,3.33077
Moldova,2022,5.210000000000001,1.7308
Monaco,2007,2.53,0.0
Monaco,2008,2.695,0.0
Monaco,2009,2.465,0.0
Monaco,2010,1.765,0.0
Monaco,2011,2.03,0.0
Monaco,2012,2.03,0.0
Monaco,2013,2.03,0.0
Monaco,2014,1.53,0.0
Monaco,2015,2.53,0.0
Monaco,2016,2.53,0.0
Monaco,2017,2.78,0.0
Monaco,2018,2.78,0.0
Monaco,2019,2.615,0.0
Monaco,2020,2.46,0.0
Monaco,2021,2.13,0.0
Monaco,2022,1.13,0.0
Mongolia,2007,1.92,0.63846
Mongolia,2008,2.06,3.72308
Mongolia,2009,2.69,2.94615
Mongolia,2010,3.44,1.15385
Mongolia,2011,4.465000000000001,0.7692300000000001
Mongolia,2012,3.41,0.7692300000000001
Mongolia,2013,2.76,0.7692300000000001
Mongolia,2014,2.46,1.53846
Mongolia,2015,3.01,1.92308
Mongolia,2016,2.505,1.92308
Mongolia,2017,3.125,0.31538
Mongolia,2018,3.125,1.08462
Mongolia,2019,3.125,1.08462
Mongolia,2020,3.04,1.08462
Mongolia,2021,3.125,0.31538
Mongolia,2022,3.625,0.0615
Montenegro,2007,0.915,2.43846
Montenegro,2008,1.505,2.56923
Montenegro,2009,0.915,1.53846
Montenegro,2010,0.355,2.43846
Montenegro,2011,0.8700000000000001,3.65385
Montenegro,2012,2.365,3.65385
Montenegro,2013,1.865,2.5
Montenegro,2014,1.48,2.5
Montenegro,2015,2.85,2.69231
Montenegro,2016,2.28,2.36923
Montenegro,2017,2.18,1.08462
Montenegro,2018,1.68,0.31538
Montenegro,2019,2.88,0.5076900000000001
Montenegro,2020,3.565,1.27692
Montenegro,2021,2.795,3.46154
Montenegro,2022,3.735,1.5385
Morocco,2007,4.920000000000001,3.65385
Morocco,2008,5.640000000000001,2.11538
Morocco,2009,5.205,2.56923
Morocco,2010,6.220000000000001,1.15385
Morocco,2011,5.875000000000001,1.73077
Morocco,2012,6.955000000000001,1.46923
Morocco,2013,6.27,1.15385
Morocco,2014,5.300000000000001,1.27692
Morocco,2015,7.455000000000001,2.5
Morocco,2016,7.355,3.39231
Morocco,2017,7.02,3.00769
Morocco,2018,7.185,2.94615
Morocco,2019,6.185,2.30769
Morocco,2020,6.185,2.30769
Morocco,2021,6.205,2.5
Morocco,2022,6.955000000000001,0.9615
Mozambique,2007,0.965,0.25385
Mozambique,2008,0.525,1.28461
Mozambique,2009,1.0,1.02308
Mozambique,2010,0.935,0.25385
Mozambique,2011,1.025,0.0
Mozambique,2012,1.58,1.66923
Mozambique,2013,1.765,1.66923
Mozambique,2014,1.45,0.0
Mozambique,2015,0.6000000000000001,0.0
Mozambique,2016,1.09,1.02308
Mozambique,2017,1.355,2.5
Mozambique,2018,2.97,2.82308
Mozambique,2019,3.64,2.24615
Mozambique,2020,2.605,2.82308
Mozambique,2021,2.87,3.20769
Mozambique,2022,2.035,4.3615
Myanmar,2007,7.880000000000001,4.87692
Myanmar,2008,7.115,2.56923
Myanmar,2009,7.890000000000001,4.93846
Myanmar,2010,7.260000000000001,5.83846
Myanmar,2011,7.295000000000001,5.51538
Myanmar,2012,7.710000000000001,7.369230000000001
Myanmar,2013,7.660000000000001,6.600000000000001
Myanmar,2014,6.53,6.215380000000001
Myanmar,2015,6.445,5.38461
Myanmar,2016,6.865,5.13077
Myanmar,2017,6.865,5.9
Myanmar,2018,7.330000000000001,4.361540000000001
Myanmar,2019,7.630000000000001,2.69231
Myanmar,2020,7.78,3.07692
Myanmar,2021,7.715000000000001,2.69231
Myanmar,2022,7.16,3.2692
Namibia,2007,0.33,0.0
Namibia,2008,0.165,2.30769
Namibia,2009,0.345,0.0
Namibia,2010,0.68,0.0
Namibia,2011,0.535,0.0
Namibia,2012,0.7000000000000001,0.0
Namibia,2013,0.365,0.0
Namibia,2014,0.7000000000000001,0.0
Namibia,2015,1.565,0.0
Namibia,2016,1.635,0.0
Namibia,2017,0.8700000000000001,0.0
Namibia,2018,0.8700000000000001,0.0
Namibia,2019,1.285,0.0
Namibia,2020,1.285,0.0
Namibia,2021,1.12,0.0
Namibia,2022,1.385,0.0
Nauru,2007,1.97,0.25385
Nauru,2008,1.505,1.02308
Nauru,2009,0.6950000000000001,0.0
Nauru,2010,1.085,0.0
Nauru,2011,0.525,0.25385
Nauru,2012,1.0,0.25385
Nauru,2013,1.25,0.25385
Nauru,2014,0.7500000000000001,0.25385
Nauru,2015,1.5,0.25385
Nauru,2016,2.065,0.0
Nauru,2017,1.55,0.0
Nauru,2018,1.55,0.0
Nauru,2019,1.8,0.0
Nauru,2020,1.55,0.0
Nauru,2021,1.55,0.0
Nauru,2022,1.55,0.0
Nepal,2007,3.43,4.238460000000001
Nepal,2008,4.130000000000001,6.284610000000001
Nepal,2009,3.45,5.32308
Nepal,2010,3.35,5.64615
Nepal,2011,3.96,6.346150000000001
Nepal,2012,3.46,5.96154
Nepal,2013,3.88,5.76923
Nepal,2014,3.085,2.82308
Nepal,2015,4.670000000000001,5.64615
Nepal,2016,5.185,5.00769
Nepal,2017,4.585,4.684620000000001
Nepal,2018,5.185,4.869230000000001
Nepal,2019,5.185,2.94615
Nepal,2020,4.685,3.59231
Nepal,2021,5.435,2.69231
Nepal,2022,4.82,4.2308
Netherlands,2007,0.365,1.02308
Netherlands,2008,0.4950000000000001,1.92308
Netherlands,2009,1.03,1.15385
Netherlands,2010,1.28,1.6
Netherlands,2011,1.95,1.34615
Netherlands,2012,1.865,3.65385
Netherlands,2013,1.865,2.11538
Netherlands,2014,1.445,2.88461
Netherlands,2015,2.16,2.11538
Netherlands,2016,1.635,3.46154
Netherlands,2017,2.635,2.75385
Netherlands,2018,2.815,3.59231
Netherlands,2019,3.815,2.56154
Netherlands,2020,2.8,2.05385
Netherlands,2021,3.8,3.14615
Netherlands,2022,2.215,2.8846
New Zealand,2007,0.345,0.38461
New Zealand,2008,0.35,1.28461
New Zealand,2009,0.4,0.25385
New Zealand,2010,0.62,2.69231
New Zealand,2011,0.6150000000000001,1.15385
New Zealand,2012,0.2,1.02308
New Zealand,2013,0.81,0.9
New Zealand,2014,0.0,0.38461
New Zealand,2015,0.225,0.13077
New Zealand,2016,0.475,0.9
New Zealand,2017,0.455,2.56154
New Zealand,2018,0.955,2.56154
New Zealand,2019,0.455,3.33077
New Zealand,2020,0.18,0.96154
New Zealand,2021,0.345,1.34615
New Zealand,2022,0.345,1.7308
Nicaragua,2007,2.05,0.5076900000000001
Nicaragua,2008,1.105,0.5076900000000001
Nicaragua,2009,1.07,0.13077
Nicaragua,2010,3.07,0.63846
Nicaragua,2011,2.465,0.9
Nicaragua,2012,2.665,0.25385
Nicaragua,2013,2.405,0.0
Nicaragua,2014,2.605,0.25385
Nicaragua,2015,1.75,1.15385
Nicaragua,2016,2.1,1.02308
Nicaragua,2017,1.72,0.25385
Nicaragua,2018,3.17,1.79231
Nicaragua,2019,2.84,1.66923
Nicaragua,2020,2.74,1.40769
Nicaragua,2021,3.775,1.40769
Nicaragua,2022,3.61,0.5769000000000001
Niger,2007,1.71,1.53846
Niger,2008,1.455,1.53846
Niger,2009,2.18,0.5769200000000001
Niger,2010,2.975,0.96154
Niger,2011,2.26,0.96154
Niger,2012,2.03,1.73077
Niger,2013,1.73,3.97692
Niger,2014,1.36,2.63077
Niger,2015,3.56,5.64615
Niger,2016,3.63,2.05385
Niger,2017,3.66,3.07692
Niger,2018,3.66,2.30769
Niger,2019,4.48,3.78462
Niger,2020,3.98,2.56154
Niger,2021,3.81,4.492310000000001
Niger,2022,3.48,4.4846
Nigeria,2007,3.7,4.423080000000001
Nigeria,2008,3.57,7.115380000000001
Nigeria,2009,4.455,8.01538
Nigeria,2010,5.79,7.823080000000001
Nigeria,2011,5.615,8.26923
Nigeria,2012,4.52,8.52308
Nigeria,2013,4.115,8.715380000000001
Nigeria,2014,4.260000000000001,7.438460000000001
Nigeria,2015,4.225000000000001,9.1
Nigeria,2016,4.390000000000001,8.90769
Nigeria,2017,4.920000000000001,8.13846
Nigeria,2018,4.920000000000001,8.52308
Nigeria,2019,4.42,8.52308
Nigeria,2020,4.305000000000001,8.52308
Nigeria,2021,4.29,8.90769
Nigeria,2022,4.77,8.7154
North Macedonia,2007,2.23,1.53846
North Macedonia,2008,1.27,2.17692
North Macedonia,2009,1.005,1.53846
North Macedonia,2010,2.75,3.01538
North Macedonia,2011,2.585,2.3
North Macedonia,2012,2.985,2.56154
North Macedonia,2013,2.52,2.43846
North Macedonia,2014,3.165,1.66923
North Macedonia,2015,3.1,3.2
North Macedonia,2016,2.29,2.81538
North Macedonia,2017,2.155,2.23846
North Macedonia,2018,3.255,3.07692
North Macedonia,2019,2.79,2.94615
North Macedonia,2020,2.19,2.17692
North Macedonia,2021,3.71,1.53846
North Macedonia,2022,4.045,1.5385
Norway,2007,1.5,0.96154
Norway,2008,0.8350000000000001,0.96154
Norway,2009,1.985,1.53846
Norway,2010,2.365,1.72308
Norway,2011,2.45,3.71538
Norway,2012,2.29,3.52308
Norway,2013,2.525,2.36923
Norway,2014,2.625,2.49231
Norway,2015,3.03,1.98462
Norway,2016,2.53,2.63077
Norway,2017,2.865,2.63077
Norway,2018,3.195,1.66923
Norway,2019,3.195,1.40769
Norway,2020,3.05,2.69231
Norway,2021,3.03,2.43846
Norway,2022,3.48,3.2077
Oman,2007,3.94,0.25385
Oman,2008,5.005000000000001,0.25385
Oman,2009,4.74,0.0
Oman,2010,5.32,0.5769200000000001
Oman,2011,5.485,0.13077
Oman,2012,5.985,0.7692300000000001
Oman,2013,5.155,0.13077
Oman,2014,4.655,0.0
Oman,2015,4.835,0.0
Oman,2016,5.435,0.5153800000000001
Oman,2017,5.435,0.44615
Oman,2018,5.435,0.44615
Oman,2019,5.435,0.44615
Oman,2020,5.300000000000001,0.44615
Oman,2021,5.385000000000001,0.44615
Oman,2022,5.100000000000001,0.4462
Pakistan,2007,5.785,8.90769
Pakistan,2008,7.220000000000001,7.88461
Pakistan,2009,6.985,9.80769
Pakistan,2010,6.285,9.03846
Pakistan,2011,7.250000000000001,10.0
Pakistan,2012,7.085000000000001,9.80769
Pakistan,2013,6.420000000000001,8.846150000000002
Pakistan,2014,6.470000000000001,8.076920000000001
Pakistan,2015,6.155,7.246150000000001
Pakistan,2016,6.455000000000001,6.861540000000001
Pakistan,2017,6.555000000000001,7.692310000000001
Pakistan,2018,6.455000000000001,7.500000000000001
Pakistan,2019,6.290000000000001,8.076920000000001
Pakistan,2020,6.390000000000001,7.500000000000001
Pakistan,2021,6.790000000000001,7.561540000000001
Pakistan,2022,6.790000000000001,7.884600000000001
Palau,2007,0.645,0.25385
Palau,2008,0.3700000000000001,0.25385
Palau,2009,0.6150000000000001,0.38461
Palau,2010,0.2,0.0
Palau,2011,0.5950000000000001,0.0
Palau,2012,0.68,0.0
Palau,2013,0.225,0.0
Palau,2014,0.2,0.0
Palau,2015,0.2,0.0
Palau,2016,0.2,0.0
Palau,2017,0.45,0.0
Palau,2018,0.7000000000000001,0.0
Palau,2019,0.45,0.0
Palau,2020,0.45,0.0
Palau,2021,0.45,0.0
Palau,2022,0.8650000000000001,0.0
Palestinian territories,2007,3.27,6.35385
Palestinian territories,2008,3.27,6.15385
Palestinian territories,2009,3.52,6.923080000000001
Palestinian territories,2010,3.525,7.692310000000001
Palestinian territories,2011,3.69,7.823080000000001
Palestinian territories,2012,3.59,8.976920000000002
Palestinian territories,2013,4.455,8.846150000000002
Palestinian territories,2014,4.220000000000001,7.561540000000001
Palestinian territories,2015,4.255000000000001,7.438460000000001
Palestinian territories,2016,4.355,7.753850000000001
Palestinian territories,2017,4.255000000000001,6.992310000000001
Palestinian territories,2018,4.255000000000001,6.22308
Palestinian territories,2019,4.255000000000001,5.19231
Palestinian territories,2020,4.74,6.215380000000001
Palestinian territories,2021,3.755,7.053850000000001
Palestinian territories,2022,4.52,6.2846
Panama,2007,0.7050000000000001,0.0
Panama,2008,0.64,0.0
Panama,2009,1.07,0.0
Panama,2010,1.07,0.0
Panama,2011,0.81,0.0
Panama,2012,1.075,0.0
Panama,2013,1.325,0.0
Panama,2014,1.825,0.13077
Panama,2015,2.44,0.13077
Panama,2016,3.21,0.13077
Panama,2017,2.61,0.0
Panama,2018,2.61,0.0
Panama,2019,1.49,0.0
Panama,2020,1.49,0.06154
Panama,2021,1.325,0.0
Panama,2022,1.56,0.0
Papua New Guinea,2007,0.8350000000000001,0.0
Papua New Guinea,2008,0.8850000000000001,2.82308
Papua New Guinea,2009,1.405,1.53846
Papua New Guinea,2010,1.135,3.45385
Papua New Guinea,2011,0.92,3.83846
Papua New Guinea,2012,1.485,3.83846
Papua New Guinea,2013,1.01,2.30769
Papua New Guinea,2014,1.175,2.56154
Papua New Guinea,2015,0.99,2.82308
Papua New Guinea,2016,1.16,2.43846
Papua New Guinea,2017,1.425,2.43846
Papua New Guinea,2018,1.525,2.94615
Papua New Guinea,2019,1.625,2.75385
Papua New Guinea,2020,1.525,1.98462
Papua New Guinea,2021,0.92,2.62308
Papua New Guinea,2022,1.59,1.8538
Paraguay,2007,0.6050000000000001,0.7000000000000001
Paraguay,2008,1.605,1.21538
Paraguay,2009,1.225,0.0
Paraguay,2010,1.04,0.7692300000000001
Paraguay,2011,1.125,0.5769200000000001
Paraguay,2012,1.225,1.47692
Paraguay,2013,1.075,1.6
Paraguay,2014,1.325,1.6
Paraguay,2015,1.325,0.8307700000000001
Paraguay,2016,2.155,0.5153800000000001
Paraguay,2017,1.89,1.46923
Paraguay,2018,1.89,1.46923
Paraguay,2019,1.725,2.23846
Paraguay,2020,1.56,1.85385
Paraguay,2021,2.055,1.85385
Paraguay,2022,2.055,1.0231
Peru,2007,1.775,0.0
Peru,2008,1.925,0.5076900000000001
Peru,2009,1.51,0.0
Peru,2010,2.59,0.0
Peru,2011,2.09,0.7692300000000001
Peru,2012,2.125,1.15385
Peru,2013,2.875,0.64615
Peru,2014,2.875,0.8384600000000001
Peru,2015,2.71,0.38461
Peru,2016,2.54,0.38461
Peru,2017,1.96,0.31538
Peru,2018,1.96,0.7000000000000001
Peru,2019,1.625,0.06154
Peru,2020,1.625,0.06154
Peru,2021,1.625,0.06154
Peru,2022,1.825,0.0
Philippines,2007,1.58,3.65385
Philippines,2008,1.2,3.4
Philippines,2009,0.775,3.01538
Philippines,2010,1.19,3.91538
Philippines,2011,0.91,3.4
Philippines,2012,0.975,3.20769
Philippines,2013,0.985,3.20769
Philippines,2014,0.7000000000000001,1.53846
Philippines,2015,0.775,4.361540000000001
Philippines,2016,1.275,4.169230000000001
Philippines,2017,1.025,3.96923
Philippines,2018,1.875,4.169230000000001
Philippines,2019,1.44,4.80769
Philippines,2020,2.29,4.80769
Philippines,2021,2.195,5.0
Philippines,2022,2.865,4.1692
Poland,2007,1.025,0.9
Poland,2008,0.95,2.05385
Poland,2009,1.175,2.30769
Poland,2010,1.72,1.66923
Poland,2011,1.575,2.43846
Poland,2012,2.175,3.46154
Poland,2013,2.16,2.81538
Poland,2014,2.845,1.27692
Poland,2015,2.72,1.79231
Poland,2016,3.295,2.23846
Poland,2017,2.945,2.17692
Poland,2018,2.56,2.17692
Poland,2019,3.475,2.56154
Poland,2020,3.31,1.79231
Poland,2021,3.31,2.56154
Poland,2022,2.225,1.2769
Portugal,2007,0.34,0.0
Portugal,2008,0.95,1.02308
Portugal,2009,0.125,0.7692300000000001
Portugal,2010,0.805,0.25385
Portugal,2011,0.79,0.0
Portugal,2012,1.29,0.9
Portugal,2013,1.125,0.0
Portugal,2014,0.92,0.0
Portugal,2015,0.6000000000000001,0.0
Portugal,2016,0.6000000000000001,0.5076900000000001
Portugal,2017,1.015,0.25385
Portugal,2018,1.015,0.25385
Portugal,2019,1.0,0.06154
Portugal,2020,0.5850000000000001,0.8307700000000001
Portugal,2021,0.5850000000000001,0.96154
Portugal,2022,0.6000000000000001,0.0
Qatar,2007,3.325,0.25385
Qatar,2008,4.44,0.25385
Qatar,2009,4.955,0.38461
Qatar,2010,5.605,0.38461
Qatar,2011,5.735,0.38461
Qatar,2012,6.005000000000001,0.38461
Qatar,2013,5.985,0.5769200000000001
Qatar,2014,4.920000000000001,0.5769200000000001
Qatar,2015,5.755000000000001,1.47692
Qatar,2016,6.170000000000001,1.66923
Qatar,2017,5.605,2.56154
Qatar,2018,5.505000000000001,2.56154
Qatar,2019,5.44,0.8307700000000001
Qatar,2020,6.005000000000001,1.21538
Qatar,2021,6.055000000000001,0.7000000000000001
Qatar,2022,6.055000000000001,1.6
Republic of the Congo,2007,0.67,0.38461
Republic of the Congo,2008,0.5,0.25385
Republic of the Congo,2009,0.67,0.13077
Republic of the Congo,2010,1.0,0.0
Republic of the Congo,2011,0.5,0.38461
Republic of the Congo,2012,0.67,0.38461
Republic of the Congo,2013,0.67,0.0
Republic of the Congo,2014,1.11,0.0
Republic of the Congo,2015,2.015,2.17692
Republic of the Congo,2016,3.215,0.0
Republic of the Congo,2017,1.85,0.0
Republic of the Congo,2018,2.035,0.0
Republic of the Congo,2019,2.035,0.25385
Republic of the Congo,2020,1.45,0.25385
Republic of the Congo,2021,1.5,0.0
Republic of the Congo,2022,2.55,0.0
Romania,2007,4.845000000000001,5.51538
Romania,2008,3.975000000000001,3.84615
Romania,2009,3.915,4.100000000000001
Romania,2010,4.375,3.97692
Romania,2011,4.52,4.87692
Romania,2012,4.02,3.72308
Romania,2013,4.52,5.253850000000001
Romania,2014,2.755,2.81538
Romania,2015,3.465,3.46154
Romania,2016,4.69,4.48461
Romania,2017,4.79,3.71538
Romania,2018,4.79,3.96923
Romania,2019,4.79,1.66154
Romania,2020,5.29,1.27692
Romania,2021,4.79,1.66154
Romania,2022,4.675000000000001,1.2769
Russia,2007,5.845000000000001,3.66154
Russia,2008,6.245,4.553850000000001
Russia,2009,6.725000000000001,5.51538
Russia,2010,7.210000000000001,7.307690000000001
Russia,2011,7.045000000000001,8.976920000000002
Russia,2012,7.73,8.78462
Russia,2013,7.410000000000001,8.076920000000001
Russia,2014,6.710000000000001,6.600000000000001
Russia,2015,8.23,8.01538
Russia,2016,8.145000000000001,7.369230000000001
Russia,2017,8.13,6.346150000000001
Russia,2018,8.145000000000001,5.32308
Russia,2019,8.245000000000001,4.48462
Russia,2020,8.180000000000001,3.2
Russia,2021,8.260000000000002,3.90769
Russia,2022,7.660000000000001,3.5231
Rwanda,2007,2.0,0.0
Rwanda,2008,2.065,0.0
Rwanda,2009,2.8,0.0
Rwanda,2010,3.815,0.7692300000000001
Rwanda,2011,3.135,0.0
Rwanda,2012,5.135000000000001,0.13077
Rwanda,2013,4.845000000000001,0.0
Rwanda,2014,3.535,0.7692300000000001
Rwanda,2015,4.655,0.0
Rwanda,2016,4.285,1.15385
Rwanda,2017,3.735,2.36923
Rwanda,2018,3.6,1.85385
Rwanda,2019,3.815,1.85385
Rwanda,2020,3.715,0.25385
Rwanda,2021,3.215,0.0
Rwanda,2022,4.265000000000001,0.0
Samoa,2007,0.8,0.38461
Samoa,2008,0.46,1.40769
Samoa,2009,0.935,0.25385
Samoa,2010,1.385,0.0
Samoa,2011,0.81,2.04615
Samoa,2012,0.81,3.06923
Samoa,2013,0.81,2.17692
Samoa,2014,0.81,2.17692
Samoa,2015,0.8250000000000001,2.81538
Samoa,2016,1.075,2.81538
Samoa,2017,1.265,2.75385
Samoa,2018,1.43,2.75385
Samoa,2019,1.43,1.85385
Samoa,2020,1.065,0.06154
Samoa,2021,0.965,0.06154
Samoa,2022,0.965,0.0615
San Marino,2007,0.11,0.0
San Marino,2008,0.06,0.0
San Marino,2009,0.175,0.0
San Marino,2010,0.14,0.0
San Marino,2011,0.14,0.0
San Marino,2012,0.325,0.0
San Marino,2013,0.325,0.0
San Marino,2014,0.325,0.0
San Marino,2015,0.5700000000000001,0.0
San Marino,2016,0.7350000000000001,0.0
San Marino,2017,0.555,0.0
San Marino,2018,0.555,0.0
San Marino,2019,0.555,0.0
San Marino,2020,0.555,0.0
San Marino,2021,0.555,0.0
San Marino,2022,0.5900000000000001,0.0
Sao Tome and Principe,2007,0.165,0.0
Sao Tome and Principe,2008,0.165,0.0
Sao Tome and Principe,2009,0.165,0.0
Sao Tome and Principe,2010,0.165,0.0
Sao Tome and Principe,2011,0.165,0.0
Sao Tome and Principe,2012,0.165,0.0
Sao Tome and Principe,2013,0.335,0.0
Sao Tome and Principe,2014,0.165,0.0
Sao Tome and Principe,2015,0.5,0.0
Sao Tome and Principe,2016,0.515,0.0
Sao Tome and Principe,2017,0.515,0.0
Sao Tome and Principe,2018,0.68,0.0
Sao Tome and Principe,2019,0.8700000000000001,1.21538
Sao Tome and Principe,2020,0.8700000000000001,0.0
Sao Tome and Principe,2021,0.8700000000000001,0.0
Sao Tome and Principe,2022,1.285,0.0
Saudi Arabia,2007,8.035,7.246150000000001
Saudi Arabia,2008,8.700000000000001,6.346150000000001
Saudi Arabia,2009,7.9,6.22308
Saudi Arabia,2010,8.55,7.246150000000001
Saudi Arabia,2011,8.55,6.538460000000001
Saudi Arabia,2012,8.55,6.415380000000001
Saudi Arabia,2013,7.800000000000001,3.58461
Saudi Arabia,2014,7.550000000000001,3.58461
Saudi Arabia,2015,7.715000000000001,5.38461
Saudi Arabia,2016,7.715000000000001,5.63846
Saudi Arabia,2017,7.815,4.74615
Saudi Arabia,2018,7.465000000000001,3.07692
Saudi Arabia,2019,7.215000000000001,2.43077
Saudi Arabia,2020,6.615,2.37692
Saudi Arabia,2021,6.615,2.82308
Saudi Arabia,2022,6.965000000000001,2.1769
Senegal,2007,0.465,0.0
Senegal,2008,0.42,0.0
Senegal,2009,1.305,0.32308
Senegal,2010,1.565,0.19231
Senegal,2011,1.48,3.26923
Senegal,2012,1.395,2.56154
Senegal,2013,1.23,1.73077
Senegal,2014,1.07,0.96154
Senegal,2015,0.8150000000000001,0.19231
Senegal,2016,1.085,0.19231
Senegal,2017,1.185,1.02308
Senegal,2018,0.7350000000000001,0.7692300000000001
Senegal,2019,0.7350000000000001,0.8307700000000001
Senegal,2020,0.9,1.21538
Senegal,2021,0.7100000000000001,1.21538
Senegal,2022,0.8550000000000001,1.9846
Serbia,2007,3.125,1.47692
Serbia,2008,3.68,5.19231
Serbia,2009,4.720000000000001,3.14615
Serbia,2010,3.54,4.67692
Serbia,2011,3.995,4.80769
Serbia,2012,3.615,3.39231
Serbia,2013,3.42,2.30769
Serbia,2014,3.785,1.53846
Serbia,2015,2.995,0.9
Serbia,2016,3.085,1.79231
Serbia,2017,4.185,1.09231
Serbia,2018,3.585,1.09231
Serbia,2019,3.435,1.99231
Serbia,2020,3.085,1.79231
Serbia,2021,3.335,2.56154
Serbia,2022,2.435,1.4077
Seychelles,2007,1.28,0.0
Seychelles,2008,1.465,0.0
Seychelles,2009,1.015,0.0
Seychelles,2010,1.25,0.0
Seychelles,2011,1.75,0.0
Seychelles,2012,2.18,0.0
Seychelles,2013,2.335,0.0
Seychelles,2014,1.46,0.0
Seychelles,2015,2.285,0.0
Seychelles,2016,2.485,0.0
Seychelles,2017,2.6,0.0
Seychelles,2018,2.615,0.0
Seychelles,2019,2.58,0.0
Seychelles,2020,2.565,0.0
Seychelles,2021,2.7,0.0
Seychelles,2022,2.55,0.1923
Sierra Leone,2007,0.0,0.0
Sierra Leone,2008,0.015,3.46154
Sierra Leone,2009,0.0,0.89231
Sierra Leone,2010,0.015,0.5076900000000001
Sierra Leone,2011,0.28,1.40769
Sierra Leone,2012,0.3,1.53846
Sierra Leone,2013,1.415,1.92308
Sierra Leone,2014,0.8,0.0
Sierra Leone,2015,2.07,0.0
Sierra Leone,2016,2.57,2.30769
Sierra Leone,2017,3.385,2.56923
Sierra Leone,2018,2.55,2.5
Sierra Leone,2019,3.05,2.88462
Sierra Leone,2020,2.285,0.8307700000000001
Sierra Leone,2021,2.115,0.63846
Sierra Leone,2022,2.285,3.4
Singapore,2007,4.575,0.19231
Singapore,2008,4.98,0.19231
Singapore,2009,3.96,0.19231
Singapore,2010,5.045000000000001,0.19231
Singapore,2011,5.98,0.44615
Singapore,2012,5.295000000000001,0.44615
Singapore,2013,6.580000000000001,0.96154
Singapore,2014,6.380000000000001,0.19231
Singapore,2015,6.61,0.96154
Singapore,2016,7.11,1.66923
Singapore,2017,7.145,1.85385
Singapore,2018,7.145,1.85385
Singapore,2019,6.895,1.08462
Singapore,2020,6.895,1.85385
Singapore,2021,6.895,1.79231
Singapore,2022,6.895,1.7923
Slovakia,2007,2.795,1.93077
Slovakia,2008,2.8,1.66923
Slovakia,2009,3.01,3.33077
Slovakia,2010,2.645,1.02308
Slovakia,2011,3.16,1.92308
Slovakia,2012,3.41,1.02308
Slovakia,2013,2.995,1.53077
Slovakia,2014,3.355,1.40769
Slovakia,2015,2.45,3.71538
Slovakia,2016,2.47,3.33077
Slovakia,2017,2.97,2.69231
Slovakia,2018,2.97,2.81538
Slovakia,2019,2.97,2.81538
Slovakia,2020,2.805,1.79231
Slovakia,2021,2.97,1.28462
Slovakia,2022,3.305,2.0462
Slovenia,2007,0.5650000000000001,1.03077
Slovenia,2008,1.145,0.9
Slovenia,2009,0.95,0.89231
Slovenia,2010,0.97,0.38461
Slovenia,2011,0.6100000000000001,1.27692
Slovenia,2012,0.8750000000000001,2.30769
Slovenia,2013,0.65,0.9
Slovenia,2014,0.95,0.0
Slovenia,2015,1.445,0.0
Slovenia,2016,1.695,0.25385
Slovenia,2017,2.595,0.19231
Slovenia,2018,1.83,0.06154
Slovenia,2019,1.755,0.8307700000000001
Slovenia,2020,1.755,0.96154
Slovenia,2021,2.52,0.96154
Slovenia,2022,2.67,0.1923
Solomon Islands,2007,0.635,0.38461
Solomon Islands,2008,0.685,0.25385
Solomon Islands,2009,0.635,0.25385
Solomon Islands,2010,0.95,0.0
Solomon Islands,2011,0.7000000000000001,0.7692300000000001
Solomon Islands,2012,0.8550000000000001,0.64615
Solomon Islands,2013,1.02,0.64615
Solomon Islands,2014,1.02,0.64615
Solomon Islands,2015,1.02,1.79231
Solomon Islands,2016,1.035,1.53846
Solomon Islands,2017,1.035,2.11538
Solomon Islands,2018,1.035,0.8307700000000001
Solomon Islands,2019,1.035,0.96154
Solomon Islands,2020,1.07,1.08462
Solomon Islands,2021,1.07,0.8307700000000001
Solomon Islands,2022,1.285,0.3154
Somalia,2007,4.405,7.376920000000001
Somalia,2008,4.720000000000001,7.376920000000001
Somalia,2009,6.155,8.461540000000001
Somalia,2010,5.24,8.076920000000001
Somalia,2011,7.375000000000001,7.823080000000001
Somalia,2012,7.77,9.48461
Somalia,2013,3.955000000000001,7.823080000000001
Somalia,2014,2.94,7.053850000000001
Somalia,2015,4.585,6.669230000000001
Somalia,2016,4.455,6.669230000000001
Somalia,2017,4.42,7.115380000000001
Somalia,2018,4.17,7.115380000000001
Somalia,2019,3.32,7.046150000000001
Somalia,2020,4.670000000000001,7.630770000000001
Somalia,2021,4.670000000000001,6.607690000000001
Somalia,2022,4.955,5.384600000000001
South Africa,2007,0.5850000000000001,2.24615
South Africa,2008,0.9,2.75385
South Africa,2009,1.0,0.7000000000000001
South Africa,2010,0.7000000000000001,4.415380000000001
South Africa,2011,0.7250000000000001,3.71538
South Africa,2012,0.515,3.26923
South Africa,2013,0.7000000000000001,1.02308
South Africa,2014,0.785,2.43846
South Africa,2015,1.025,4.038460000000001
South Africa,2016,0.76,3.90769
South Africa,2017,0.925,2.81538
South Africa,2018,1.425,4.100000000000001
South Africa,2019,1.625,2.88462
South Africa,2020,2.11,4.292310000000001
South Africa,2021,1.275,2.37692
South Africa,2022,0.925,1.4769
South Korea,2007,1.61,0.0
South Korea,2008,1.44,0.0
South Korea,2009,1.17,0.0
South Korea,2010,1.86,0.0
South Korea,2011,1.775,0.25385
South Korea,2012,1.775,0.25385
South Korea,2013,2.025,0.25385
South Korea,2014,2.0,0.9
South Korea,2015,2.375,0.9
South Korea,2016,2.375,1.15385
South Korea,2017,2.375,0.8307700000000001
South Korea,2018,2.455,3.39231
South Korea,2019,2.555,4.93846
South Korea,2020,2.355,3.64615
South Korea,2021,2.19,2.49231
South Korea,2022,2.105,2.8846
South Sudan,2011,1.245,1.15385
South Sudan,2012,1.47,3.01538
South Sudan,2013,3.42,2.43077
South Sudan,2014,2.355,2.30769
South Sudan,2015,1.84,4.74615
South Sudan,2016,1.34,2.95385
South Sudan,2017,2.99,3.01538
South Sudan,2018,3.31,2.76154
South Sudan,2019,2.395,1.21538
South Sudan,2020,3.195,1.86154
South Sudan,2021,3.86,1.09231
South Sudan,2022,2.54,2.7538
Spain,2007,1.99,1.6
Spain,2008,1.85,1.98462
Spain,2009,1.135,1.86154
Spain,2010,2.74,2.11538
Spain,2011,2.86,2.75385
Spain,2012,2.825,2.49231
Spain,2013,2.99,2.43077
Spain,2014,2.99,0.95385
Spain,2015,2.74,2.17692
Spain,2016,3.01,3.97692
Spain,2017,4.49,3.97692
Spain,2018,3.99,3.33077
Spain,2019,4.260000000000001,4.100000000000001
Spain,2020,3.81,3.00769
Spain,2021,3.86,2.88462
Spain,2022,2.34,2.8231
Sri Lanka,2007,3.98,7.761540000000001
Sri Lanka,2008,4.225000000000001,6.476920000000001
Sri Lanka,2009,3.72,6.215380000000001
Sri Lanka,2010,6.015000000000001,8.330770000000001
Sri Lanka,2011,5.37,7.115380000000001
Sri Lanka,2012,5.86,7.692310000000001
Sri Lanka,2013,5.31,8.330770000000001
Sri Lanka,2014,5.03,7.953850000000001
Sri Lanka,2015,4.215000000000001,6.800000000000001
Sri Lanka,2016,4.115,5.9
Sri Lanka,2017,3.81,5.64615
Sri Lanka,2018,4.21,7.176920000000001
Sri Lanka,2019,6.010000000000001,7.94615
Sri Lanka,2020,5.435,6.538460000000001
Sri Lanka,2021,6.350000000000001,5.76923
Sri Lanka,2022,6.100000000000001,5.5769
St. Kitts and Nevis,2007,0.5750000000000001,0.25385
St. Kitts and Nevis,2008,0.525,0.25385
St. Kitts and Nevis,2009,0.5,0.64615
St. Kitts and Nevis,2010,0.6900000000000001,0.38461
St. Kitts and Nevis,2011,1.275,0.38461
St. Kitts and Nevis,2012,1.275,0.38461
St. Kitts and Nevis,2013,2.025,0.13077
St. Kitts and Nevis,2014,2.025,0.13077
St. Kitts and Nevis,2015,2.125,0.13077
St. Kitts and Nevis,2016,2.19,0.13077
St. Kitts and Nevis,2017,2.175,0.13077
St. Kitts and Nevis,2018,1.54,0.06154
St. Kitts and Nevis,2019,1.56,0.06154
St. Kitts and Nevis,2020,0.975,0.06154
St. Kitts and Nevis,2021,0.975,0.0
St. Kitts and Nevis,2022,1.225,0.0
St. Lucia,2007,0.5850000000000001,0.25385
St. Lucia,2008,0.92,1.66154
St. Lucia,2009,0.895,0.7692300000000001
St. Lucia,2010,1.25,0.38461
St. Lucia,2011,1.475,0.7692300000000001
St. Lucia,2012,1.49,0.38461
St. Lucia,2013,1.765,0.0
St. Lucia,2014,1.765,0.0
St. Lucia,2015,1.49,0.0
St. Lucia,2016,1.825,0.0
St. Lucia,2017,1.925,0.06154
St. Lucia,2018,1.925,0.06154
St. Lucia,2019,1.925,0.06154
St. Lucia,2020,2.425,0.44615
St. Lucia,2021,2.31,0.06154
St. Lucia,2022,1.725,0.0615
St. Vincent and the Grenadines,2007,0.5850000000000001,0.25385
St. Vincent and the Grenadines,2008,0.5850000000000001,1.02308
St. Vincent and the Grenadines,2009,0.535,0.38461
St. Vincent and the Grenadines,2010,0.7000000000000001,0.38461
St. Vincent and the Grenadines,2011,1.145,0.38461
St. Vincent and the Grenadines,2012,0.8700000000000001,0.38461
St. Vincent and the Grenadines,2013,1.62,0.13077
St. Vincent and the Grenadines,2014,1.62,0.13077
St. Vincent and the Grenadines,2015,1.145,0.13077
St. Vincent and the Grenadines,2016,1.395,0.13077
St. Vincent and the Grenadines,2017,1.395,0.06154
St. Vincent and the Grenadines,2018,1.56,0.06154
St. Vincent and the Grenadines,2019,1.395,0.06154
St. Vincent and the Grenadines,2020,0.925,0.06154
St. Vincent and the Grenadines,2021,0.955,0.06154
St. Vincent and the Grenadines,2022,1.1,0.0
Sudan,2007,5.705,6.476920000000001
Sudan,2008,5.745,7.123080000000001
Sudan,2009,5.315,5.64615
Sudan,2010,5.41,5.0
Sudan,2011,6.615,7.823080000000001
Sudan,2012,6.94,8.26923
Sudan,2013,6.970000000000001,6.538460000000001
Sudan,2014,6.37,6.407690000000001
Sudan,2015,6.12,3.52308
Sudan,2016,5.87,3.13846
Sudan,2017,6.7,2.69231
Sudan,2018,6.2,1.85385
Sudan,2019,6.835000000000001,1.98462
Sudan,2020,5.81,2.37692
Sudan,2021,3.17,1.66923
Sudan,2022,4.805000000000001,3.4615
Suriname,2007,0.035,0.0
Suriname,2008,0.2,0.0
Suriname,2009,0.7000000000000001,0.0
Suriname,2010,0.93,0.38461
Suriname,2011,1.265,0.63846
Suriname,2012,0.515,0.63846
Suriname,2013,0.18,0.63846
Suriname,2014,0.18,0.0
Suriname,2015,0.39,0.0
Suriname,2016,0.905,0.0
Suriname,2017,0.905,0.0
Suriname,2018,0.905,0.0
Suriname,2019,0.905,0.0
Suriname,2020,0.905,0.0
Suriname,2021,1.14,0.0
Suriname,2022,0.895,0.0
Sweden,2007,1.2,0.7000000000000001
Sweden,2008,1.535,1.73077
Sweden,2009,1.72,2.95385
Sweden,2010,1.47,2.36923
Sweden,2011,2.055,3.90769
Sweden,2012,1.92,4.169230000000001
Sweden,2013,3.61,4.169230000000001
Sweden,2014,2.385,4.553850000000001
Sweden,2015,1.86,2.56154
Sweden,2016,2.76,3.46154
Sweden,2017,2.26,4.546150000000001
Sweden,2018,2.76,3.33077
Sweden,2019,2.595,1.53077
Sweden,2020,3.08,2.94615
Sweden,2021,2.315,2.17692
Sweden,2022,2.995,2.5615
Switzerland,2007,1.16,1.73077
Switzerland,2008,0.8800000000000001,2.11538
Switzerland,2009,1.495,2.5
Switzerland,2010,2.33,2.88461
Switzerland,2011,2.245,3.26923
Switzerland,2012,2.08,2.69231
Switzerland,2013,2.58,1.93077
Switzerland,2014,2.4,1.66923
Switzerland,2015,2.915,5.061540000000001
Switzerland,2016,2.68,4.738460000000001
Switzerland,2017,2.55,4.61538
Switzerland,2018,2.55,3.96923
Switzerland,2019,2.55,3.39231
Switzerland,2020,2.385,3.39231
Switzerland,2021,2.55,1.73077
Switzerland,2022,3.3,1.7308
Syria,2007,4.515000000000001,5.32308
Syria,2008,5.800000000000001,5.57692
Syria,2009,7.145,5.06923
Syria,2010,7.265000000000001,3.26923
Syria,2011,7.53,5.83077
Syria,2012,7.98,8.846150000000002
Syria,2013,7.380000000000001,7.823080000000001
Syria,2014,7.61,8.330770000000001
Syria,2015,7.61,9.23077
Syria,2016,7.81,9.03846
Syria,2017,8.275,8.976920000000002
Syria,2018,8.175,9.1
Syria,2019,8.275,7.884620000000001
Syria,2020,7.510000000000001,7.369230000000001
Syria,2021,8.01,8.26923
Syria,2022,7.895,8.0769
Taiwan,2007,0.5,0.0
Taiwan,2008,0.5,0.0
Taiwan,2009,0.765,0.0
Taiwan,2010,1.015,0.0
Taiwan,2011,0.5800000000000001,0.0
Taiwan,2012,1.18,0.0
Taiwan,2013,0.93,0.0
Taiwan,2014,0.68,0.0
Taiwan,2015,1.185,0.0
Taiwan,2016,2.185,0.5153800000000001
Taiwan,2017,1.685,0.7000000000000001
Taiwan,2018,1.705,0.7000000000000001
Taiwan,2019,1.705,0.31538
Taiwan,2020,1.47,0.25385
Taiwan,2021,0.95,0.25385
Taiwan,2022,1.12,0.0
Tajikistan,2007,4.465000000000001,2.24615
Tajikistan,2008,6.44,1.09231
Tajikistan,2009,7.040000000000001,2.23846
Tajikistan,2010,6.475000000000001,2.30769
Tajikistan,2011,5.635000000000001,2.24615
Tajikistan,2012,7.2,2.36923
Tajikistan,2013,6.825,2.17692
Tajikistan,2014,6.585000000000001,1.09231
Tajikistan,2015,7.06,1.47692
Tajikistan,2016,7.460000000000001,1.09231
Tajikistan,2017,7.460000000000001,1.98462
Tajikistan,2018,7.930000000000001,3.07692
Tajikistan,2019,6.930000000000001,3.90769
Tajikistan,2020,7.53,3.13846
Tajikistan,2021,7.78,2.56154
Tajikistan,2022,6.680000000000001,1.5385
Tanzania,2007,2.1,3.46154
Tanzania,2008,3.765,2.43846
Tanzania,2009,2.395,0.9
Tanzania,2010,3.905,5.13077
Tanzania,2011,3.705000000000001,5.38461
Tanzania,2012,3.415,5.96154
Tanzania,2013,3.335,7.761540000000001
Tanzania,2014,3.055,3.4
Tanzania,2015,3.4,3.2
Tanzania,2016,4.62,2.56154
Tanzania,2017,4.720000000000001,2.94615
Tanzania,2018,5.135000000000001,3.33077
Tanzania,2019,5.470000000000001,2.81538
Tanzania,2020,5.055000000000001,1.28462
Tanzania,2021,5.220000000000001,2.63077
Tanzania,2022,4.970000000000001,3.0769
Thailand,2007,2.63,2.63077
Thailand,2008,3.97,2.76154
Thailand,2009,3.37,4.61538
Thailand,2010,3.45,5.45385
Thailand,2011,3.41,6.09231
Thailand,2012,3.575,7.500000000000001
Thailand,2013,4.425000000000001,6.22308
Thailand,2014,4.385000000000001,5.9
Thailand,2015,4.380000000000001,5.26154
Thailand,2016,5.27,4.87692
Thailand,2017,4.575,4.74615
Thailand,2018,5.44,4.553850000000001
Thailand,2019,5.340000000000001,4.230770000000001
Thailand,2020,5.090000000000001,3.33077
Thailand,2021,5.090000000000001,4.869230000000001
Thailand,2022,5.11,3.4615
Timor-Leste,2007,0.91,4.230770000000001
Timor-Leste,2008,0.34,2.43077
Timor-Leste,2009,0.0,4.230770000000001
Timor-Leste,2010,0.5,2.94615
Timor-Leste,2011,1.0,3.46154
Timor-Leste,2012,1.065,1.79231
Timor-Leste,2013,1.425,3.07692
Timor-Leste,2014,1.465,2.30769
Timor-Leste,2015,1.585,3.33077
Timor-Leste,2016,1.57,1.92308
Timor-Leste,2017,1.04,1.73077
Timor-Leste,2018,1.055,0.8307700000000001
Timor-Leste,2019,1.04,0.96154
Timor-Leste,2020,1.055,0.44615
Timor-Leste,2021,0.905,0.44615
Timor-Leste,2022,0.925,0.4462
Togo,2007,2.795,0.0
Togo,2008,0.915,0.0
Togo,2009,1.23,0.0
Togo,2010,1.35,0.25385
Togo,2011,1.715,0.25385
Togo,2012,1.73,0.25385
Togo,2013,1.525,0.0
Togo,2014,1.855,0.25385
Togo,2015,2.045,1.92308
Togo,2016,2.045,1.15385
Togo,2017,2.145,0.8307700000000001
Togo,2018,2.045,0.8307700000000001
Togo,2019,2.56,0.8307700000000001
Togo,2020,2.46,0.8307700000000001
Togo,2021,2.71,0.8307700000000001
Togo,2022,3.0,1.6
Tonga,2007,1.99,0.0
Tonga,2008,1.69,0.0
Tonga,2009,1.565,0.0
Tonga,2010,1.83,0.0
Tonga,2011,1.665,0.0
Tonga,2012,1.59,0.0
Tonga,2013,1.84,0.0
Tonga,2014,1.84,0.0
Tonga,2015,1.54,0.0
Tonga,2016,1.61,0.0
Tonga,2017,1.61,0.25385
Tonga,2018,1.61,0.25385
Tonga,2019,1.61,0.25385
Tonga,2020,1.61,0.25385
Tonga,2021,2.025,0.0
Tonga,2022,2.025,0.0
Trinidad and Tobago,2007,0.28,0.63846
Trinidad and Tobago,2008,1.115,2.17692
Trinidad and Tobago,2009,0.63,0.9
Trinidad and Tobago,2010,0.8800000000000001,1.15385
Trinidad and Tobago,2011,1.215,0.7692300000000001
Trinidad and Tobago,2012,1.23,0.0
Trinidad and Tobago,2013,1.065,0.0
Trinidad and Tobago,2014,1.05,0.0
Trinidad and Tobago,2015,0.98,0.19231
Trinidad and Tobago,2016,0.8400000000000001,2.11538
Trinidad and Tobago,2017,0.8400000000000001,1.21538
Trinidad and Tobago,2018,0.8550000000000001,2.04615
Trinidad and Tobago,2019,1.02,0.8307700000000001
Trinidad and Tobago,2020,1.02,0.8307700000000001
Trinidad and Tobago,2021,1.175,0.8307700000000001
Trinidad and Tobago,2022,1.845,1.1538
Tunisia,2007,4.785,3.78461
Tunisia,2008,5.87,2.36923
Tunisia,2009,5.155,1.53846
Tunisia,2010,7.69,0.96154
Tunisia,2011,5.755000000000001,3.53077
Tunisia,2012,5.12,6.800000000000001
Tunisia,2013,4.890000000000001,5.76923
Tunisia,2014,4.69,5.51538
Tunisia,2015,4.135000000000001,5.253850000000001
Tunisia,2016,5.705,3.59231
Tunisia,2017,5.07,3.77692
Tunisia,2018,6.32,4.492310000000001
Tunisia,2019,5.57,4.684620000000001
Tunisia,2020,6.170000000000001,3.53077
Tunisia,2021,5.82,3.59231
Tunisia,2022,6.235,5.0
Turkey,2007,6.56,4.67692
Turkey,2008,6.210000000000001,5.06923
Turkey,2009,6.37,4.361540000000001
Turkey,2010,5.815,4.869230000000001
Turkey,2011,5.300000000000001,4.169230000000001
Turkey,2012,6.380000000000001,5.45385
Turkey,2013,7.380000000000001,4.492310000000001
Turkey,2014,8.08,5.13077
Turkey,2015,6.830000000000001,6.15385
Turkey,2016,7.03,6.538460000000001
Turkey,2017,7.130000000000001,5.253850000000001
Turkey,2018,6.880000000000001,3.58462
Turkey,2019,7.03,4.100000000000001
Turkey,2020,6.23,4.61538
Turkey,2021,6.23,2.36923
Turkey,2022,6.73,3.3308
Turkmenistan,2007,5.575,1.53846
Turkmenistan,2008,6.45,0.89231
Turkmenistan,2009,6.675000000000001,1.15385
Turkmenistan,2010,5.590000000000001,1.15385
Turkmenistan,2011,6.15,0.7692300000000001
Turkmenistan,2012,5.815,0.63846
Turkmenistan,2013,6.4,0.38461
Turkmenistan,2014,7.100000000000001,1.02308
Turkmenistan,2015,6.9,0.5153800000000001
Turkmenistan,2016,7.870000000000001,0.5153800000000001
Turkmenistan,2017,7.870000000000001,0.44615
Turkmenistan,2018,7.870000000000001,1.98462
Turkmenistan,2019,7.620000000000001,1.21538
Turkmenistan,2020,6.12,1.21538
Turkmenistan,2021,7.120000000000001,1.98462
Turkmenistan,2022,4.77,1.8615
Tuvalu,2007,1.8,2.05385
Tuvalu,2008,2.87,1.02308
Tuvalu,2009,2.87,2.82308
Tuvalu,2010,2.885,1.66923
Tuvalu,2011,1.6,1.79231
Tuvalu,2012,3.285,3.71538
Tuvalu,2013,3.285,3.71538
Tuvalu,2014,3.065,2.56923
Tuvalu,2015,3.285,2.05385
Tuvalu,2016,2.95,2.17692
Tuvalu,2017,1.985,2.75385
Tuvalu,2018,1.985,1.98462
Tuvalu,2019,1.95,1.21538
Tuvalu,2020,1.95,1.21538
Tuvalu,2021,2.2,1.21538
Tuvalu,2022,2.285,2.2385
Uganda,2007,2.4,0.38461
Uganda,2008,2.8,2.05385
Uganda,2009,4.095000000000001,0.32308
Uganda,2010,3.43,5.76923
Uganda,2011,2.915,6.538460000000001
Uganda,2012,2.54,6.284610000000001
Uganda,2013,3.67,4.107690000000001
Uganda,2014,4.825,4.230770000000001
Uganda,2015,2.93,5.63846
Uganda,2016,4.115,6.284610000000001
Uganda,2017,2.385,6.730770000000001
Uganda,2018,3.0,4.361540000000001
Uganda,2019,3.01,3.26154
Uganda,2020,2.525,2.10769
Uganda,2021,2.525,6.08462
Uganda,2022,2.965,3.7769
Ukraine,2007,2.585,1.92308
Ukraine,2008,2.635,3.33846
Ukraine,2009,2.1,2.05385
Ukraine,2010,4.015000000000001,3.97692
Ukraine,2011,3.895,3.52308
Ukraine,2012,4.44,4.100000000000001
Ukraine,2013,4.130000000000001,2.94615
Ukraine,2014,3.965,4.67692
Ukraine,2015,4.41,4.74615
Ukraine,2016,4.16,6.800000000000001
Ukraine,2017,3.81,7.053850000000001
Ukraine,2018,4.81,5.9
Ukraine,2019,4.66,4.869230000000001
Ukraine,2020,4.180000000000001,4.869230000000001
Ukraine,2021,4.08,4.74615
Ukraine,2022,4.930000000000001,6.1538
United Arab Emirates,2007,3.915,0.13077
United Arab Emirates,2008,4.350000000000001,0.63846
United Arab Emirates,2009,4.165,0.7692300000000001
United Arab Emirates,2010,4.340000000000001,0.7692300000000001
United Arab Emirates,2011,5.54,0.7692300000000001
United Arab Emirates,2012,5.955,1.66154
United Arab Emirates,2013,4.62,1.53846
United Arab Emirates,2014,4.17,1.85385
United Arab Emirates,2015,5.965000000000001,0.5769200000000001
United Arab Emirates,2016,5.865,0.96154
United Arab Emirates,2017,5.83,0.95385
United Arab Emirates,2018,5.765000000000001,1.14615
United Arab Emirates,2019,5.765000000000001,1.14615
United Arab Emirates,2020,5.73,0.8307700000000001
United Arab Emirates,2021,5.98,0.44615
United Arab Emirates,2022,6.15,0.7000000000000001
United Kingdom,2007,1.62,1.6
United Kingdom,2008,2.78,3.4
United Kingdom,2009,2.795,3.78461
United Kingdom,2010,4.33,6.22308
United Kingdom,2011,2.995,6.346150000000001
United Kingdom,2012,2.98,6.03077
United Kingdom,2013,1.7,5.38461
United Kingdom,2014,1.6,4.361540000000001
United Kingdom,2015,2.245,6.02308
United Kingdom,2016,2.25,6.607690000000001
United Kingdom,2017,2.585,6.800000000000001
United Kingdom,2018,2.75,4.553850000000001
United Kingdom,2019,3.2,5.13077
United Kingdom,2020,2.75,4.361540000000001
United Kingdom,2021,3.4,3.97692
United Kingdom,2022,2.65,3.2077
United States,2007,1.615,1.92308
United States,2008,1.615,1.79231
United States,2009,1.615,1.98462
United States,2010,2.735,3.39231
United States,2011,3.035,2.43846
United States,2012,3.65,1.92308
United States,2013,3.035,3.14615
United States,2014,2.685,5.19231
United States,2015,3.65,4.238460000000001
United States,2016,3.2,3.59231
United States,2017,3.3,4.423080000000001
United States,2018,3.2,2.63077
United States,2019,3.2,1.60769
United States,2020,2.7,1.86154
United States,2021,2.365,1.15385
United States,2022,2.715,1.2846
Uruguay,2007,0.345,0.64615
Uruguay,2008,0.455,0.5153800000000001
Uruguay,2009,0.345,0.0
Uruguay,2010,0.345,0.0
Uruguay,2011,0.345,0.0
Uruguay,2012,0.345,0.7692300000000001
Uruguay,2013,0.345,0.25385
Uruguay,2014,0.42,0.25385
Uruguay,2015,0.39,0.0
Uruguay,2016,0.805,1.28461
Uruguay,2017,1.055,0.96154
Uruguay,2018,1.555,1.98462
Uruguay,2019,1.555,0.7000000000000001
Uruguay,2020,1.07,0.56923
Uruguay,2021,0.905,0.31538
Uruguay,2022,2.04,0.0615
Uzbekistan,2007,7.735,3.26923
Uzbekistan,2008,8.245000000000001,2.89231
Uzbekistan,2009,8.16,1.73077
Uzbekistan,2010,7.910000000000001,2.24615
Uzbekistan,2011,7.03,1.99231
Uzbekistan,2012,7.645,1.99231
Uzbekistan,2013,8.345,1.53846
Uzbekistan,2014,8.245000000000001,1.60769
Uzbekistan,2015,7.970000000000001,1.09231
Uzbekistan,2016,7.77,1.09231
Uzbekistan,2017,7.995000000000001,1.66923
Uzbekistan,2018,7.495000000000001,2.17692
Uzbekistan,2019,7.220000000000001,2.94615
Uzbekistan,2020,7.220000000000001,2.75385
Uzbekistan,2021,7.970000000000001,2.75385
Uzbekistan,2022,7.27,2.5615
Vanuatu,2007,1.04,1.02308
Vanuatu,2008,0.805,2.04615
Vanuatu,2009,0.98,0.0
Vanuatu,2010,0.98,0.38461
Vanuatu,2011,1.2,0.0
Vanuatu,2012,1.225,0.0
Vanuatu,2013,1.225,0.0
Vanuatu,2014,1.225,0.0
Vanuatu,2015,1.225,0.63846
Vanuatu,2016,1.505,1.66923
Vanuatu,2017,1.505,0.5769200000000001
Vanuatu,2018,1.255,0.31538
Vanuatu,2019,1.255,0.0
Vanuatu,2020,1.255,0.06154
Vanuatu,2021,1.49,0.31538
Vanuatu,2022,1.49,0.3154
Venezuela,2007,3.645,0.8384600000000001
Venezuela,2008,2.825,2.11538
Venezuela,2009,2.525,1.15385
Venezuela,2010,3.49,0.7692300000000001
Venezuela,2011,3.325,1.46923
Venezuela,2012,3.945,1.85385
Venezuela,2013,2.905,0.7000000000000001
Venezuela,2014,2.905,0.95385
Venezuela,2015,2.66,0.25385
Venezuela,2016,3.225,0.63846
Venezuela,2017,3.925,1.40769
Venezuela,2018,4.075,0.8307700000000001
Venezuela,2019,3.825,1.53846
Venezuela,2020,2.91,1.47692
Venezuela,2021,2.81,0.96154
Venezuela,2022,3.06,0.4462
Vietnam,2007,6.550000000000001,1.16154
Vietnam,2008,5.970000000000001,2.56154
Vietnam,2009,6.31,5.00769
Vietnam,2010,7.025,3.97692
Vietnam,2011,6.62,4.61538
Vietnam,2012,6.665000000000001,5.63846
Vietnam,2013,6.085000000000001,3.59231
Vietnam,2014,6.100000000000001,2.69231
Vietnam,2015,6.600000000000001,2.30769
Vietnam,2016,6.505000000000001,1.02308
Vietnam,2017,7.605,1.46923
Vietnam,2018,7.505000000000001,2.10769
Vietnam,2019,6.435,2.94615
Vietnam,2020,6.170000000000001,2.82308
Vietnam,2021,6.335000000000001,2.5
Vietnam,2022,6.670000000000001,2.1154
Western Sahara,2007,4.82,3.26923
Western Sahara,2008,4.840000000000001,0.19231
Western Sahara,2009,5.205,2.56923
Western Sahara,2010,5.855,0.0
Western Sahara,2011,5.340000000000001,0.19231
Western Sahara,2012,6.090000000000001,0.0
Western Sahara,2013,6.170000000000001,0.0
Western Sahara,2014,6.205,1.02308
Western Sahara,2015,6.505000000000001,0.7692300000000001
Western Sahara,2016,7.005000000000001,0.0
Western Sahara,2017,6.505000000000001,0.0
Western Sahara,2018,6.605,0.0
Western Sahara,2019,5.505000000000001,0.44615
Western Sahara,2020,5.840000000000001,0.44615
Western Sahara,2021,5.835000000000001,0.44615
Western Sahara,2022,6.755000000000001,0.0
Yemen,2007,4.300000000000001,6.22308
Yemen,2008,5.420000000000001,6.09231
Yemen,2009,6.385000000000001,7.307690000000001
Yemen,2010,6.985,7.761540000000001
Yemen,2011,6.915000000000001,7.630770000000001
Yemen,2012,6.300000000000001,8.4
Yemen,2013,5.815,7.115380000000001
Yemen,2014,4.685,8.13846
Yemen,2015,4.65,8.076920000000001
Yemen,2016,5.470000000000001,6.346150000000001
Yemen,2017,4.685,7.246150000000001
Yemen,2018,6.62,6.669230000000001
Yemen,2019,6.02,5.13077
Yemen,2020,5.755000000000001,3.52308
Yemen,2021,5.52,4.169230000000001
Yemen,2022,5.435,4.4923
Zambia,2007,2.0,0.0
Zambia,2008,1.335,0.0
Zambia,2009,1.685,1.8
Zambia,2010,2.52,2.30769
Zambia,2011,1.775,1.66923
Zambia,2012,2.965,3.07692
Zambia,2013,2.85,1.53846
Zambia,2014,3.2,2.69231
Zambia,2015,2.98,2.56154
Zambia,2016,2.3,2.94615
Zambia,2017,3.155,2.04615
Zambia,2018,3.055,1.98462
Zambia,2019,3.055,0.8307700000000001
Zambia,2020,3.155,1.09231
Zambia,2021,3.49,1.86154
Zambia,2022,2.37,1.7308
Zimbabwe,2007,2.85,1.15385
Zimbabwe,2008,3.22,2.94615
Zimbabwe,2009,3.69,1.53846
Zimbabwe,2010,4.375,2.18461
Zimbabwe,2011,3.635,1.66923
Zimbabwe,2012,2.515,1.53846
Zimbabwe,2013,2.84,1.53846
Zimbabwe,2014,3.35,2.43846
Zimbabwe,2015,2.81,1.41538
Zimbabwe,2016,2.675,1.53846
Zimbabwe,2017,2.775,2.05385
Zimbabwe,2018,2.99,1.02308
Zimbabwe,2019,3.59,1.21538
Zimbabwe,2020,2.47,1.08462
Zimbabwe,2021,2.09,0.8307700000000001
Zimbabwe,2022,3.155,0.9615
