source_id,source_name,access_method,python_approach,update_frequency,coverage_countries,coverage_years,highest_tier,notes
VDEM,Varieties of Democracy (V-Dem),bulk_download,pd.read_csv on full dataset download,annual,180,1789-present,P1,Single largest source in framework. ~4000 variables. Download full dataset once; filter to needed variables. Codebook study essential before metric selection.
WGI,World Bank Worldwide Governance Indicators,api,wbgapi,annual,215,1996-present,P1,"Used as concept primary in 3 concepts (GE, PS, RQ); category cross-check elsewhere. wbgapi is clean and well-documented."
WDI,World Bank World Development Indicators,api,wbgapi,annual,217,1960-present,P1,Used for service delivery sector indicators. Select specific indicators only — dataset is very broad.
WJP,World Justice Project Rule of Law Index,bulk_download,pd.read_excel,annual,142,2012-present,P1,"Borderline coverage (~142 countries). Factors allocated by concept: F2=Corruption, F3=Legal Quality+Transparency, F4=Legal Quality, F5=Personal Security+Stability, F6=Regulatory Quality, F7+F8=Judicial Independence. Download Excel from worldjusticeproject.org."
FH_FIW,Freedom House Freedom in the World,bulk_download,pd.read_excel,annual,210,1973-present,P1,"Disciplined sub-component extraction required. Sub-categories by concept: A=Electoral Process, D=Expression+Belief (Civil Liberties+Media), E=Associational Rights (Civil Society), G=Personal Autonomy (Civil Liberties). Do NOT use composite FIW score."
FSI,Fragile States Index (Fund for Peace),bulk_download,pd.read_excel,annual,179,2006-present,P1,Different indicators by concept: P1 (Factionalized Elites) + S1 (Group Grievance) in Political Settlement; P2 (Public Services) in Service Delivery; C1 (Security Apparatus) in State Capacity.
IMF_FISCAL_RULES,IMF Fiscal Rules Database,bulk_download,pd.read_excel,annual,100,1985-present,P1,"Used in Macroeconomic policy framework. Covers existence, design, and compliance of fiscal rules. Download from IMF website."
IMF_AREAER,IMF Annual Report on Exchange Arrangements and Exchange Restrictions,bulk_download,pd.read_excel,annual,190,1950-present,P1,De jure exchange rate regime classification. Used in Macroeconomic policy framework alongside Reinhart-Rogoff de facto classifications.
IMF_IMAPP,IMF Integrated Macroprudential Policy Database,bulk_download,pd.read_excel,annual,130,1990-present,P1,Macroprudential policy adoption. Used in Macroeconomic policy framework. Download from IMF website.
IMF_SPI,World Bank Statistical Performance Indicators,api,wbgapi,annual,174,2016-present,P1,"Primary source for Statistical and informational infrastructure. Covers data infrastructure, sources, products, services, use."
ROMELLI_CBI,Romelli Central Bank Independence Index,bulk_download,pd.read_excel,irregular,155,1923-2021,P1,Current state-of-the-art for CBI. Updates require new paper/replication release — not annually updated. Verify currency at metric pass.
DINCER_CB,Dincer-Eichengreen Central Bank Transparency Index,bulk_download,pd.read_excel,irregular,120,1998-present,P1,CB transparency dimension for Macroeconomic policy framework. Update status and most recent year to verify at metric pass.
REINHART_ROGOFF,Reinhart-Rogoff Exchange Rate Classifications,bulk_download,pd.read_excel,irregular,190,1940-present,P1,De facto exchange rate regime. Complements AREAER de jure. Update frequency irregular — verify most recent release.
UNODC_HOMICIDE,UNODC Homicide Statistics,bulk_download,pd.read_excel,annual,200,1990-present,P1,Gold standard for Personal security and order. High S/N. Download from UNODC data portal.
PTS,Political Terror Scale,bulk_download,pd.read_excel,annual,190,1976-present,P1,Used in both Personal security (P1) and Civil liberties (P2). Indicator repetition tracked. Download from politicalterrorscale.org.
POWELL_THYNE,Powell-Thyne Coup Database,bulk_download,pd.read_csv,annual,200,1950-present,P1,Event-level coup data. Used in Political stability (P1) and Political settlement (Sp). Requires country-year panel construction from event data.
UCDP,Uppsala Conflict Data Program,bulk_download,pd.read_csv,annual,200,1946-present,P1,"Gold standard for armed conflict. Used in Political stability. Multiple datasets (GED, PRIO-Grid, dyadic). Use GED for country-year panel."
ACLED,Armed Conflict Location and Event Data,api,requests (ACLED API requires registration),continuous,250,1997-present,P1,Real-time event data. API requires free registration and key. Complements UCDP with broader event types.
TI_CPI,Transparency International Corruption Perceptions Index,bulk_download,pd.read_excel,annual,180,1995-present,P1,Standard corruption measure. Used in Control of corruption (P1). Aggregator of 13 underlying sources.
RSF_WPFI,RSF World Press Freedom Index,manual_optional,manual download only — see notes,annual,180,2002-present,P1,"Media freedom concept covered comprehensively by V-Dem primary indicators. RSF WPFI kept as optional annual manual cross-check only. No automated pipeline built. 2022+ data: manual download from rsf.org/en/index — new methodology, not comparable to pre-2022. Pre-2022 data available via OWID but uses old methodology (0=free, 100=unfree) — do not stitch with post-2022. If manual download needed: go to rsf.org/en/index, download Excel, place in data/raw/."
CPJ,Committee to Protect Journalists,bulk_download,pd.read_csv or requests,continuous,200,1992-present,P1,Journalist safety outcome measure for Media freedom. Event-level data requiring country-year aggregation. CPJ database accessible via website download.
CIVICUS,CIVICUS Monitor,bulk_download,pd.read_excel or requests,annual,197,2017-present,P1,Used in Political participation (P1) and Civil society space (P1). Categorical scoring (Open/Narrowed/Obstructed/Repressed/Closed). Short time series.
IDEA_EMB,IDEA Electoral Management Design Database,bulk_download,pd.read_excel,irregular,220,varies,P1,EMB design and independence for Electoral process. Structural/design data rather than time series. Update frequency to verify.
PEI,Electoral Integrity Project — Perceptions of Electoral Integrity,bulk_download,pd.read_csv,per_election,170,2012-present,P1,Per-election cadence requires constructing most-recent-election panel. 49 indicators across 11 dimensions. Download from Electoral Integrity Project website.
CCP,Comparative Constitutions Project,bulk_download,pd.read_csv,irregular,200,1789-present,P1,"De jure constitutional framework. Used across Legal quality, Judicial independence, Property rights, Legislative checks, Electoral process. Constitute Project is the searchable interface."
DPI,Database of Political Institutions,bulk_download,pd.read_excel,annual,180,1975-present,P2,Party fragmentation and government composition proxies. Used in Political settlement (P2). World Bank hosted.
GPI,Global Peace Index (IEP),manual_annual,manual download — see notes,annual,163,2008-present,P2,"Political stability concept well covered by UCDP, FSI, WGI PV and V-Dem. GPI adds militarization and societal safety dimensions as secondary cross-check. No automated pipeline — IEP blocks direct downloads. Manual download: go to visionofhumanity.org/maps/, click Download Data, save Excel to data/raw/. Historical panel available from 2008. Annual release in June."
ODIN,Open Data Inventory (Open Data Watch),bulk_download,pd.read_csv,biennial,195,2016-present,P1,Best-in-class for accessibility/openness sub-dimension of Statistical infrastructure. Also supplementary in Government transparency.
PEFA,Public Expenditure and Financial Accountability,tier3_pdf,PDF extraction — pdfplumber + manual review,per_country_4_7yr,150,2001-present,P1,Gold standard for PFM. Irregular per-country timing is the key operational challenge. PEFA Secretariat portal has structured data for some indicators. Verify portal coverage before committing to PDF extraction.
OBS,Open Budget Survey (IBP),bulk_download,pd.read_excel,biennial,120,2006-present,P1,Used in PFM (P1) and Government transparency (P2). Biennial cadence. Download from IBP website.
FATF,FATF Mutual Evaluation Ratings,tier2_structured,requests or pd.read_html from fatf-gafi.org,per_country_10yr,200,2004-present,P1,AML/CFT compliance ratings. Structured ratings on fatf-gafi.org are scrapeable. Full reports are PDFs (Tier 3). Per-country cycle ~10 years with intermediate follow-ups.
BASEL_AML,Basel AML Index,bulk_download,pd.read_excel,annual,205,2012-present,P1,"AML/CFT risk composite synthesising FATF and other sources. Annual, free, broad coverage. Practical workhorse for financial sector regulatory concept."
HERITAGE_TR,Heritage Index of Economic Freedom — Trade Freedom,bulk_download,pd.read_excel,annual,180,1995-present,P1,Used in Trade governance. Lower ideological loading for trade openness dimension than other Heritage components.
HERITAGE_PR,Heritage Index of Economic Freedom — Property Rights,bulk_download,pd.read_excel,annual,180,1995-present,P1,Used in Property rights and contract enforcement. Lower loading than other Heritage components for this dimension.
WB_LPI,World Bank Logistics Performance Index,via_wdi,wbgapi — see WDI pipeline,irregular,139,2007-present,P1,Logistics Performance Index overall score. Available via WDI (LP.LPI.OVRL.XQ). Added to WDI pipeline. No standalone LPI pipeline needed.
OECD_TFI,OECD Trade Facilitation Indicators,bulk_download,pd.read_excel,biennial,163,2012-present,P1,11 indicators covering trade administration. Updated every 2-3 years. Download from OECD website.
KOF_TRADE,KOF Globalisation Index — Trade subindex,bulk_download,pd.read_excel,annual,200,1970-present,P1,De jure and de facto trade openness. Lower ideological framing than Heritage/Fraser. Download from KOF Swiss Economic Institute.
UNCTAD_NTM,UNCTAD Non-Tariff Measures Database,bulk_download,pd.read_excel,irregular,110,varies,P1,Only good cross-country NTM source. Borderline coverage (~110). Update frequency irregular. Download from UNCTAD website.
YALE_EPI,Yale Environmental Performance Index,bulk_download,pd.read_csv,biennial,180,2006-present,P1,Used in Environmental governance. Use policy/institutional sub-components only — not headline composite. Biennial.
CLIMATE_LAWS,LSE Grantham Climate Laws Database,bulk_download,pd.read_csv or requests,continuous,200,1800-present,P1,De jure environmental and climate framework. Continuously updated. Download from climatecasechart.com / climate-laws.org.
ND_GAIN,ND-GAIN Country Index,bulk_download,pd.read_csv,annual,192,1995-present,P1,Governance and readiness sub-scores for Environmental governance. Use sub-scores not headline index. Download from gain.nd.edu.
IRENA_CAPACITY,IRENA Renewables Capacity Statistics,bulk_download,pd.read_excel,annual,200,2000-present,P1,Renewables outcomes for Environmental governance. High S/N for renewables specifically. Download from IRENA website.
IRENA_POLICY,IRENA Renewable Energy Policies Database,bulk_download,pd.read_excel or requests,continuous,200,varies,P1,Renewables policy adoption. Complements IRENA capacity outcomes. Download from IRENA website.
WB_CARBON,World Bank Carbon Pricing Dashboard,bulk_download,pd.read_excel or requests,annual,100,varies,P1,Carbon pricing existence and design. Universal coverage for countries with carbon pricing. Download from World Bank.
HANSON_SIGMAN,Hanson-Sigman State Capacity Index,bulk_download,pd.read_csv,irregular,169,1960-2021,Sp,Supplementary cross-check for State capacity. Last update 2021. Double-counting caveat — incorporates V-Dem and other framework sources.
WTO_TFA,WTO Trade Facilitation Agreement Implementation,bulk_download,requests or pd.read_html,continuous,164,2017-present,P1,Country commitments and implementation. All WTO members. Continuously updated on WTO website.
IPU_PARLINE,IPU Parline Database,bulk_download,requests or pd.read_html,continuous,190,varies,P1,Legislative structural features and oversight powers. Universal coverage. Authoritative source. Continuously updated.
RTI_RATING,Centre for Law and Democracy / Access Info Europe RTI Rating,bulk_download,pd.read_excel or requests,irregular,138,2011-present,P2,FOI/RTI legislation quality. Borderline coverage (~138). Used in Media freedom (P2) and Government transparency (P1).
TI_POLFINANCE,Transparency International Political Finance Database,bulk_download,pd.read_excel,irregular,180,varies,P2,Unique to Government transparency concept. Political party and campaign finance transparency.
WIPO,WIPO IP Statistics,via_wdi,wbgapi — see WDI pipeline,annual,190,varies,P2,"Patent and trademark application data available via WDI (wbgapi). Indicators: IP.PAT.RESD, IP.PAT.NRES, IP.TMK.RSCT, IP.TMK.NRCT. All added to WDI pipeline. No standalone WIPO pipeline needed."
ILO_SOCIAL,ILO Social Security Coverage,via_wdi,wbgapi — see WDI pipeline,annual,150,varies,P2,"Social protection coverage indicators available via World Bank API (wbgapi). Indicators: per_allsp.cov_pop_tot, per_sa_allsa.cov_pop_tot, per_si_allsi.cov_pop_tot. All added to WDI pipeline. No standalone ILO pipeline needed."
WB_INFORMAL,World Bank Informal Economy Database,bulk_download,pd.read_excel,irregular,160,varies,P2,Informality as proxy for state reach. Used in State capacity (P2). Update frequency to verify.
FRASER_REG,Fraser Economic Freedom — Regulation area,automated_scrape,requests — scrape annual report page for XLSX URL,annual,165,1970-present,P2,"Fraser EFW Area 5 (Regulation). Automated pipeline — scrapes annual report page to find XLSX URL. Uses EFW Panel Dataset sheet (chain-linked, base year 2020). Same file as FRASER_LEGAL: fraser_clean.csv. Coverage: 1990-2023, 165 countries."
FRASER_LEGAL,Fraser Economic Freedom — Legal System and Property Rights,automated_scrape,requests — scrape annual report page for XLSX URL,annual,165,1970-present,P2,"Fraser EFW Area 2 (Legal System and Property Rights). Automated pipeline — scrapes annual report page to find XLSX URL. Also includes Area 4 (Trade Freedom). Same file as FRASER_REG: fraser_clean.csv. Coverage: 1990-2023, 165 countries."
PEW_GRI,Pew Government Restrictions Index and Social Hostilities Index,bulk_download,pd.read_excel,annual,200,2007-present,P2,Religious freedom dimension for Civil liberties. Tier 2 — religious freedom less central to political accountability than expression/dissent.
WB_WBL,"World Bank Women, Business and the Law",api,wbgapi,annual,190,1971-present,P2,Gender equality dimension for Civil liberties. Direct legal protections measurement. High S/N.
NELDA,National Elections Across Democracy and Autocracy,bulk_download,pd.read_csv,irregular,200,1945-present,P2,Event-level election data for Electoral process (P2). Requires country-year construction. Update status to verify.
IDEA_PARTIP,IDEA Global State of Democracy — Participatory Engagement,bulk_download,pd.read_excel,annual,173,1975-present,P2,Used in Political participation (P2). Some V-Dem double-counting given underlying sources. Download from IDEA website.
BCI,Bayesian Corruption Indicator,bulk_download,pd.read_csv,irregular,190,varies,P2,Latent-variable cross-check for Control of corruption. Update currency to verify at metric pass.
GLOBAL_DATA_BAROMETER,Global Data Barometer,bulk_download,pd.read_csv,irregular,109,2021-present,Sp,Open data dimension. Borderline coverage (~109). Unique to Government transparency. Successor to defunct Open Data Barometer.
IMF_SPI_SDDS,IMF Data Standards Subscriptions (SDDS/eGDDS),bulk_download,requests or pd.read_html,continuous,190,1996-present,P2,De jure standards compliance for Statistical infrastructure. Universal IMF members. Tiered by income group.
WHO_GHO,WHO Global Health Observatory,via_wdi,wbgapi — see WDI pipeline,annual,200,varies,P1,"Health workforce and outcomes data sourced from WHO Global Health Workforce Statistics. All required indicators available via WDI (wbgapi). Standalone WHO GHO pipeline not built — GHO OData API deprecated end-2025. Indicators covered: physicians/1000, nurses/1000, hospital beds/1000, UHC coverage index."
UNESCO_UIS,UNESCO Institute for Statistics,via_wdi,wbgapi — see WDI pipeline,annual,200,varies,P1,"Education indicators sourced from UNESCO UIS, distributed via WDI (wbgapi). Standalone UNESCO UIS pipeline not built. Indicators covered: education expenditure % GDP, education expenditure % govt, pupil-teacher ratios primary and secondary."
UNDP_HDI,UNDP Human Development Index sub-indicators,via_wdi,wbgapi — see WDI pipeline,annual,193,1990-present,P1,"HDI sub-indicators available via WDI (wbgapi). Indicators added to WDI pipeline: SP.DYN.LE00.IN (life expectancy), NY.GNP.PCAP.PP.CD (GNI per capita PPP). Years of schooling not available via WDI — enrollment rates used as substitute. Composite HDI index not used per framework design. No standalone UNDP pipeline needed."
WB_HCI,World Bank Human Capital Index,via_wdi,wbgapi — see WDI pipeline,biennial,170,2018-present,P2,"Standard HCI (HD.HCI.OVRL) not available via WB API. Using HCI+ overall total (HD_HCIP_OVRL_TO) as substitute — same concept, expanded methodology. Added to WDI pipeline. No standalone HCI pipeline needed."
POLITY5,Polity5,bulk_download,pd.read_excel,irregular,167,1800-2018,P2,Limited use given V-Dem supersession. Durable (Sp) in Political stability; XCONST (P2) in Legislative checks; electoral components (Sp) in Electoral process. Update reliability concern — verify currency.
LINZER_STATON,Linzer-Staton Judicial Independence Index,bulk_download,pd.read_csv,irregular,200,1948-present,Sp,Supplementary cross-check for Judicial independence. Methodologically sophisticated latent variable. Update frequency to verify.
ICNL,ICNL Civic Freedom Monitor,tier3_web,requests / manual review,irregular,100,varies,Sp,De jure legal framework for Civil society space. Uneven coverage. Supplementary only.
