country_code,supervisory_power,supervisory_independence,capital_stringency,private_monitoring,resolution_regime,provisioning,liquidity_concentration,macroprudential,supervisory_capacity,brss_regstringency,brss_coverage,brss_reliable
ALB,0.6667,0.75,0.4181,0.7273,0.5714,1.0,0.6667,0.7143,0.765,0.6935,0.964,True
AGO,1.0,0.5,0.5595,1.0,0.5,0.6667,1.0,0.8571,0.665,0.7575,0.893,True
ATG,0.8333,0.5,0.68,0.8182,0.5,0.5,0.4,0.5,0.625,0.6077,0.911,True
ARG,0.6667,0.25,0.7583,0.4545,0.4286,1.0,0.8,0.5714,0.615,0.5654,1.0,True
ARM,0.8333,0.75,0.5736,0.7273,0.2857,0.8333,0.6,0.7143,0.537,0.6547,1.0,True
ABW,0.8333,0.5,0.2976,0.6364,0.5,0.5,0.4,0.1667,0.61,0.5057,0.911,True
AUS,0.5,0.75,0.8,0.7273,0.1429,0.5,0.8,0.4286,0.7,0.5641,1.0,True
AUT,0.8333,1.0,0.8,0.6364,0.4286,0.3333,0.6,0.7143,0.61,0.6835,1.0,True
AZE,0.8333,0.6667,0.1146,0.7273,0.5714,0.3333,0.6,0.7143,0.455,0.6092,0.982,True
BHR,1.0,0.25,0.7703,0.5455,0.7143,0.8333,0.6,0.5714,1.0,0.669,0.982,True
BGD,0.8333,0.75,0.6604,0.9091,0.5714,0.6667,1.0,0.8571,0.85,0.7871,1.0,True
BLR,0.8333,0.5,0.6368,0.4545,0.1429,0.5,0.4,0.4286,0.5655,0.4872,1.0,True
BEL,0.8333,0.5,0.675,0.8182,0.5714,0.8333,0.8,0.7143,0.635,0.7013,1.0,True
BLZ,0.8333,0.5,0.2059,0.7273,0.2857,0.8333,0.4,0.4286,0.285,0.5196,1.0,True
BEN,0.5,1.0,0.1111,0.6,0.1429,0.8,1.0,0.3333,1.0,0.576,0.804,True
BMU,1.0,0.75,0.8567,0.7273,0.2857,0.6,0.6,0.8571,1.0,0.7355,0.964,True
BTN,0.6667,0.75,0.6146,0.4,0.0,1.0,0.6,0.5,0.25,0.507,0.857,True
BOL,0.6667,0.5,0.3812,0.6364,0.4,0.6667,0.6,0.25,0.5125,0.5047,0.911,True
BIH,0.5,0.6667,0.5819,0.8182,0.4286,0.8333,1.0,0.1429,0.574,0.5787,0.946,True
BWA,1.0,0.5,0.6719,0.9091,0.3333,1.0,0.4,0.5714,0.785,0.6775,0.982,True
BRA,0.8333,0.25,0.8154,0.6364,0.4286,0.6667,0.8,0.8571,0.815,0.6506,1.0,True
VGB,0.8333,0.75,0.4542,0.6364,0.0,0.0,0.4,0.3333,0.5,0.4614,0.911,True
BGR,0.6667,0.75,0.8,0.8182,0.8571,0.5,0.8,0.5714,1.0,0.7448,1.0,True
BFA,0.5,1.0,0.1111,0.6,0.1429,0.8,1.0,0.3333,1.0,0.576,0.804,True
BDI,0.5,0.75,0.5113,0.6364,0.2,1.0,0.6,0.4286,0.515,0.5469,0.964,True
CPV,1.0,1.0,0.3958,0.9,0.4286,0.8333,0.3333,0.5,0.915,0.7239,0.839,True
CAN,0.6667,0.75,0.7722,0.6364,0.8571,0.5,0.6,0.8571,1.0,0.7433,0.982,True
CYM,0.6667,0.75,0.5396,0.5455,0.0,0.3333,0.6,0.3333,0.75,0.4867,0.982,True
CHL,0.8333,0.25,0.1667,0.7273,0.6,1.0,0.6667,0.5,0.53,0.5846,0.875,True
CHN,1.0,0.0,0.8,0.6364,0.5,1.0,0.75,1.0,,0.6787,0.804,True
COL,0.8333,0.5,0.3829,0.9091,0.1429,1.0,0.6,0.8571,0.835,0.6645,0.982,True
COM,,,1.0,0.8571,,,1.0,,,0.9286,0.196,False
COD,,,0.5896,1.0,,,,,,0.8632,0.161,False
COK,0.6667,1.0,0.3646,0.4545,0.0,0.8333,0.4,0.0,0.25,0.435,1.0,True
CRI,0.6667,0.5,0.3214,0.9091,0.3333,0.8333,0.8,0.5714,1.0,0.6368,0.964,True
HRV,1.0,0.75,0.8,0.9091,0.7143,0.8333,0.6,0.7143,0.6,0.7863,1.0,True
CUW,1.0,0.5,0.4002,0.6364,0.1429,0.6667,0.4,1.0,0.745,0.6264,1.0,True
CYP,0.4,0.5,0.8,0.7273,0.8571,0.6,0.6,1.0,0.94,0.7078,0.964,True
CZE,0.5,0.5,0.8,0.7273,0.7143,0.6667,0.8,1.0,0.575,0.6946,1.0,True
CIV,0.5,1.0,0.1111,0.6,0.1429,0.8,1.0,0.3333,1.0,0.576,0.804,True
DNK,0.75,0.6667,0.7597,0.7273,0.8333,0.6667,0.4,0.8333,,0.7267,0.875,True
DJI,1.0,0.5,0.5375,1.0,0.4,0.6,0.5,0.3333,0.085,0.5849,0.786,True
DOM,0.8333,0.25,0.1157,0.5455,0.4286,0.6667,0.4,0.5714,0.88,0.5229,0.964,True
ECU,0.5,0.25,0.294,0.9091,0.5714,1.0,0.4,0.1429,0.575,0.5011,0.982,True
SLV,0.6667,0.25,0.6143,1.0,0.1667,0.8333,0.6,0.5,0.585,0.5571,0.946,True
EST,0.3333,1.0,0.7875,0.7273,0.7143,1.0,0.6,0.5714,1.0,0.72,0.964,True
SWZ,,,0.6667,0.8333,,1.0,0.3333,,,0.7333,0.304,False
_EA,0.0,0.75,0.8,0.3333,,0.5,0.6,1.0,,0.5515,0.607,False
FJI,0.5,0.75,0.4861,0.4545,0.1429,1.0,0.6,0.7143,0.575,0.556,0.929,True
FIN,0.3333,0.5,0.8,0.7273,0.8571,0.5,0.6,0.8571,0.95,0.6714,0.982,True
FRA,0.6667,0.5,0.8,0.8182,0.5714,0.5,0.6,1.0,0.55,0.683,0.964,True
GMB,1.0,0.3333,0.2292,0.8,0.4,0.6667,0.4,0.5714,0.7475,0.5895,0.857,True
GEO,0.5,0.75,0.596,0.6364,0.2857,0.8333,0.4,0.7143,0.925,0.6091,1.0,True
DEU,1.0,0.5,0.8,0.9091,0.7143,0.6667,0.8,0.8571,0.4998,0.7663,1.0,True
GHA,0.8333,1.0,0.2056,0.7273,0.5714,1.0,0.4,0.5714,0.9,0.708,0.946,True
GIB,0.6667,1.0,0.6917,0.7273,0.8571,0.0,0.6,0.4286,0.415,0.6476,0.982,True
GRC,0.6667,0.5,0.8,0.7273,0.7143,0.75,0.4,0.2857,0.975,0.6223,0.964,True
GTM,0.6667,0.5,0.0729,0.6364,0.1429,0.8333,0.4,0.6667,0.77,0.5215,0.982,True
GGY,0.6667,0.5,0.721,0.6364,0.0,0.25,0.4,0.5714,0.55,0.4764,0.964,True
GNB,0.5,1.0,0.1111,0.6,0.1429,0.8,1.0,0.3333,1.0,0.576,0.804,True
GUY,0.8333,1.0,0.1968,0.6364,0.0,1.0,0.4,0.3333,0.635,0.5598,0.964,True
HTI,0.8333,0.75,0.4861,0.7273,0.2857,1.0,1.0,0.25,0.665,0.6317,0.839,True
HND,0.8333,0.75,0.4944,0.8182,0.5714,1.0,0.6,0.2857,0.95,0.683,0.946,True
HKG,0.6667,1.0,0.8,0.7273,0.4286,0.6667,0.8,0.8571,0.845,0.7479,1.0,True
HUN,0.8333,0.5,0.8,0.8182,0.5714,1.0,0.4,0.8571,1.0,0.74,0.964,True
ISL,0.8333,0.25,0.675,0.8182,0.6667,0.6,0.6,0.5714,0.94,0.6496,0.964,True
IND,0.8333,1.0,0.699,0.6364,0.4286,1.0,0.8,0.8571,0.65,0.7614,0.982,True
IDN,1.0,0.5,0.7861,0.7273,0.7143,1.0,0.8,0.7143,0.578,0.7483,1.0,True
IRL,0.25,0.75,0.675,0.6364,1.0,0.6,0.8,1.0,,0.7191,0.857,True
ISR,0.5,0.5,0.5089,0.6364,0.1429,1.0,0.8,0.8571,0.75,0.5951,0.982,True
ITA,1.0,0.5,0.7861,0.8182,1.0,0.6667,0.8,0.8333,0.515,0.7908,0.982,True
JAM,0.8333,0.6667,0.3611,0.5455,0.25,1.0,0.4,0.6667,,0.5912,0.821,True
JPN,1.0,0.5,0.55,0.5455,0.5714,0.5,0.6,0.8571,,0.6614,0.964,True
JEY,0.3333,0.75,0.5035,0.7273,0.0,0.3333,0.4,0.0,0.3,0.3684,0.839,True
JOR,0.8333,0.5,0.8833,0.8182,0.5714,0.5,0.4,0.5714,0.745,0.6512,1.0,True
KEN,0.6667,0.75,0.7446,0.8182,0.2857,0.8333,0.6,0.8571,0.9,0.7024,1.0,True
KOR,1.0,0.25,0.8,0.7273,0.1429,0.8333,0.6,1.0,,0.6518,0.946,True
XKX,0.8333,0.75,0.4486,0.8182,0.2857,1.0,0.4,0.7143,0.41,0.6473,1.0,True
KWT,0.6667,0.75,0.9198,0.7273,0.0,1.0,1.0,0.8571,0.56,0.6773,1.0,True
KGZ,1.0,0.75,0.446,0.7273,0.4286,0.8333,0.8,0.8,,0.7301,0.911,True
LVA,0.5,0.75,0.8,0.8182,0.7143,0.5,0.8,1.0,,0.7435,0.964,True
LBN,1.0,0.5,0.7826,0.6364,0.3333,0.8333,0.8,0.8571,0.755,0.7018,0.982,True
LSO,0.6667,1.0,0.1111,0.7273,0.0,1.0,0.4,0.4286,0.9,0.5754,0.786,True
LBR,0.6667,1.0,0.4167,0.8889,0.1429,1.0,0.2,0.4286,0.825,0.6211,0.893,True
LIE,0.8,0.5,0.8,0.8182,0.8571,0.1667,0.6,0.8571,0.58,0.7008,0.982,True
LTU,0.6667,0.25,0.8,0.8182,0.7143,0.6,0.4,0.8571,0.975,0.6705,0.982,True
LUX,0.6667,0.5,0.8,0.9091,0.7143,0.5,0.8,0.8571,0.4962,0.7065,1.0,True
MAC,0.6667,0.5,0.2444,0.8182,0.1429,0.8333,0.4,0.4286,0.855,0.5318,0.982,True
MKD,0.8333,0.75,0.675,0.8182,0.2857,0.6667,0.6,0.7143,0.76,0.6789,1.0,True
MDG,0.5,0.75,0.3611,0.5455,0.1429,0.8333,0.4,0.2857,0.48,0.4659,0.929,True
MWI,1.0,0.3333,0.8125,0.9091,0.6,0.6667,1.0,0.7143,0.77,0.7402,0.875,True
MYS,0.3333,0.75,0.8,0.8182,0.2857,0.5,0.8,0.8571,1.0,0.6563,0.982,True
MDV,0.6667,0.5,0.4833,0.9,0.6,1.0,0.4,0.25,0.59,0.5933,0.857,True
MLI,0.5,1.0,0.1111,0.6,0.1429,0.8,1.0,0.3333,1.0,0.576,0.804,True
MLT,0.6,0.0,0.7597,0.7273,0.6667,0.25,0.6,0.4286,0.525,0.4986,0.929,True
MHL,0.8333,1.0,0.6458,0.3636,0.1667,0.8,0.4,0.2857,1.0,0.5818,0.929,True
MRT,1.0,0.3333,0.6083,0.9091,0.6667,0.6667,0.6,0.5714,0.65,0.6776,0.929,True
MUS,0.6667,0.75,0.6812,0.7273,0.1429,1.0,0.6,0.8571,0.445,0.6439,0.982,True
MEX,0.8333,0.0,0.675,0.7273,0.4286,0.8333,0.8,0.7143,0.4482,0.5831,1.0,True
MDA,0.6667,0.75,0.3333,0.8182,0.75,0.6667,0.6,0.4286,0.5078,0.6382,0.893,True
MNE,0.8333,0.75,0.5278,0.7273,0.1429,0.6667,0.4,0.5714,0.575,0.5871,0.982,True
MSR,0.4,0.6667,,0.8571,1.0,1.0,1.0,0.6667,0.875,0.7735,0.464,False
MAR,1.0,0.5,0.8875,0.8182,0.2857,0.8333,0.8,0.8571,0.94,0.7416,1.0,True
MOZ,0.6667,0.5,0.2556,0.5455,1.0,0.6667,0.6,0.4,0.6,0.5962,0.857,True
NAM,0.6667,0.25,0.5201,0.9091,0.2857,1.0,0.2,0.7143,0.63,0.5715,1.0,True
NPL,0.5,1.0,0.6802,0.3636,0.2857,0.6,1.0,0.4286,1.0,0.6026,0.982,True
NLD,0.3333,0.5,0.8,0.8182,0.4286,0.5,0.8,0.8571,,0.6134,0.964,True
NZL,0.6667,0.75,0.7861,0.5455,0.4286,0.5,0.4,0.5714,0.805,0.6011,1.0,True
NIC,0.3333,0.25,0.5979,1.0,0.2857,0.8,0.8,0.4286,0.7834,0.5412,0.982,True
NER,0.5,1.0,0.1111,0.6,0.1429,0.8,1.0,0.3333,1.0,0.576,0.804,True
NGA,0.8333,1.0,0.5913,0.9091,0.6667,1.0,0.6,1.0,0.95,0.8542,0.946,True
NOR,1.0,0.75,0.8,0.6364,0.7143,0.4,0.6,0.5714,0.85,0.7139,0.982,True
OMN,0.8333,0.5,0.8695,0.9091,0.4286,1.0,0.8,0.8571,0.575,0.7358,1.0,True
PAK,0.5,0.75,0.7343,0.7273,0.2857,0.8333,0.6,0.7143,0.9,0.6444,1.0,True
PLW,0.6667,0.5,0.6125,0.5455,0.2857,0.8333,0.4,0.1429,1.0,0.5091,1.0,True
PAN,0.8333,0.25,0.5222,1.0,0.5714,0.8333,0.4,0.8571,0.47,0.6607,1.0,True
PNG,0.6,0.6667,0.6733,0.5455,0.1667,0.6667,0.4,0.7143,0.415,0.5387,0.893,True
PRY,0.6667,0.5,0.0806,0.7273,0.1429,0.8333,0.4,0.3333,0.57,0.4732,0.982,True
PER,0.6667,0.25,0.7674,0.9091,0.7143,1.0,0.8,0.7143,0.733,0.7006,1.0,True
PHL,0.8333,0.75,0.6771,0.6364,0.4286,1.0,0.8,0.8571,0.97,0.747,1.0,True
POL,0.8,0.75,0.7861,0.8182,0.8571,0.8333,0.8,0.5714,0.96,0.7838,0.964,True
PRT,0.8333,0.5,0.7861,0.7273,0.7143,0.5,0.8,0.4286,0.42,0.6366,1.0,True
QAT,0.8333,0.75,0.9095,0.9091,1.0,0.8333,1.0,0.8571,0.37,0.8437,0.929,True
ROU,0.6667,0.5,0.8,0.8182,0.5714,0.3333,0.6,0.8571,0.52,0.6486,1.0,True
RUS,0.6667,0.75,0.7861,0.5455,0.6,0.8333,0.8,0.7143,0.979,0.7108,0.946,True
RWA,1.0,0.5,0.4266,0.9091,0.8571,0.8333,0.6,0.5714,0.975,0.7507,0.946,True
WSM,0.6667,0.5,0.6024,0.8182,0.5714,1.0,0.6,0.7143,0.7,0.6745,1.0,True
SMR,0.8333,0.5,0.3218,0.7273,0.2,0.5,0.4,0.7143,0.435,0.5433,0.929,True
SAU,0.6667,0.3333,0.8389,0.9091,0.0,0.8333,0.8,1.0,0.48,0.6265,0.964,True
SEN,0.5,1.0,0.1111,0.6,0.1429,0.8,1.0,0.3333,1.0,0.576,0.804,True
SRB,0.8333,0.75,0.6125,0.7273,0.5714,0.8333,0.6,0.8571,0.7175,0.7315,1.0,True
SYC,0.5,0.5,0.2514,0.6364,0.0,0.5,0.4,0.2857,0.475,0.3908,1.0,True
SGP,0.5,0.75,0.8479,0.7273,0.7143,1.0,0.8,0.8571,0.54,0.7347,1.0,True
SVK,1.0,0.75,0.8,0.6364,0.4286,1.0,0.6,0.7143,0.51,0.712,1.0,True
SVN,1.0,0.5,0.8,0.9091,0.7143,0.6667,0.8,1.0,0.675,0.7992,0.964,True
ZAF,0.6667,0.5,0.8398,0.8182,0.2857,0.6667,0.4,0.2857,0.67,0.5492,1.0,True
ESP,1.0,0.5,0.7583,0.8182,0.5,1.0,0.8,0.7143,0.59,0.7295,0.982,True
LKA,0.6667,0.5,0.6979,0.8182,0.1429,0.8333,0.6,0.7143,0.54,0.5968,1.0,True
SUR,0.6667,0.5,0.2757,0.5455,0.3333,0.8333,0.6,0.4286,0.71,0.5262,0.982,True
SWE,0.5,0.5,0.7861,0.8182,0.8,0.6,0.6,1.0,0.9,0.723,0.911,True
CHE,0.8333,0.5,0.7722,0.7273,0.7143,0.8333,0.6,0.5714,0.825,0.6945,1.0,True
STP,0.8333,0.5,0.1264,0.8182,0.5714,0.8333,0.6,0.4286,0.95,0.6295,1.0,True
TWN,0.8333,0.5,0.69,0.7273,0.4,0.8333,0.8,0.5714,0.8206,0.6577,0.964,True
TJK,0.8333,0.75,0.119,0.8182,0.1429,1.0,0.4,0.5,0.5,0.5791,0.964,True
TZA,0.6667,0.75,0.6224,0.8182,0.3333,1.0,0.6,0.5714,1.0,0.6787,0.964,True
THA,0.8333,0.75,0.7939,0.6364,0.1667,0.6667,0.8,1.0,0.85,0.706,0.982,True
TGO,0.5,1.0,0.1111,0.6,0.1429,0.8,1.0,0.3333,1.0,0.576,0.804,True
TON,0.8333,0.75,0.5799,0.7273,0.2857,0.8333,0.4,0.5,0.4,0.6004,0.911,True
TTO,0.6667,0.75,0.2139,0.8182,0.1429,0.8333,0.4,0.1429,1.0,0.5349,1.0,True
TUN,0.8333,0.5,0.4646,0.8182,0.8,1.0,0.8,0.7143,1.0,0.7569,0.964,True
TUR,0.8333,0.25,0.8,0.8182,0.2857,0.8333,0.8,0.4286,0.56,0.5875,1.0,True
TCA,1.0,0.5,0.8667,0.7,0.0,0.6,0.6667,1.0,0.9,0.6738,0.696,False
UGA,0.8333,0.75,0.3236,0.9091,0.1429,1.0,0.6,0.5714,0.89,0.6591,1.0,True
UKR,0.8333,0.5,0.2579,0.8182,0.4286,0.6667,0.4,0.5714,0.997,0.616,0.964,True
GBR,0.5,1.0,0.8,0.8182,0.8571,0.3333,0.6,0.8571,0.635,0.7452,1.0,True
USA,1.0,0.75,0.8,0.3636,0.8571,0.6667,0.6,0.8571,,0.7479,0.964,True
URY,0.8333,0.75,0.6278,0.9091,0.1429,1.0,0.4,0.7143,0.675,0.6716,1.0,True
VUT,0.8333,1.0,0.3537,0.8182,0.0,0.8333,0.6,0.6,0.785,0.6482,0.875,True
VNM,0.8333,0.5,0.2198,0.5556,0.6667,1.0,0.75,0.7143,0.75,0.6614,0.875,True
PSE,0.6667,0.5,0.7984,0.7273,0.4286,0.8333,0.6,1.0,0.6625,0.6814,0.982,True
ZWE,1.0,1.0,0.5292,0.75,0.3333,1.0,0.4,0.5714,1.0,0.7313,0.857,True
