country_code,year,wb_carbon_pricing_exists,wb_carbon_price_usd,wb_carbon_revenue_usd_m,wb_carbon_coverage_pct,wb_carbon_coverage_is_snapshot
ALB,2024,1,13.11135507,0.0,73.0,1
ALB,2025,1,13.69190487,,73.0,1
AND,2024,1,,0.0,95.0,1
ARG,2018,1,8.914348161,,38.0,1
ARG,2019,1,6.187569488,,38.0,1
ARG,2020,1,6.342014552,,38.0,1
ARG,2021,1,5.321599371,,38.0,1
ARG,2022,1,4.995626444,313.929632,38.0,1
ARG,2023,1,3.218257023,152.8346165,38.0,1
ARG,2024,1,0.811554266,225.0505586,38.0,1
ARG,2025,1,5.327914694,,38.0,1
AUS,2012,1,23.9246,3327.3615,26.0,1
AUS,2013,1,24.584508,6180.2068,26.0,1
AUS,2014,1,22.370145,3267.3024,26.0,1
AUS,2024,1,21.90375,,26.0,1
AUS,2025,1,21.81612,,26.0,1
AUT,2005,1,19.04973,,40.0,1
AUT,2006,1,32.353992,,40.0,1
AUT,2007,1,1.251892,,40.0,1
AUT,2008,1,34.48332,,40.0,1
AUT,2009,1,15.550804,0.0,40.0,1
AUT,2010,1,17.265976,0.0,40.0,1
AUT,2011,1,23.75688,0.0,40.0,1
AUT,2012,1,9.322488,0.0,40.0,1
AUT,2013,1,6.04396,0.0,40.0,1
AUT,2014,1,6.7571,0.0,40.0,1
AUT,2015,1,7.689825,0.0,40.0,1
AUT,2016,1,5.921776,0.0,40.0,1
AUT,2017,1,5.644848,0.0,40.0,1
AUT,2018,1,16.26372,0.0,40.0,1
AUT,2019,1,24.505716,0.0,40.0,1
AUT,2020,1,18.53652,0.0,40.0,1
AUT,2021,1,49.779548,0.0,40.0,1
AUT,2022,1,86.526108,0.0,40.0,1
AUT,2023,1,65.8209375,916.32978,40.0,1
AUT,2024,1,54.836023499999996,1264.2567,40.0,1
AUT,2025,1,59.458062,,40.0,1
BEL,2005,1,19.04973,,40.0,1
BEL,2006,1,32.353992,,40.0,1
BEL,2007,1,1.251892,,40.0,1
BEL,2008,1,34.48332,,40.0,1
BEL,2009,1,15.550804,,40.0,1
BEL,2010,1,17.265976,,40.0,1
BEL,2011,1,23.75688,,40.0,1
BEL,2012,1,9.322488,,40.0,1
BEL,2013,1,6.04396,,40.0,1
BEL,2014,1,6.7571,,40.0,1
BEL,2015,1,7.689825,,40.0,1
BEL,2016,1,5.921776,,40.0,1
BEL,2017,1,5.644848,,40.0,1
BEL,2018,1,16.26372,,40.0,1
BEL,2019,1,24.505716,,40.0,1
BEL,2020,1,18.53652,,40.0,1
BEL,2021,1,49.779548,,40.0,1
BEL,2022,1,86.526108,,40.0,1
BEL,2023,1,96.298125,,40.0,1
BEL,2024,1,61.301547,,40.0,1
BEL,2025,1,70.370124,,40.0,1
BGR,2005,1,19.04973,,40.0,1
BGR,2006,1,32.353992,,40.0,1
BGR,2007,1,1.251892,,40.0,1
BGR,2008,1,34.48332,,40.0,1
BGR,2009,1,15.550804,,40.0,1
BGR,2010,1,17.265976,,40.0,1
BGR,2011,1,23.75688,,40.0,1
BGR,2012,1,9.322488,,40.0,1
BGR,2013,1,6.04396,,40.0,1
BGR,2014,1,6.7571,,40.0,1
BGR,2015,1,7.689825,,40.0,1
BGR,2016,1,5.921776,,40.0,1
BGR,2017,1,5.644848,,40.0,1
BGR,2018,1,16.26372,,40.0,1
BGR,2019,1,24.505716,,40.0,1
BGR,2020,1,18.53652,,40.0,1
BGR,2021,1,49.779548,,40.0,1
BGR,2022,1,86.526108,,40.0,1
BGR,2023,1,96.298125,,40.0,1
BGR,2024,1,61.301547,,40.0,1
BGR,2025,1,70.370124,,40.0,1
BHR,2025,0,,,,0
BRA,2025,0,,,,0
BRN,2025,0,,,,0
BWA,2025,0,,,,0
CAN,2008,1,,0.0,3.0,1
CAN,2009,1,,0.0,3.0,1
CAN,2010,1,,0.0,3.0,1
CAN,2011,1,,0.0,3.0,1
CAN,2012,1,,0.0,3.0,1
CAN,2013,1,,0.0,3.0,1
CAN,2014,1,,0.0,3.0,1
CAN,2015,1,,0.0,3.0,1
CAN,2016,1,,0.0,3.0,1
CAN,2017,1,,0.0,3.0,1
CAN,2018,1,,0.0,3.0,1
CAN,2019,1,14.99587613,1489.455185,3.0,1
CAN,2020,1,21.10149821,3261.3002645,3.0,1
CAN,2021,1,31.8344608,5035.2993387999995,3.0,1
CAN,2022,1,39.96163683,5953.3602364,3.0,1
CAN,2023,1,48.03073967,5845.92145,3.0,1
CAN,2024,1,58.94488653,8858.771097,3.0,1
CAN,2025,1,66.21131865,,3.0,1
CHE,2008,1,5.959475565,215.9337409,35.0,1
CHE,2009,1,10.51893408,200.1291156,35.0,1
CHE,2010,1,17.105388195,550.8276443,35.0,1
CHE,2011,1,32.234865755,588.6524823,35.0,1
CHE,2012,1,31.951747580000003,581.955202,35.0,1
CHE,2013,1,18.905577145,686.8451688,35.0,1
CHE,2014,1,61.723612685,862.811397682,35.0,1
CHE,2015,1,37.431934325,907.296131738,35.0,1
CHE,2016,1,48.935454115,1033.574135583,35.0,1
CHE,2017,1,45.432616960000004,1112.5377482719998,35.0,1
CHE,2018,1,54.7875991,1183.9312896039999,35.0,1
CHE,2019,1,52.248381255,1222.1295396350001,35.0,1
CHE,2020,1,59.64474318,1245.405289305,35.0,1
CHE,2021,1,73.78880105,1279.3385680400002,35.0,1
CHE,2022,1,97.7248481,1601.38771785,35.0,1
CHE,2023,1,112.3096634,1226.38129559,35.0,1
CHE,2024,1,95.647729,1475.8342206999998,35.0,1
CHE,2025,1,100.3942869,,35.0,1
CHL,2017,1,5.0,144.5,55.0,1
CHL,2018,1,5.0,165.5,55.0,1
CHL,2019,1,5.0,165.5,55.0,1
CHL,2020,1,5.0,165.0,55.0,1
CHL,2021,1,5.0,168.0,55.0,1
CHL,2022,1,5.0,171.0,55.0,1
CHL,2023,1,5.0,139.0,55.0,1
CHL,2024,1,5.0,140.0,55.0,1
CHL,2025,1,5.0,,55.0,1
CHN,2022,1,9.199849028,,51.0,1
CHN,2023,1,8.15316299,,51.0,1
CHN,2024,1,12.57307921,,51.0,1
CHN,2025,1,11.76462495,,51.0,1
CIV,2025,0,,,,0
COL,2017,1,5.207904198,159.0814767,20.0,1
COL,2018,1,5.67041516,100.3388153,20.0,1
COL,2019,1,5.172634562,140.7025676,20.0,1
COL,2020,1,4.244865787,29.16848584,20.0,1
COL,2021,1,4.605676883,90.79491766,20.0,1
COL,2022,1,5.013271992,112.8595884,20.0,1
COL,2023,1,5.035341621,124.3225487,20.0,1
COL,2024,1,6.678546744,133.0665206,20.0,1
COL,2025,1,6.536619117,,20.0,1
CYP,2005,1,19.04973,,40.0,1
CYP,2006,1,32.353992,,40.0,1
CYP,2007,1,1.251892,,40.0,1
CYP,2008,1,34.48332,,40.0,1
CYP,2009,1,15.550804,,40.0,1
CYP,2010,1,17.265976,,40.0,1
CYP,2011,1,23.75688,,40.0,1
CYP,2012,1,9.322488,,40.0,1
CYP,2013,1,6.04396,,40.0,1
CYP,2014,1,6.7571,,40.0,1
CYP,2015,1,7.689825,,40.0,1
CYP,2016,1,5.921776,,40.0,1
CYP,2017,1,5.644848,,40.0,1
CYP,2018,1,16.26372,,40.0,1
CYP,2019,1,24.505716,,40.0,1
CYP,2020,1,18.53652,,40.0,1
CYP,2021,1,49.779548,,40.0,1
CYP,2022,1,86.526108,,40.0,1
CYP,2023,1,96.298125,,40.0,1
CYP,2024,1,61.301547,,40.0,1
CYP,2025,1,70.370124,,40.0,1
CZE,2005,1,19.04973,,40.0,1
CZE,2006,1,32.353992,,40.0,1
CZE,2007,1,1.251892,,40.0,1
CZE,2008,1,34.48332,,40.0,1
CZE,2009,1,15.550804,,40.0,1
CZE,2010,1,17.265976,,40.0,1
CZE,2011,1,23.75688,,40.0,1
CZE,2012,1,9.322488,,40.0,1
CZE,2013,1,6.04396,,40.0,1
CZE,2014,1,6.7571,,40.0,1
CZE,2015,1,7.689825,,40.0,1
CZE,2016,1,5.921776,,40.0,1
CZE,2017,1,5.644848,,40.0,1
CZE,2018,1,16.26372,,40.0,1
CZE,2019,1,24.505716,,40.0,1
CZE,2020,1,18.53652,,40.0,1
CZE,2021,1,49.779548,,40.0,1
CZE,2022,1,86.526108,,40.0,1
CZE,2023,1,96.298125,,40.0,1
CZE,2024,1,61.301547,,40.0,1
CZE,2025,1,70.370124,,40.0,1
DEU,2005,1,19.04973,,40.0,1
DEU,2006,1,32.353992,,40.0,1
DEU,2007,1,1.251892,,40.0,1
DEU,2008,1,34.48332,,40.0,1
DEU,2009,1,15.550804,0.0,40.0,1
DEU,2010,1,17.265976,0.0,40.0,1
DEU,2011,1,23.75688,0.0,40.0,1
DEU,2012,1,9.322488,0.0,40.0,1
DEU,2013,1,6.04396,0.0,40.0,1
DEU,2014,1,6.7571,0.0,40.0,1
DEU,2015,1,7.689825,0.0,40.0,1
DEU,2016,1,5.921776,0.0,40.0,1
DEU,2017,1,5.644848,0.0,40.0,1
DEU,2018,1,16.26372,0.0,40.0,1
DEU,2019,1,24.505716,0.0,40.0,1
DEU,2020,1,18.53652,0.0,40.0,1
DEU,2021,1,39.572274,8537.207956,40.0,1
DEU,2022,1,59.841054,6675.073102,40.0,1
DEU,2023,1,64.4615625,11670.20513,40.0,1
DEU,2024,1,54.836023499999996,13933.16874,40.0,1
DEU,2025,1,59.458062,,40.0,1
DNK,1994,1,,527.1268568,64.0,1
DNK,1995,1,,593.8396078,64.0,1
DNK,1996,1,,629.3456033,64.0,1
DNK,1997,1,,546.2342939,64.0,1
DNK,1998,1,,598.8283793,64.0,1
DNK,1999,1,,628.899287,64.0,1
DNK,2000,1,,618.6533154,64.0,1
DNK,2001,1,,556.0927883,64.0,1
DNK,2002,1,,638.7294808,64.0,1
DNK,2003,1,,755.6197667,64.0,1
DNK,2004,1,,800.117857,64.0,1
DNK,2005,1,19.04973,831.0361602,64.0,1
DNK,2006,1,32.353992,883.1850564,64.0,1
DNK,2007,1,8.74020844,932.5494039,64.0,1
DNK,2008,1,26.932202675,1085.79769,64.0,1
DNK,2009,1,16.147542575,960.6209769,64.0,1
DNK,2010,1,22.60192429,962.0827196,64.0,1
DNK,2011,1,26.758470109999998,1159.217606,64.0,1
DNK,2012,1,19.01460623,973.0361438,64.0,1
DNK,2013,1,16.94380525,1039.412741,64.0,1
DNK,2014,1,18.66524481,678.0003305,64.0,1
DNK,2015,1,15.973795554999999,553.4561252,64.0,1
DNK,2016,1,16.003394635,553.9087997,64.0,1
DNK,2017,1,15.093588174999999,547.8400982,64.0,1
DNK,2018,1,22.430021175,564.7154522,64.0,1
DNK,2019,1,25.329395245,539.574908,64.0,1
DNK,2020,1,22.10501204,548.5175,64.0,1
DNK,2021,1,38.84962678,550.4059324,64.0,1
DNK,2022,1,56.446757604999995,472.9672917,64.0,1
DNK,2023,1,61.295595774999995,482.0308714,64.0,1
DNK,2024,1,44.85052849,503.4934812,64.0,1
DNK,2025,1,89.40245205,,64.0,1
DOM,2025,0,,,,0
ESP,2005,1,19.04973,,40.0,1
ESP,2006,1,32.353992,,40.0,1
ESP,2007,1,1.251892,,40.0,1
ESP,2008,1,34.48332,,40.0,1
ESP,2009,1,15.550804,,40.0,1
ESP,2010,1,17.265976,,40.0,1
ESP,2011,1,23.75688,,40.0,1
ESP,2012,1,9.322488,,40.0,1
ESP,2013,1,6.04396,,40.0,1
ESP,2014,1,17.16855,42.4328,40.0,1
ESP,2015,1,14.5999125,109.89,40.0,1
ESP,2016,1,14.392888000000001,,40.0,1
ESP,2017,1,13.513424,199.71,40.0,1
ESP,2018,1,20.45286,128.2251762,40.0,1
ESP,2019,1,20.679858,124.839,40.0,1
ESP,2020,1,17.47026,123.2,40.0,1
ESP,2021,1,33.699274,83.188,40.0,1
ESP,2022,1,51.552054,99.0375,40.0,1
ESP,2023,1,56.3053125,103.227,40.0,1
ESP,2024,1,38.7125235,118.195,40.0,1
ESP,2025,1,43.276062,,40.0,1
EST,2000,1,0.0,2.8668,40.0,1
EST,2001,1,0.0,4.24,40.0,1
EST,2002,1,0.0,4.9565,40.0,1
EST,2003,1,0.0,6.9258,40.0,1
EST,2004,1,0.0,6.084,40.0,1
EST,2005,1,9.524865,9.6696,40.0,1
EST,2006,1,16.176996,13.9843,40.0,1
EST,2007,1,0.625946,18.907,40.0,1
EST,2008,1,17.24166,4.7325,40.0,1
EST,2009,1,7.775402,4.2288,40.0,1
EST,2010,1,8.632988,2.4656,40.0,1
EST,2011,1,13.292539999999999,2.8976,40.0,1
EST,2012,1,5.996843999999999,2.518,40.0,1
EST,2013,1,4.30248,2.6074,40.0,1
EST,2014,1,4.75755,2.7376,40.0,1
EST,2015,1,4.920412499999999,2.22,40.0,1
EST,2016,1,4.104088,2.7959985,40.0,1
EST,2017,1,3.8915239999999995,2.8655532,40.0,1
EST,2018,1,9.363959999999999,2.9273238,40.0,1
EST,2019,1,13.376458,2.8497339,40.0,1
EST,2020,1,10.36186,1.5904,40.0,1
EST,2021,1,26.064374,2.032164,40.0,1
EST,2022,1,44.36825399999999,1.6419375,40.0,1
EST,2023,1,49.2365625,1.711395,40.0,1
EST,2024,1,31.7256735,2.149,40.0,1
EST,2025,1,48.670062,,40.0,1
FIN,1999,1,0.0,0.0,45.0,1
FIN,2000,1,16.392948,0.0,45.0,1
FIN,2001,1,15.155712,0.0,45.0,1
FIN,2002,1,14.970384,0.0,45.0,1
FIN,2003,1,19.658255,0.0,45.0,1
FIN,2004,1,22.2376,564.5952,45.0,1
FIN,2005,1,21.2203625,540.2889,45.0,1
FIN,2006,1,27.100856,583.5267,45.0,1
FIN,2007,1,12.645441,609.0755,45.0,1
FIN,2008,1,32.75289,766.665,45.0,1
FIN,2009,1,21.292945,569.4784,45.0,1
FIN,2010,1,22.377082,600.3736,45.0,1
FIN,2011,1,47.23094,1018.5064,45.0,1
FIN,2012,1,44.729243999999994,1257.741,45.0,1
FIN,2013,1,35.03448,1348.0258,45.0,1
FIN,2014,1,43.36955,1446.8216,45.0,1
FIN,2015,1,35.0344125,1236.54,45.0,1
FIN,2016,1,36.113687999999996,1314.625938,45.0,1
FIN,2017,1,33.826324,1442.90475,45.0,1
FIN,2018,1,53.10351,1513.354125,45.0,1
FIN,2019,1,55.511458000000005,1473.242063,45.0,1
FIN,2020,1,51.37186,1453.76,45.0,1
FIN,2021,1,70.111874,1663.76,45.0,1
FIN,2022,1,85.813254,1636.052419,45.0,1
FIN,2023,1,90.01781249999999,2095.01913,45.0,1
FIN,2024,1,80.64320502,1375.36,45.0,1
FIN,2025,1,68.627862,,45.0,1
FRA,2005,1,19.04973,,41.0,1
FRA,2006,1,32.353992,,41.0,1
FRA,2007,1,1.251892,,41.0,1
FRA,2008,1,34.48332,,41.0,1
FRA,2009,1,15.550804,,41.0,1
FRA,2010,1,17.265976,,41.0,1
FRA,2011,1,23.75688,,41.0,1
FRA,2012,1,9.322488,,41.0,1
FRA,2013,1,6.04396,,41.0,1
FRA,2014,1,8.20505,410.64,41.0,1
FRA,2015,1,11.6422875,2553.0,41.0,1
FRA,2016,1,15.536088000000001,4231.3,41.0,1
FRA,2017,1,19.126199,6205.8456,41.0,1
FRA,2018,1,35.60769,9610.8552,41.0,1
FRA,2019,1,37.309138000000004,9306.18,41.0,1
FRA,2020,1,33.65554,9184.0,41.0,1
FRA,2021,1,51.083354,9031.84,41.0,1
FRA,2022,1,67.909014,8027.25,41.0,1
FRA,2023,1,72.4003125,8366.82,41.0,1
FRA,2024,1,54.6210435,7843.85,41.0,1
FRA,2025,1,59.242302,,41.0,1
GBR,2009,1,,0.0,27.0,1
GBR,2010,1,,0.0,27.0,1
GBR,2011,1,,0.0,27.0,1
GBR,2012,1,,0.0,27.0,1
GBR,2013,1,7.470268,1021.4633,27.0,1
GBR,2014,1,15.894065,2047.752,27.0,1
GBR,2015,1,26.711392,2643.2392,27.0,1
GBR,2016,1,25.7148,1247.308554,27.0,1
GBR,2017,1,22.4145,1139.023901,27.0,1
GBR,2018,1,25.3107,1093.915238,27.0,1
GBR,2019,1,23.589,1120.9019,27.0,1
GBR,2020,1,22.284,853.4984,27.0,1
GBR,2021,1,12.3975,6667.447072,27.0,1
GBR,2022,1,61.105650000000004,8246.44045,27.0,1
GBR,2023,1,55.20091775,6331.683513,27.0,1
GBR,2024,1,33.840238,4121.536262,27.0,1
GBR,2025,1,40.232456750000004,,27.0,1
GRC,2005,1,19.04973,,40.0,1
GRC,2006,1,32.353992,,40.0,1
GRC,2007,1,1.251892,,40.0,1
GRC,2008,1,34.48332,,40.0,1
GRC,2009,1,15.550804,,40.0,1
GRC,2010,1,17.265976,,40.0,1
GRC,2011,1,23.75688,,40.0,1
GRC,2012,1,9.322488,,40.0,1
GRC,2013,1,6.04396,,40.0,1
GRC,2014,1,6.7571,,40.0,1
GRC,2015,1,7.689825,,40.0,1
GRC,2016,1,5.921776,,40.0,1
GRC,2017,1,5.644848,,40.0,1
GRC,2018,1,16.26372,,40.0,1
GRC,2019,1,24.505716,,40.0,1
GRC,2020,1,18.53652,,40.0,1
GRC,2021,1,49.779548,,40.0,1
GRC,2022,1,86.526108,,40.0,1
GRC,2023,1,96.298125,,40.0,1
GRC,2024,1,61.301547,,40.0,1
GRC,2025,1,70.370124,,40.0,1
HRV,2005,1,19.04973,,40.0,1
HRV,2006,1,32.353992,,40.0,1
HRV,2007,1,1.251892,,40.0,1
HRV,2008,1,34.48332,,40.0,1
HRV,2009,1,15.550804,,40.0,1
HRV,2010,1,17.265976,,40.0,1
HRV,2011,1,23.75688,,40.0,1
HRV,2012,1,9.322488,,40.0,1
HRV,2013,1,6.04396,,40.0,1
HRV,2014,1,6.7571,,40.0,1
HRV,2015,1,7.689825,,40.0,1
HRV,2016,1,5.921776,,40.0,1
HRV,2017,1,5.644848,,40.0,1
HRV,2018,1,16.26372,,40.0,1
HRV,2019,1,24.505716,,40.0,1
HRV,2020,1,18.53652,,40.0,1
HRV,2021,1,49.779548,,40.0,1
HRV,2022,1,86.526108,,40.0,1
HRV,2023,1,96.298125,,40.0,1
HRV,2024,1,61.301547,,40.0,1
HRV,2025,1,70.370124,,40.0,1
HUN,2005,1,19.04973,,40.0,1
HUN,2006,1,32.353992,,40.0,1
HUN,2007,1,1.251892,,40.0,1
HUN,2008,1,34.48332,,40.0,1
HUN,2009,1,15.550804,,40.0,1
HUN,2010,1,17.265976,,40.0,1
HUN,2011,1,23.75688,,40.0,1
HUN,2012,1,9.322488,,40.0,1
HUN,2013,1,6.04396,,40.0,1
HUN,2014,1,6.7571,,40.0,1
HUN,2015,1,7.689825,,40.0,1
HUN,2016,1,5.921776,,40.0,1
HUN,2017,1,5.644848,,40.0,1
HUN,2018,1,16.26372,,40.0,1
HUN,2019,1,24.505716,,40.0,1
HUN,2020,1,18.53652,,40.0,1
HUN,2021,1,49.779548,,40.0,1
HUN,2022,1,86.526108,,40.0,1
HUN,2023,1,96.298125,115.3911504,40.0,1
HUN,2024,1,61.301547,182.381332,40.0,1
HUN,2025,1,70.370124,,40.0,1
IDN,2024,1,0.612165181,,24.0,1
IDN,2025,1,0.724375226,,24.0,1
IND,2025,0,,,,0
IRL,2005,1,19.04973,,40.0,1
IRL,2006,1,32.353992,,40.0,1
IRL,2007,1,1.251892,,40.0,1
IRL,2008,1,34.48332,,40.0,1
IRL,2009,1,15.550804,,40.0,1
IRL,2010,1,18.72158622,273.6816,40.0,1
IRL,2011,1,22.471168499999997,433.1912,40.0,1
IRL,2012,1,18.009575910000002,446.945,40.0,1
IRL,2013,1,15.819628255000001,505.8356,40.0,1
IRL,2014,1,17.16063274,526.988,40.0,1
IRL,2015,1,14.593737724999999,465.09,40.0,1
IRL,2016,1,14.38632454,484.3725,40.0,1
IRL,2017,1,13.50728597,507.834,40.0,1
IRL,2018,1,20.445786135,507.123,40.0,1
IRL,2019,1,23.48240707,499.356,40.0,1
IRL,2020,1,23.52908015,,40.0,1
IRL,2021,1,44.729040305,582.316,40.0,1
IRL,2022,1,66.108078245,824.6175,40.0,1
IRL,2023,1,74.741618045,1015.971,40.0,1
IRL,2024,1,56.935222194999994,1111.033,40.0,1
IRL,2025,1,69.436962,,40.0,1
ISL,2005,1,19.04973,,40.0,1
ISL,2006,1,32.353992,,40.0,1
ISL,2007,1,1.251892,,40.0,1
ISL,2008,1,34.48332,,40.0,1
ISL,2009,1,15.550804,,40.0,1
ISL,2010,1,13.054575913999999,,40.0,1
ISL,2011,1,16.830742155499998,,40.0,1
ISL,2012,1,9.1440630515,,40.0,1
ISL,2013,1,11.82957348,,40.0,1
ISL,2014,1,13.5175484,,40.0,1
ISL,2015,1,11.94935027,,40.0,1
ISL,2016,1,12.265278755,29.0190165,40.0,1
ISL,2017,1,13.4179173,35.31345393,40.0,1
ISL,2018,1,26.47025471,50.87933791,40.0,1
ISL,2019,1,29.989999775,48.4858514,40.0,1
ISL,2020,1,24.640159945,47.92626728,40.0,1
ISL,2021,1,42.570820925,50.06075334,40.0,1
ISL,2022,1,61.069433195,54.87235367,40.0,1
ISL,2023,1,66.20339554,55.05984766,40.0,1
ISL,2024,1,48.904855425,54.22860442,40.0,1
ISL,2025,1,65.21509203,,40.0,1
ISR,2024,1,,0.0,78.0,1
ISR,2025,1,1.511470985,,78.0,1
ITA,2005,1,19.04973,,40.0,1
ITA,2006,1,32.353992,,40.0,1
ITA,2007,1,1.251892,,40.0,1
ITA,2008,1,34.48332,,40.0,1
ITA,2009,1,15.550804,,40.0,1
ITA,2010,1,17.265976,,40.0,1
ITA,2011,1,23.75688,,40.0,1
ITA,2012,1,9.322488,,40.0,1
ITA,2013,1,6.04396,,40.0,1
ITA,2014,1,6.7571,,40.0,1
ITA,2015,1,7.689825,,40.0,1
ITA,2016,1,5.921776,,40.0,1
ITA,2017,1,5.644848,,40.0,1
ITA,2018,1,16.26372,,40.0,1
ITA,2019,1,24.505716,,40.0,1
ITA,2020,1,18.53652,,40.0,1
ITA,2021,1,49.779548,,40.0,1
ITA,2022,1,86.526108,,40.0,1
ITA,2023,1,96.298125,,40.0,1
ITA,2024,1,61.301547,,40.0,1
ITA,2025,1,70.370124,,40.0,1
JPN,2012,1,1.075378962,493.0643127,80.0,1
JPN,2013,1,0.940913641,905.4325956,80.0,1
JPN,2014,1,1.710901166,1676.032732,80.0,1
JPN,2015,1,1.472986773,1386.057888,80.0,1
JPN,2016,1,2.393590378,2549.076774,80.0,1
JPN,2017,1,2.396794649,2343.219582,80.0,1
JPN,2018,1,2.529059614,2374.83024,80.0,1
JPN,2019,1,2.417724527,2423.318551,80.0,1
JPN,2020,1,2.496382603,2432.909277,80.0,1
JPN,2021,1,2.424053077,1980.376271,80.0,1
JPN,2022,1,2.197715552,1617.884983,80.0,1
JPN,2023,1,2.011993111,1541.503313,80.0,1
JPN,2024,1,1.905075808,1451.883105,80.0,1
JPN,2025,1,1.929238985,,80.0,1
KAZ,2016,1,0.0,0.0,43.0,1
KAZ,2017,1,,0.0,43.0,1
KAZ,2018,1,,0.0,43.0,1
KAZ,2019,1,,0.0,43.0,1
KAZ,2020,1,1.112451318,0.0,43.0,1
KAZ,2021,1,1.176775165,0.0,43.0,1
KAZ,2022,1,1.08082606,,43.0,1
KAZ,2023,1,1.115760112,,43.0,1
KAZ,2024,1,1.059208169,,43.0,1
KAZ,2025,1,0.931726271,,43.0,1
KEN,2025,0,,,,0
KOR,2009,1,,0.0,79.0,1
KOR,2010,1,,0.0,79.0,1
KOR,2011,1,,0.0,79.0,1
KOR,2012,1,,0.0,79.0,1
KOR,2013,1,,0.0,79.0,1
KOR,2014,1,,0.0,79.0,1
KOR,2015,1,9.104020191,0.0,79.0,1
KOR,2016,1,6.885102665,0.0,79.0,1
KOR,2017,1,18.23313323,0.0,79.0,1
KOR,2018,1,20.62822316,0.0,79.0,1
KOR,2019,1,23.45744213,200.994271,79.0,1
KOR,2020,1,32.78688525,207.1671439,79.0,1
KOR,2021,1,15.89263641,260.9862157,79.0,1
KOR,2022,1,18.74948377,243.9323242,79.0,1
KOR,2023,1,11.23638595,64.12266149,79.0,1
KOR,2024,1,6.302427437,134.4467701,79.0,1
KOR,2025,1,6.453148375,,79.0,1
LIE,2005,1,19.04973,,72.0,1
LIE,2006,1,32.353992,,72.0,1
LIE,2007,1,1.251892,,72.0,1
LIE,2008,1,23.201135565,0.985998817,72.0,1
LIE,2009,1,18.29433608,0.922253989,72.0,1
LIE,2010,1,25.738376195,2.80557374,72.0,1
LIE,2011,1,31.386405755,3.546099291,72.0,1
LIE,2012,1,24.59259158,4.186728072,72.0,1
LIE,2013,1,21.927557144999998,3.174939147,72.0,1
LIE,2014,1,23.76129261,5.636978579,72.0,1
LIE,2015,1,22.432273095,4.245833776,72.0,1
LIE,2016,1,46.751942115,4.890690752,72.0,1
LIE,2017,1,44.78046596,5.047976637,72.0,1
LIE,2018,1,58.2990841,4.020530368,72.0,1
LIE,2019,1,60.484369255000004,4.244922889,72.0,1
LIE,2020,1,58.98858318,6.344012245,72.0,1
LIE,2021,1,75.62705005,6.907361366,72.0,1
LIE,2022,1,108.19109209999999,4.739938564,72.0,1
LIE,2023,1,113.5548509,5.050224763,72.0,1
LIE,2024,1,96.71188,9.155570351,72.0,1
LIE,2025,1,103.2045609,,72.0,1
LTU,2005,1,19.04973,,40.0,1
LTU,2006,1,32.353992,,40.0,1
LTU,2007,1,1.251892,,40.0,1
LTU,2008,1,34.48332,,40.0,1
LTU,2009,1,15.550804,,40.0,1
LTU,2010,1,17.265976,,40.0,1
LTU,2011,1,23.75688,,40.0,1
LTU,2012,1,9.322488,,40.0,1
LTU,2013,1,6.04396,,40.0,1
LTU,2014,1,6.7571,,40.0,1
LTU,2015,1,7.689825,,40.0,1
LTU,2016,1,5.921776,,40.0,1
LTU,2017,1,5.644848,,40.0,1
LTU,2018,1,16.26372,,40.0,1
LTU,2019,1,24.505716,,40.0,1
LTU,2020,1,18.53652,,40.0,1
LTU,2021,1,49.779548,,40.0,1
LTU,2022,1,86.526108,,40.0,1
LTU,2023,1,96.298125,,40.0,1
LTU,2024,1,61.301547,,40.0,1
LTU,2025,1,70.370124,,40.0,1
LUX,2005,1,19.04973,,72.0,1
LUX,2006,1,32.353992,,72.0,1
LUX,2007,1,1.251892,,72.0,1
LUX,2008,1,34.48332,,72.0,1
LUX,2009,1,15.550804,,72.0,1
LUX,2010,1,17.265976,,72.0,1
LUX,2011,1,23.75688,,72.0,1
LUX,2012,1,9.322488,,72.0,1
LUX,2013,1,6.04396,,72.0,1
LUX,2014,1,6.7571,,72.0,1
LUX,2015,1,7.689825,,72.0,1
LUX,2016,1,5.921776,,72.0,1
LUX,2017,1,5.644848,,72.0,1
LUX,2018,1,16.26372,,72.0,1
LUX,2019,1,24.505716,,72.0,1
LUX,2020,1,18.53652,,72.0,1
LUX,2021,1,44.951942,259.19004,72.0,1
LUX,2022,1,64.936026,270.61215,72.0,1
LUX,2023,1,70.6494375,294.675054,72.0,1
LUX,2024,1,55.604577,303.150834,72.0,1
LUX,2025,1,64.45830000000001,,72.0,1
LVA,2004,1,0.0,0.0,40.0,1
LVA,2005,1,9.524865,0.0,40.0,1
LVA,2006,1,16.176996,0.0,40.0,1
LVA,2007,1,0.625946,0.0,40.0,1
LVA,2008,1,17.24166,0.0,40.0,1
LVA,2009,1,7.775402,0.0,40.0,1
LVA,2010,1,8.632988,0.0,40.0,1
LVA,2011,1,11.87844,0.0,40.0,1
LVA,2012,1,4.661244,0.0,40.0,1
LVA,2013,1,3.02198,0.0,40.0,1
LVA,2014,1,5.343625,2.7376,40.0,1
LVA,2015,1,5.7270375,3.33,40.0,1
LVA,2016,1,4.961488,6.618224211,40.0,1
LVA,2017,1,5.227899,8.965376185,40.0,1
LVA,2018,1,10.904085,9.408459613,40.0,1
LVA,2019,1,14.780958,9.402286907,40.0,1
LVA,2020,1,14.18946,4.76784,40.0,1
LVA,2021,1,31.937374,7.18982,40.0,1
LVA,2022,1,51.552054,7.88390625,40.0,1
LVA,2023,1,56.3053125,8.214696,40.0,1
LVA,2024,1,38.7125235,8.12322,40.0,1
LVA,2025,1,43.276062,,40.0,1
MAR,2025,0,,,,0
MEX,2014,1,,746.1131901,36.0,1
MEX,2015,1,3.115361951,484.5750781,36.0,1
MEX,2016,1,2.777923866,452.1109837,36.0,1
MEX,2017,1,2.645352818,631.6526832,36.0,1
MEX,2018,1,2.902568513,298.6499924,36.0,1
MEX,2019,1,2.888936128,270.140702,36.0,1
MEX,2020,1,2.334344628,206.0260086,36.0,1
MEX,2021,1,1.4451114685,311.4768825,36.0,1
MEX,2022,1,1.598277493,211.2679512,36.0,1
MEX,2023,1,1.8948261925,460.2936542,36.0,1
MEX,2024,1,2.1525723945,410.6483521,36.0,1
MEX,2025,1,1.9713930655,,36.0,1
MLT,2005,1,19.04973,,40.0,1
MLT,2006,1,32.353992,,40.0,1
MLT,2007,1,1.251892,,40.0,1
MLT,2008,1,34.48332,,40.0,1
MLT,2009,1,15.550804,,40.0,1
MLT,2010,1,17.265976,,40.0,1
MLT,2011,1,23.75688,,40.0,1
MLT,2012,1,9.322488,,40.0,1
MLT,2013,1,6.04396,,40.0,1
MLT,2014,1,6.7571,,40.0,1
MLT,2015,1,7.689825,,40.0,1
MLT,2016,1,5.921776,,40.0,1
MLT,2017,1,5.644848,,40.0,1
MLT,2018,1,16.26372,,40.0,1
MLT,2019,1,24.505716,,40.0,1
MLT,2020,1,18.53652,,40.0,1
MLT,2021,1,49.779548,,40.0,1
MLT,2022,1,86.526108,,40.0,1
MLT,2023,1,96.298125,,40.0,1
MLT,2024,1,61.301547,,40.0,1
MLT,2025,1,70.370124,,40.0,1
MNE,2009,1,,0.0,43.0,1
MNE,2010,1,,0.0,43.0,1
MNE,2011,1,,0.0,43.0,1
MNE,2012,1,,0.0,43.0,1
MNE,2013,1,,0.0,43.0,1
MNE,2014,1,,0.0,43.0,1
MNE,2015,1,,0.0,43.0,1
MNE,2016,1,,0.0,43.0,1
MNE,2017,1,,0.0,43.0,1
MNE,2018,1,,0.0,43.0,1
MNE,2019,1,,0.0,43.0,1
MNE,2020,1,,0.0,43.0,1
MNE,2021,1,,0.0,43.0,1
MNE,2022,1,,0.0,43.0,1
MNE,2023,1,,10.061916,43.0,1
MNE,2024,1,25.7976,13.80456606,43.0,1
MNE,2025,1,25.8912,,43.0,1
MRT,2025,0,,,,0
MYS,2025,0,,,,0
NLD,2005,1,19.04973,,45.0,1
NLD,2006,1,32.353992,,45.0,1
NLD,2007,1,1.251892,,45.0,1
NLD,2008,1,34.48332,,45.0,1
NLD,2009,1,15.550804,,45.0,1
NLD,2010,1,17.265976,,45.0,1
NLD,2011,1,23.75688,,45.0,1
NLD,2012,1,9.322488,,45.0,1
NLD,2013,1,6.04396,,45.0,1
NLD,2014,1,6.7571,,45.0,1
NLD,2015,1,7.689825,,45.0,1
NLD,2016,1,5.921776,,45.0,1
NLD,2017,1,5.644848,,45.0,1
NLD,2018,1,16.26372,,45.0,1
NLD,2019,1,24.505716,,45.0,1
NLD,2020,1,18.53652,,45.0,1
NLD,2021,1,42.508774,0.0,45.0,1
NLD,2022,1,66.334104,,45.0,1
NLD,2023,1,78.5664375,0.0,45.0,1
NLD,2024,1,66.3911985,0.0,45.0,1
NLD,2025,1,82.598322,,45.0,1
NOR,1994,1,99.30826656,365.0510386,65.0,1
NOR,1995,1,115.8107562,414.6479786,65.0,1
NOR,1996,1,112.632234,428.9342055,65.0,1
NOR,1997,1,109.5952706,415.1998908,65.0,1
NOR,1998,1,94.70168315,420.970266,65.0,1
NOR,1999,1,93.79296167,876.4201841,65.0,1
NOR,2000,1,85.39033896,766.5814391,65.0,1
NOR,2001,1,58.97506166,691.4979409,65.0,1
NOR,2002,1,61.07510311,877.9131179,65.0,1
NOR,2003,1,74.20946308,968.4590802,65.0,1
NOR,2004,1,79.23584659,1043.822978,65.0,1
NOR,2005,1,53.011376274999996,1135.39462,65.0,1
NOR,2006,1,57.57464127,1273.548635,65.0,1
NOR,2007,1,45.571240685,1360.741268,65.0,1
NOR,2008,1,69.7200769,1594.434262,65.0,1
NOR,2009,1,48.251273015,1080.118042,65.0,1
NOR,2010,1,53.931018955,1076.189892,65.0,1
NOR,2011,1,61.51791969,1347.616656,65.0,1
NOR,2012,1,52.96363452999999,1174.101248,65.0,1
NOR,2013,1,50.313246135,1371.131468,65.0,1
NOR,2014,1,49.64147764,1634.682456,65.0,1
NOR,2015,1,38.002905595,1402.437476,65.0,1
NOR,2016,1,35.900240839999995,1527.102446,65.0,1
NOR,2017,1,36.230775505,1532.252295,65.0,1
NOR,2018,1,48.1200307,1728.072756,65.0,1
NOR,2019,1,48.33437074,1659.323146,65.0,1
NOR,2020,1,40.90645876,1558.32545,65.0,1
NOR,2021,1,65.066198355,1746.083475,65.0,1
NOR,2022,1,91.41586196,1897.208951,65.0,1
NOR,2023,1,95.394509755,1466.781788,65.0,1
NOR,2024,1,84.54254925000001,1605.429133,65.0,1
NOR,2025,1,102.14530525,,65.0,1
NZL,2008,1,0.0,,44.0,1
NZL,2009,1,0.0,0.0,44.0,1
NZL,2010,1,12.43725,0.0,44.0,1
NZL,2011,1,15.37018,1.341760325,44.0,1
NZL,2012,1,5.7211,1.446852375,44.0,1
NZL,2013,1,1.6738,3.866e-05,44.0,1
NZL,2014,1,2.68894,0.0004599,44.0,1
NZL,2015,1,4.93152,0.000305505,44.0,1
NZL,2016,1,0.0,0.00028512,44.0,1
NZL,2017,1,12.51389,0.0703296,44.0,1
NZL,2018,1,15.090285,0.769266068,44.0,1
NZL,2019,1,17.53254,281.6064631,44.0,1
NZL,2020,1,14.304,149.2341828,44.0,1
NZL,2021,1,25.75989,1664.77979,44.0,1
NZL,2022,1,52.6224,1280.882844,44.0,1
NZL,2023,1,34.19875,21.09215396,44.0,1
NZL,2024,1,35.105,293.3856903,44.0,1
NZL,2025,1,32.007124,,44.0,1
PAK,2025,0,,,,0
PHL,2025,0,,,,0
POL,1990,1,,1.052631579,40.0,1
POL,1991,1,,0.943396226,40.0,1
POL,1992,1,,0.735294118,40.0,1
POL,1993,1,,0.552486188,40.0,1
POL,1994,1,0.044052863,,40.0,1
POL,1995,1,0.055319149,,40.0,1
POL,1996,1,0.058072009,,40.0,1
POL,1998,1,0.043465662,,40.0,1
POL,1999,1,0.041870202,,40.0,1
POL,2000,1,0.041870202,,40.0,1
POL,2001,1,0.036869531,,40.0,1
POL,2002,1,0.036677507,,40.0,1
POL,2003,1,0.051726686,,40.0,1
POL,2004,1,0.057074664,,40.0,1
POL,2005,1,9.5590137645,,40.0,1
POL,2006,1,16.210928813,,40.0,1
POL,2007,1,0.6658529995,,40.0,1
POL,2008,1,17.293194842,,40.0,1
POL,2009,1,7.813191467499999,,40.0,1
POL,2010,1,8.676961827,,40.0,1
POL,2011,1,11.9242339975,,40.0,1
POL,2012,1,4.7048064394999995,,40.0,1
POL,2013,1,3.0648026225000002,,40.0,1
POL,2014,1,3.4247089185000004,,40.0,1
POL,2015,1,3.883631825,,40.0,1
POL,2016,1,2.9998738305000003,1.144627096,40.0,1
POL,2017,1,2.8591748774999997,1.25189645,40.0,1
POL,2018,1,8.174562394499999,,40.0,1
POL,2019,1,12.292056260999999,,40.0,1
POL,2020,1,9.304230267,,40.0,1
POL,2021,1,24.929086163999997,,40.0,1
POL,2022,1,43.30116920299999,6.623094432,40.0,1
POL,2023,1,96.298125,1.257744445,40.0,1
POL,2024,1,30.6932639395,6.864587248,40.0,1
POL,2025,1,35.23421349,,40.0,1
PRT,2005,1,19.04973,,40.0,1
PRT,2006,1,32.353992,,40.0,1
PRT,2007,1,1.251892,,40.0,1
PRT,2008,1,34.48332,,40.0,1
PRT,2009,1,15.550804,,40.0,1
PRT,2010,1,17.265976,,40.0,1
PRT,2011,1,23.75688,,40.0,1
PRT,2012,1,9.322488,,40.0,1
PRT,2013,1,6.04396,,40.0,1
PRT,2014,1,6.7571,,40.0,1
PRT,2015,1,7.689825,93.24,40.0,1
PRT,2016,1,5.921776,138.6187181,40.0,1
PRT,2017,1,5.644848,157.30354,40.0,1
PRT,2018,1,16.26372,160.8804,40.0,1
PRT,2019,1,19.337731554999998,291.2832683,40.0,1
PRT,2020,1,16.16396819,263.2,40.0,1
PRT,2021,1,38.796710675,356.04464,40.0,1
PRT,2022,1,56.348314015,467.2485,40.0,1
PRT,2023,1,61.024759445,,40.0,1
PRT,2024,1,43.37728996,1270.231838,40.0,1
PRT,2025,1,71.535228,,40.0,1
PRY,2025,0,,,,0
ROU,2005,1,19.04973,,40.0,1
ROU,2006,1,32.353992,,40.0,1
ROU,2007,1,1.251892,,40.0,1
ROU,2008,1,34.48332,,40.0,1
ROU,2009,1,15.550804,,40.0,1
ROU,2010,1,17.265976,,40.0,1
ROU,2011,1,23.75688,,40.0,1
ROU,2012,1,9.322488,,40.0,1
ROU,2013,1,6.04396,,40.0,1
ROU,2014,1,6.7571,,40.0,1
ROU,2015,1,7.689825,,40.0,1
ROU,2016,1,5.921776,,40.0,1
ROU,2017,1,5.644848,,40.0,1
ROU,2018,1,16.26372,,40.0,1
ROU,2019,1,24.505716,,40.0,1
ROU,2020,1,18.53652,,40.0,1
ROU,2021,1,49.779548,,40.0,1
ROU,2022,1,86.526108,,40.0,1
ROU,2023,1,96.298125,,40.0,1
ROU,2024,1,61.301547,,40.0,1
ROU,2025,1,70.370124,,40.0,1
SEN,2025,0,,,,0
SGP,2019,1,3.693853428,0.0,71.0,1
SGP,2020,1,3.51024993,138.7473994,71.0,1
SGP,2021,1,3.713606655,154.147664,71.0,1
SGP,2022,1,3.6856848,142.0877306,71.0,1
SGP,2023,1,3.767897513,158.7593125,71.0,1
SGP,2024,1,18.47882327,150.2729821,71.0,1
SGP,2025,1,18.61920012,,71.0,1
SVK,2005,1,19.04973,,40.0,1
SVK,2006,1,32.353992,,40.0,1
SVK,2007,1,1.251892,,40.0,1
SVK,2008,1,34.48332,,40.0,1
SVK,2009,1,15.550804,,40.0,1
SVK,2010,1,17.265976,,40.0,1
SVK,2011,1,23.75688,,40.0,1
SVK,2012,1,9.322488,,40.0,1
SVK,2013,1,6.04396,,40.0,1
SVK,2014,1,6.7571,,40.0,1
SVK,2015,1,7.689825,,40.0,1
SVK,2016,1,5.921776,,40.0,1
SVK,2017,1,5.644848,,40.0,1
SVK,2018,1,16.26372,,40.0,1
SVK,2019,1,24.505716,,40.0,1
SVK,2020,1,18.53652,,40.0,1
SVK,2021,1,49.779548,,40.0,1
SVK,2022,1,86.526108,,40.0,1
SVK,2023,1,96.298125,,40.0,1
SVK,2024,1,61.301547,,40.0,1
SVK,2025,1,70.370124,,40.0,1
SVN,1999,1,0.0,0.0,46.0,1
SVN,2000,1,0.0,29.6236,46.0,1
SVN,2001,1,0.0,26.288,46.0,1
SVN,2002,1,0.0,32.7129,46.0,1
SVN,2003,1,0.0,56.5607,46.0,1
SVN,2004,1,0.0,70.5744,46.0,1
SVN,2005,1,9.524865,58.0176,46.0,1
SVN,2006,1,16.176996,45.7668,46.0,1
SVN,2007,1,8.949696000000001,39.1645,46.0,1
SVN,2008,1,27.029159999999997,50.48,46.0,1
SVN,2009,1,16.054152000000002,45.1072,46.0,1
SVN,2010,1,17.050488,40.6824,46.0,1
SVN,2011,1,20.716565,44.9128,46.0,1
SVN,2012,1,14.277564,71.763,46.0,1
SVN,2013,1,12.241579999999999,140.7996,46.0,1
SVN,2014,1,13.307350000000001,147.8304,46.0,1
SVN,2015,1,13.1372325,139.86,46.0,1
SVN,2016,1,12.849568000000001,82.34181269,46.0,1
SVN,2017,1,12.070139,84.39019007,46.0,1
SVN,2018,1,18.789524999999998,86.20932666,46.0,1
SVN,2019,1,21.971998,83.92431362,46.0,1
SVN,2020,1,18.727899999999998,140.448,46.0,1
SVN,2021,1,35.050064,156.1171132,46.0,1
SVN,2022,1,52.82303399999999,80.2902225,46.0,1
SVN,2023,1,48.1490625,90.5322522,46.0,1
SVN,2024,1,39.9486585,172.9945,46.0,1
SVN,2025,1,51.825552,,46.0,1
SWE,1991,1,,1397.531435,40.0,1
SWE,1992,1,,1578.152357,40.0,1
SWE,1993,1,,1366.283545,40.0,1
SWE,1994,1,43.43382729,1411.995671,40.0,1
SWE,1995,1,46.11732791,1570.200179,40.0,1
SWE,1996,1,55.64830273,2058.570977,40.0,1
SWE,1997,1,49.12047793,1613.590853,40.0,1
SWE,1998,1,46.27603027,1623.377438,40.0,1
SWE,1999,1,44.61863129,1510.438909,40.0,1
SWE,2000,1,42.67589389,1369.304965,40.0,1
SWE,2001,1,51.02286402,1564.130936,40.0,1
SWE,2002,1,60.94316808,2182.854013,40.0,1
SWE,2003,1,89.64907107,2977.555486,40.0,1
SWE,2004,1,120.5298013,3501.821795,40.0,1
SWE,2005,1,73.9268466,3251.830627,40.0,1
SWE,2006,1,75.5701529,3410.61337,40.0,1
SWE,2007,1,67.05451745,3654.836364,40.0,1
SWE,2008,1,101.65453085,4260.73951,40.0,1
SWE,2009,1,71.06654125,3417.240249,40.0,1
SWE,2010,1,81.3728564,3494.279322,40.0,1
SWE,2011,1,94.91521345,4024.589514,40.0,1
SWE,2012,1,86.22115275,3625.201057,40.0,1
SWE,2013,1,85.8923646,3604.848267,40.0,1
SWE,2014,1,87.08909755,3491.239358,40.0,1
SWE,2015,1,68.75062535,2963.37336,40.0,1
SWE,2016,1,71.87548315,2695.653082,40.0,1
SWE,2017,1,66.06822065,2793.39249,40.0,1
SWE,2018,1,78.7093996,2656.279646,40.0,1
SWE,2019,1,76.02009675,2477.778243,40.0,1
SWE,2020,1,68.98443255000001,2143.531836,40.0,1
SWE,2021,1,92.93954755,2487.789747,40.0,1
SWE,2022,1,108.20710629999999,2137.894174,40.0,1
SWE,2023,1,110.9273393,2073.560718,40.0,1
SWE,2024,1,92.4988115,2306.382062,40.0,1
SWE,2025,1,107.49741145,,40.0,1
THA,2025,0,,,,0
TUR,2025,0,,,,0
TWN,2025,1,,,54.0,1
UKR,2016,1,0.012692308,3.538958134,32.0,1
UKR,2017,1,0.013668267,3.808750893,32.0,1
UKR,2018,1,0.015442561,,32.0,1
UKR,2019,1,0.368369447,,32.0,1
UKR,2020,1,0.384615385,32.18362357,32.0,1
UKR,2021,1,0.35942004,43.46708291,32.0,1
UKR,2022,1,1.025469238,112.8016161,32.0,1
UKR,2023,1,0.820375951,85.93438086,32.0,1
UKR,2024,1,0.767756283,79.70417674,32.0,1
UKR,2025,1,0.730410393,,32.0,1
URY,2022,1,137.2954109,262.3451383,5.0,1
URY,2023,1,155.8683502,283.709367,5.0,1
URY,2024,1,167.1738104,301.7463212,5.0,1
URY,2025,1,158.7647421,,5.0,1
VNM,2025,0,,,,0
ZAF,2019,1,,0.0,82.0,1
ZAF,2020,1,7.059869921,36.72561145,82.0,1
ZAF,2021,1,9.150942752,96.77417774,82.0,1
ZAF,2022,1,9.83519223,102.8874269,82.0,1
ZAF,2023,1,8.925614268,119.8497123,82.0,1
ZAF,2024,1,10.08578223,92.17822214,82.0,1
ZAF,2025,1,12.84892173,,82.0,1
