source_id,last_attempted_date,last_successful_download_date,data_as_of_date,local_filename,latest_available_version,no_update_reason,notes
WGI,2026-05-20,2026-05-20,2026-03,wgi_clean.csv,2024,,"6 indicators, .EST (estimate) format. Source 3 in wbgapi. Annual from 2003, biennial 1996-2002."
VDEM,2026-05-19,2026-05-21,2026-05,vdem_full_v16.csv,v16,,Full+Others CSV. Extracted from ZIP. Manual download via email form required annually.
WJP,2026-05-21,2026-05-21,2025,wjp_clean.csv,2025,,Historical Data sheet. Factors 2-8 plus sub-indicator 6.5. Automated download from worldjusticeproject.org. 2017 edition not published.
FH_FIW,2026-05-21,2026-05-21,2025,fh_fiw_clean.csv,2025,,"Sub-categories A, D, E, G plus sub-questions. Countries only (territories excluded). Auto-detected URL: https://freedomhouse.org/sites/default/files/2025-02/All_data_FIW_2013-2024.xlsx"
FSI,2026-05-21,2026-05-21,2023,fsi_clean.csv,2023,,"Indicators C1, C2, C3, P2. All years scraped and stacked automatically. Latest on page: 2023. 2024/2025 not yet available."
TI_CPI,2026-05-21,2026-05-21,2024,ti_cpi_clean.csv,2024,,Downloaded from Our World in Data (OWID) historical panel. Source: TI CPI via OWID API. Covers 2012-present. TI direct files are password protected.
IMF_SPI,2026-05-31,2026-05-31,2026-04,spi_clean.csv,2024,,6 SPI indicators — overall score plus 5 pillars. Full coverage from 2016; partial from 2004. 221 countries.
UCDP,2026-06-01,2026-06-01,2024,ucdp_clean.csv,25.1,,"Country-year organized violence dataset. 16 indicators across state-based, non-state, and one-sided violence. Auto-detects latest version. Coverage: 1989-2024, 199 countries."
WB_WDI,2026-05-29,2026-06-01,2026-04,wdi_clean.csv,2025,,32 service delivery indicators. Fetched one at a time to avoid API timeout. 266 economies including aggregates.
